{"resourceType":"CodeSystem","id":"shr-encounter-ReferralSourceTypeCS","meta":{"profile":["http://hl7.org/fhir/StructureDefinition/codesystem-shareable-definition"]},"text":{"status":"generated","div":"<div xmlns=\"http://www.w3.org/1999/xhtml\">\n<p><b>SHR ReferralSourceTypeCS CodeSystem</b></p>\n<p/>\n</div>"},"url":"http://standardhealthrecord.org/shr/encounter/cs/ReferralSourceTypeCS","identifier":{"system":"http://standardhealthrecord.org","value":"shr.encounter.ReferralSourceTypeCS"},"version":"0.0.1","name":"SHR ReferralSourceTypeCS CodeSystem","title":"SHR ReferralSourceTypeCS CodeSystem","status":"draft","date":"2017-08-01T03:41:40.604Z","publisher":"The MITRE Corporation: Standard Health Record Collaborative","contact":[{"telecom":[{"system":"url","value":"http://www.standardhealthrecord.org"}]}],"caseSensitive":true,"content":"complete","count":9,"concept":[{"code":"self","display":"Self, or personal associated, such as family or friend","definition":"Self, or personal associated, such as family or friend"},{"code":"pcp","display":"General Practitioner or Primary Care Physician","definition":"General Practitioner or Primary Care Physician"},{"code":"specialist","display":"Provider other than Primary Care Physician","definition":"Provider other than Primary Care Physician"},{"code":"fed","display":"Federal agency","definition":"Federal agency"},{"code":"cps","display":"Child Protective Service","definition":"Child Protective Service"},{"code":"court","display":"Criminal justice","definition":"Criminal justice"},{"code":"comm","display":"Community agency","definition":"Community agency"},{"code":"hp","display":"Health Plan","definition":"Health Plan"},{"code":"employer","display":"Employer","definition":"Employer"}]}