{"resourceType":"CodeSystem","id":"shr-device-RespiratoryAssistDeviceCS","meta":{"profile":["http://hl7.org/fhir/StructureDefinition/codesystem-shareable-definition"]},"text":{"status":"generated","div":"<div xmlns=\"http://www.w3.org/1999/xhtml\">\n<p><b>SHR RespiratoryAssistDeviceCS CodeSystem</b></p>\n<p/>\n</div>"},"url":"http://standardhealthrecord.org/shr/device/cs/RespiratoryAssistDeviceCS","identifier":{"system":"http://standardhealthrecord.org","value":"shr.device.RespiratoryAssistDeviceCS"},"version":"0.0.1","name":"SHR RespiratoryAssistDeviceCS CodeSystem","title":"SHR RespiratoryAssistDeviceCS CodeSystem","status":"draft","date":"2017-08-01T01:59:59.883Z","publisher":"The MITRE Corporation: Standard Health Record Collaborative","contact":[{"telecom":[{"system":"url","value":"http://www.standardhealthrecord.org"}]}],"caseSensitive":true,"content":"complete","count":5,"concept":[{"code":"apnea","display":"Apnea monitor","definition":"Apnea monitor"},{"code":"vent","display":"Ventilator","definition":"Ventilator"},{"code":"mand_vent","display":"Intermittent mandatory ventilator","definition":"Intermittent mandatory ventilator"},{"code":"neonat_vent","display":"Neonatal ventilator","definition":"Neonatal ventilator"},{"code":"vent_synch","display":"Synchronized intermittent mandatory ventilator","definition":"Synchronized intermittent mandatory ventilator"}]}