{"resourceType":"StructureDefinition","id":"shr-core-SpecificType-extension","text":{"status":"generated","div":"<div xmlns=\"http://www.w3.org/1999/xhtml\">\n  <p><b>SHR SpecificType Extension</b></p>\n  <p>A code or description representing the concept represented by the instance at a specific level. For example, for a Condition, the concept is MTH#C0348080 (Condition) but the Value is the SpecificType, i.e. MTH#C0011849 (Diabetes Mellitus). For an observation, the SpecificType defines what is being observed, measured, or asked, as specifically as possible. The SpecificType should always align with the concept of the element, for example, a blood pressure observation can be coded as a sitting blood pressure or standing blood pressure, and may be from a different code system (e.g. LOINC versus MTH). In other cases, the SpecificType is the specific question being asked, or the specific goal being pursued.</p>\n</div>"},"url":"http://standardhealthrecord.org/fhir/StructureDefinition/shr-core-SpecificType-extension","identifier":[{"system":"http://standardhealthrecord.org","value":"shr.core.SpecificType"}],"version":"0.0.1","name":"SHR SpecificType Extension","title":"SHR SpecificType Extension","status":"draft","date":"2017-08-01T02:00:02.693Z","publisher":"The MITRE Corporation: Standard Health Record Collaborative","contact":[{"telecom":[{"system":"url","value":"http://www.standardhealthrecord.org"}]}],"description":"A code or description representing the concept represented by the instance at a specific level. For example, for a Condition, the concept is MTH#C0348080 (Condition) but the Value is the SpecificType, i.e. MTH#C0011849 (Diabetes Mellitus). For an observation, the SpecificType defines what is being observed, measured, or asked, as specifically as possible. The SpecificType should always align with the concept of the element, for example, a blood pressure observation can be coded as a sitting blood pressure or standing blood pressure, and may be from a different code system (e.g. LOINC versus MTH). In other cases, the SpecificType is the specific question being asked, or the specific goal being pursued.","fhirVersion":"3.0.1","kind":"complex-type","abstract":false,"contextType":"resource","context":["*"],"type":"Extension","baseDefinition":"http://hl7.org/fhir/StructureDefinition/Extension","derivation":"constraint","snapshot":{"element":[{"id":"Extension:specifictype","path":"Extension","short":"SHR SpecificType Extension","definition":"A code or description representing the concept represented by the instance at a specific level. For example, for a Condition, the concept is MTH#C0348080 (Condition) but the Value is the SpecificType, i.e. MTH#C0011849 (Diabetes Mellitus). For an observation, the SpecificType defines what is being observed, measured, or asked, as specifically as possible. The SpecificType should always align with the concept of the element, for example, a blood pressure observation can be coded as a sitting blood pressure or standing blood pressure, and may be from a different code system (e.g. LOINC versus MTH). In other cases, the SpecificType is the specific question being asked, or the specific goal being pursued.","min":0,"max":"*","base":{"path":"Extension","min":0,"max":"1"},"condition":["ele-1"],"constraint":[{"key":"ele-1","severity":"error","human":"All FHIR elements must have a @value or children","expression":"children().count() > id.count()","xpath":"@value|f:*|h:div","source":"Element"},{"key":"ext-1","severity":"error","human":"Must have either extensions or value[x], not both","expression":"extension.exists() != value.exists()","xpath":"exists(f:extension)!=exists(f:*[starts-with(local-name(.), 'value')])","source":"Extension"}]},{"id":"Extension:specifictype.id","path":"Extension.id","representation":["xmlAttr"],"short":"xml:id (or equivalent in JSON)","definition":"unique id for the element within a resource (for internal references). This may be any string value that does not contain spaces.","min":0,"max":"1","base":{"path":"Element.id","min":0,"max":"1"},"type":[{"code":"string"}],"mapping":[{"identity":"rim","map":"N/A"}]},{"id":"Extension:specifictype.extension:extension","path":"Extension.extension","sliceName":"extension","short":"Extension","definition":"An Extension","min":0,"max":"0","base":{"path":"Element.extension","min":0,"max":"*"},"type":[{"code":"Extension"}]},{"id":"Extension:specifictype.url","path":"Extension.url","representation":["xmlAttr"],"short":"identifies the meaning of the extension","definition":"Source of the definition for the extension code - a logical name or a URL.","min":1,"max":"1","base":{"path":"Extension.url","min":1,"max":"1"},"type":[{"code":"uri"}],"fixedUri":"http://standardhealthrecord.org/fhir/StructureDefinition/shr-core-SpecificType-extension","mapping":[{"identity":"rim","map":"N/A"}]},{"id":"Extension:specifictype.valueCodeableConcept","path":"Extension.valueCodeableConcept","short":"Value of extension","definition":"Value of extension - may be a resource or one of a constrained set of the data types (see Extensibility in the spec for list).","min":1,"max":"1","base":{"path":"Extension.value[x]","min":0,"max":"1"},"type":[{"code":"CodeableConcept","profile":"http://standardhealthrecord.org/fhir/StructureDefinition/shr-core-CodeableConcept"}],"binding":{"strength":"preferred","valueSetReference":{"reference":"http://standardhealthrecord.org/shr/core/vs/SpecificTypeVS"}},"mapping":[{"identity":"rim","map":"N/A"}]}]},"differential":{"element":[{"id":"Extension:specifictype","path":"Extension","short":"SHR SpecificType Extension","definition":"A code or description representing the concept represented by the instance at a specific level. For example, for a Condition, the concept is MTH#C0348080 (Condition) but the Value is the SpecificType, i.e. MTH#C0011849 (Diabetes Mellitus). For an observation, the SpecificType defines what is being observed, measured, or asked, as specifically as possible. The SpecificType should always align with the concept of the element, for example, a blood pressure observation can be coded as a sitting blood pressure or standing blood pressure, and may be from a different code system (e.g. LOINC versus MTH). In other cases, the SpecificType is the specific question being asked, or the specific goal being pursued.","min":0,"max":"*"},{"id":"Extension:specifictype.extension:extension","path":"Extension.extension","sliceName":"extension","max":"0"},{"id":"Extension:specifictype.url","path":"Extension.url","type":[{"code":"uri"}],"fixedUri":"http://standardhealthrecord.org/fhir/StructureDefinition/shr-core-SpecificType-extension"},{"id":"Extension:specifictype.valueCodeableConcept","path":"Extension.valueCodeableConcept","min":1,"type":[{"code":"CodeableConcept","profile":"http://standardhealthrecord.org/fhir/StructureDefinition/shr-core-CodeableConcept"}],"binding":{"strength":"preferred","valueSetReference":{"reference":"http://standardhealthrecord.org/shr/core/vs/SpecificTypeVS"}}}]}}