{"resourceType":"StructureDefinition","id":"shr-oncology-ReceptorIntensityScore-extension","text":{"status":"generated","div":"<div xmlns=\"http://www.w3.org/1999/xhtml\">\n  <p><b>SHR ReceptorIntensityScore Extension</b></p>\n  <p>Part of the Allred scoring, based on the intensity of that staining, on a scale of 0 to 3.</p>\n</div>"},"url":"http://standardhealthrecord.org/fhir/StructureDefinition/shr-oncology-ReceptorIntensityScore-extension","identifier":[{"system":"http://standardhealthrecord.org","value":"shr.oncology.ReceptorIntensityScore"}],"version":"0.0.1","name":"SHR ReceptorIntensityScore Extension","title":"SHR ReceptorIntensityScore Extension","status":"draft","date":"2017-07-31T16:44:29.613Z","publisher":"The MITRE Corporation: Standard Health Record Collaborative","contact":[{"telecom":[{"system":"url","value":"http://www.standardhealthrecord.org"}]}],"description":"Part of the Allred scoring, based on the intensity of that staining, on a scale of 0 to 3.","fhirVersion":"3.0.0","kind":"complex-type","abstract":false,"contextType":"resource","context":["*"],"type":"Extension","baseDefinition":"http://hl7.org/fhir/StructureDefinition/Extension","derivation":"constraint","snapshot":{"element":[{"id":"Extension:receptorintensityscore","path":"Extension","short":"SHR ReceptorIntensityScore Extension","definition":"Part of the Allred scoring, based on the intensity of that staining, on a scale of 0 to 3.","min":0,"max":"*","base":{"path":"Extension","min":0,"max":"1"},"condition":["ele-1"],"constraint":[{"key":"ele-1","severity":"error","human":"All FHIR elements must have a @value or children","expression":"children().count() > id.count()","xpath":"@value|f:*|h:div","source":"Element"},{"key":"ext-1","severity":"error","human":"Must have either extensions or value[x], not both","expression":"extension.exists() != value.exists()","xpath":"exists(f:extension)!=exists(f:*[starts-with(local-name(.), 'value')])","source":"Extension"}]},{"id":"Extension:receptorintensityscore.id","path":"Extension.id","representation":["xmlAttr"],"short":"xml:id (or equivalent in JSON)","definition":"unique id for the element within a resource (for internal references). This may be any string value that does not contain spaces.","min":0,"max":"1","base":{"path":"Element.id","min":0,"max":"1"},"type":[{"code":"string"}],"mapping":[{"identity":"rim","map":"N/A"}]},{"id":"Extension:receptorintensityscore.extension:extension","path":"Extension.extension","sliceName":"extension","short":"Extension","definition":"An Extension","min":0,"max":"0","base":{"path":"Element.extension","min":0,"max":"*"},"type":[{"code":"Extension"}]},{"id":"Extension:receptorintensityscore.url","path":"Extension.url","representation":["xmlAttr"],"short":"identifies the meaning of the extension","definition":"Source of the definition for the extension code - a logical name or a URL.","min":1,"max":"1","base":{"path":"Extension.url","min":1,"max":"1"},"type":[{"code":"uri"}],"fixedUri":"http://standardhealthrecord.org/fhir/StructureDefinition/shr-oncology-ReceptorIntensityScore-extension","mapping":[{"identity":"rim","map":"N/A"}]},{"id":"Extension:receptorintensityscore.valueReference","path":"Extension.valueReference","short":"Value of extension","definition":"Value of extension - may be a resource or one of a constrained set of the data types (see Extensibility in the spec for list).","min":1,"max":"1","base":{"path":"Extension.value[x]","min":0,"max":"1"},"type":[{"code":"Reference","targetProfile":"http://standardhealthrecord.org/fhir/StructureDefinition/shr-oncology-ReceptorIntensityScore"}],"mapping":[{"identity":"rim","map":"N/A"}]}]},"differential":{"element":[{"id":"Extension:receptorintensityscore","path":"Extension","short":"SHR ReceptorIntensityScore Extension","definition":"Part of the Allred scoring, based on the intensity of that staining, on a scale of 0 to 3.","min":0,"max":"*"},{"id":"Extension:receptorintensityscore.extension:extension","path":"Extension.extension","sliceName":"extension","max":"0"},{"id":"Extension:receptorintensityscore.url","path":"Extension.url","type":[{"code":"uri"}],"fixedUri":"http://standardhealthrecord.org/fhir/StructureDefinition/shr-oncology-ReceptorIntensityScore-extension"},{"id":"Extension:receptorintensityscore.valueReference","path":"Extension.valueReference","min":1,"type":[{"code":"Reference","targetProfile":"http://standardhealthrecord.org/fhir/StructureDefinition/shr-oncology-ReceptorIntensityScore"}]}]}}