{"resourceType":"StructureDefinition","id":"shr-allergy-NoKnownAllergy","text":{"status":"generated","div":"<div xmlns=\"http://www.w3.org/1999/xhtml\">\n  <p><b>SHR NoKnownAllergy Profile</b></p>\n  <p>The subject has no known allergies to drugs, foods, biologics, or environmental factors.</p>\n  <p><b>SHR Mapping Summary</b></p>\n  <p><pre>shr.allergy.NoKnownAllergy maps to AllergyIntolerance:\n  Entry.Informant maps to asserter\n  Entry.Author maps to recorder\n  Entry.OriginalCreationDate maps to assertedDate\n  AllergenIrritant maps to code\n  AdverseReactionType maps to type\n  Criticality maps to criticality\n  SubstanceCategory maps to category\n  AllergyVerificationStatus maps to verificationStatus\n  Onset maps to onset[x]\n  MostRecentOccurrence maps to lastOccurrence\n</pre></p>\n</div>"},"url":"http://standardhealthrecord.org/fhir/StructureDefinition/shr-allergy-NoKnownAllergy","identifier":[{"system":"http://standardhealthrecord.org","value":"shr.allergy.NoKnownAllergy"}],"version":"0.0.1","name":"SHR NoKnownAllergy Profile","status":"draft","date":"2017-08-01T03:41:41.376Z","publisher":"The MITRE Corporation: Standard Health Record Collaborative","contact":[{"telecom":[{"system":"url","value":"http://www.standardhealthrecord.org"}]}],"description":"The subject has no known allergies to drugs, foods, biologics, or environmental factors.","purpose":"To record a clinical assessment of a propensity, or potential risk to an individual, of an adverse reaction upon future exposure to the specified substance, or class of substance.","fhirVersion":"3.0.1","mapping":[{"identity":"rim","uri":"http://hl7.org/v3","name":"RIM Mapping"},{"identity":"w5","uri":"http://hl7.org/fhir/w5","name":"W5 Mapping"},{"identity":"v2","uri":"http://hl7.org/v2","name":"HL7 v2 Mapping"}],"kind":"resource","abstract":false,"type":"AllergyIntolerance","baseDefinition":"http://hl7.org/fhir/StructureDefinition/AllergyIntolerance","derivation":"constraint","snapshot":{"element":[{"id":"AllergyIntolerance:shr-allergy-NoKnownAllergy","path":"AllergyIntolerance","short":"SHR NoKnownAllergy Profile","definition":"The subject has no known allergies to drugs, foods, biologics, or environmental factors.","comment":"Substances include, but are not limited to: a therapeutic substance administered correctly at an appropriate dosage for the individual; food; material derived from plants or animals; or venom from insect stings.","alias":["Allergy","Intolerance","Adverse Reaction"],"min":0,"max":"*","constraint":[{"key":"dom-2","severity":"error","human":"If the resource is contained in another resource, it SHALL NOT contain nested Resources","expression":"contained.contained.empty()","xpath":"not(parent::f:contained and f:contained)","source":"DomainResource"},{"key":"dom-1","severity":"error","human":"If the resource is contained in another resource, it SHALL NOT contain any narrative","expression":"contained.text.empty()","xpath":"not(parent::f:contained and f:text)","source":"DomainResource"},{"key":"dom-4","severity":"error","human":"If a resource is contained in another resource, it SHALL NOT have a meta.versionId or a meta.lastUpdated","expression":"contained.meta.versionId.empty() and contained.meta.lastUpdated.empty()","xpath":"not(exists(f:contained/*/f:meta/f:versionId)) and not(exists(f:contained/*/f:meta/f:lastUpdated))","source":"DomainResource"},{"key":"dom-3","severity":"error","human":"If the resource is contained in another resource, it SHALL be referred to from elsewhere in the resource","expression":"contained.where(('#'+id in %resource.descendants().reference).not()).empty()","xpath":"not(exists(for $id in f:contained/*/@id return $id[not(ancestor::f:contained/parent::*/descendant::f:reference/@value=concat('#', $id))]))","source":"DomainResource"},{"key":"ait-1","severity":"error","human":"AllergyIntolerance.clinicalStatus SHALL be present if verificationStatus is not entered-in-error.","expression":"verificationStatus='entered-in-error' or clinicalStatus.exists()","xpath":"f:verificationStatus/@value='entered-in-error' or exists(f:clinicalStatus)"},{"key":"ait-2","severity":"error","human":"AllergyIntolerance.clinicalStatus SHALL NOT be present if verification Status is entered-in-error","expression":"verificationStatus!='entered-in-error' or clinicalStatus.empty()","xpath":"f:verificationStatus/@value!='entered-in-error' or not(exists(f:clinicalStatus))"}],"mapping":[{"identity":"rim","map":"Entity. Role, or Act"},{"identity":"rim","map":"Observation[classCode=OBS, moodCode=EVN]"},{"identity":"w5","map":"clinical.general"}]},{"id":"AllergyIntolerance:shr-allergy-NoKnownAllergy.id","path":"AllergyIntolerance.id","short":"Logical id of this artifact","definition":"The logical id of the resource, as used in the URL for the resource. Once assigned, this value never changes.","comment":"The only time that a resource does not have an id is when it is being submitted to the server using a create operation.","min":0,"max":"1","base":{"path":"Resource.id","min":0,"max":"1"},"type":[{"code":"id"}],"isSummary":true},{"id":"AllergyIntolerance:shr-allergy-NoKnownAllergy.meta","path":"AllergyIntolerance.meta","short":"Metadata about the resource","definition":"The metadata about the resource. This is content that is maintained by the infrastructure. Changes to the content may not always be associated with version changes to the resource.","min":0,"max":"1","base":{"path":"Resource.meta","min":0,"max":"1"},"type":[{"code":"Meta"}],"isSummary":true},{"id":"AllergyIntolerance:shr-allergy-NoKnownAllergy.implicitRules","path":"AllergyIntolerance.implicitRules","short":"A set of rules under which this content was created","definition":"A reference to a set of rules that were followed when the resource was constructed, and which must be understood when processing the content.","comment":"Asserting this rule set restricts the content to be only understood by a limited set of trading partners. This inherently limits the usefulness of the data in the long term. However, the existing health eco-system is highly fractured, and not yet ready to define, collect, and exchange data in a generally computable sense. Wherever possible, implementers and/or specification writers should avoid using this element. \n\nThis element is labelled as a modifier because the implicit rules may provide additional knowledge about the resource that modifies it's meaning or interpretation.","min":0,"max":"1","base":{"path":"Resource.implicitRules","min":0,"max":"1"},"type":[{"code":"uri"}],"isModifier":true,"isSummary":true},{"id":"AllergyIntolerance:shr-allergy-NoKnownAllergy.language","path":"AllergyIntolerance.language","short":"Language of the resource content","definition":"The base language in which the resource is written.","comment":"Language is provided to support indexing and accessibility (typically, services such as text to speech use the language tag). The html language tag in the narrative applies  to the narrative. The language tag on the resource may be used to specify the language of other presentations generated from the data in the resource  Not all the content has to be in the base language. The Resource.language should not be assumed to apply to the narrative automatically. If a language is specified, it should it also be specified on the div element in the html (see rules in HTML5 for information about the relationship between xml:lang and the html lang attribute).","min":0,"max":"1","base":{"path":"Resource.language","min":0,"max":"1"},"type":[{"code":"code"}],"binding":{"extension":[{"url":"http://hl7.org/fhir/StructureDefinition/elementdefinition-maxValueSet","valueReference":{"reference":"http://hl7.org/fhir/ValueSet/all-languages"}},{"url":"http://hl7.org/fhir/StructureDefinition/elementdefinition-bindingName","valueString":"Language"},{"url":"http://hl7.org/fhir/StructureDefinition/elementdefinition-isCommonBinding","valueBoolean":true}],"strength":"extensible","description":"A human language.","valueSetReference":{"reference":"http://hl7.org/fhir/ValueSet/languages"}}},{"id":"AllergyIntolerance:shr-allergy-NoKnownAllergy.text","path":"AllergyIntolerance.text","short":"Text summary of the resource, for human interpretation","definition":"A human-readable narrative that contains a summary of the resource, and may be used to represent the content of the resource to a human. The narrative need not encode all the structured data, but is required to contain sufficient detail to make it \"clinically safe\" for a human to just read the narrative. Resource definitions may define what content should be represented in the narrative to ensure clinical safety.","comment":"Contained resources do not have narrative. Resources that are not contained SHOULD have a narrative. In some cases, a resource may only have text with little or no additional discrete data (as long as all minOccurs=1 elements are satisfied).  This may be necessary for data from legacy systems where information is captured as a \"text blob\" or where text is additionally entered raw or narrated and encoded in formation is added later.","alias":["narrative","html","xhtml","display"],"min":0,"max":"1","base":{"path":"DomainResource.text","min":0,"max":"1"},"type":[{"code":"Narrative"}],"condition":["dom-1"],"mapping":[{"identity":"rim","map":"Act.text?"}]},{"id":"AllergyIntolerance:shr-allergy-NoKnownAllergy.contained","path":"AllergyIntolerance.contained","short":"Contained, inline Resources","definition":"These resources do not have an independent existence apart from the resource that contains them - they cannot be identified independently, and nor can they have their own independent transaction scope.","comment":"This should never be done when the content can be identified properly, as once identification is lost, it is extremely difficult (and context dependent) to restore it again.","alias":["inline resources","anonymous resources","contained resources"],"min":0,"max":"*","base":{"path":"DomainResource.contained","min":0,"max":"*"},"type":[{"code":"Resource"}],"mapping":[{"identity":"rim","map":"N/A"}]},{"id":"AllergyIntolerance:shr-allergy-NoKnownAllergy.extension","path":"AllergyIntolerance.extension","slicing":{"id":"31","discriminator":[{"type":"value","path":"url"}],"ordered":false,"rules":"open"},"short":"Additional Content defined by implementations","definition":"May be used to represent additional information that is not part of the basic definition of the resource. In order to make the use of extensions safe and manageable, there is a strict set of governance  applied to the definition and use of extensions. Though any implementer is allowed to define an extension, there is a set of requirements that SHALL be met as part of the definition of the extension.","comment":"There can be no stigma associated with the use of extensions by any application, project, or standard - regardless of the institution or jurisdiction that uses or defines the extensions.  The use of extensions is what allows the FHIR specification to retain a core level of simplicity for everyone.","alias":["extensions","user content"],"min":0,"max":"*","base":{"path":"DomainResource.extension","min":0,"max":"*"},"type":[{"code":"Extension"}],"mapping":[{"identity":"rim","map":"N/A"}]},{"id":"AllergyIntolerance:shr-allergy-NoKnownAllergy.extension:abatement","path":"AllergyIntolerance.extension","sliceName":"abatement","definition":"The end, remission or resolution.","comment":"There can be no stigma associated with the use of extensions by any application, project, or standard - regardless of the institution or jurisdiction that uses or defines the extensions.  The use of extensions is what allows the FHIR specification to retain a core level of simplicity for everyone.","alias":["extensions","user content"],"min":0,"max":"1","base":{"path":"DomainResource.extension","min":0,"max":"*"},"type":[{"code":"Extension","profile":"http://standardhealthrecord.org/fhir/StructureDefinition/shr-condition-Abatement-extension"}],"mustSupport":false,"isModifier":false,"isSummary":false,"mapping":[{"identity":"rim","map":"N/A"}]},{"id":"AllergyIntolerance:shr-allergy-NoKnownAllergy.modifierExtension","path":"AllergyIntolerance.modifierExtension","slicing":{"id":"32","discriminator":[{"type":"value","path":"url"}],"ordered":false,"rules":"open"},"short":"Extensions that cannot be ignored","definition":"May be used to represent additional information that is not part of the basic definition of the resource, and that modifies the understanding of the element that contains it. Usually modifier elements provide negation or qualification. In order to make the use of extensions safe and manageable, there is a strict set of governance applied to the definition and use of extensions. Though any implementer is allowed to define an extension, there is a set of requirements that SHALL be met as part of the definition of the extension. Applications processing a resource are required to check for modifier extensions.","comment":"There can be no stigma associated with the use of extensions by any application, project, or standard - regardless of the institution or jurisdiction that uses or defines the extensions.  The use of extensions is what allows the FHIR specification to retain a core level of simplicity for everyone.","alias":["extensions","user content"],"min":0,"max":"*","base":{"path":"DomainResource.modifierExtension","min":0,"max":"*"},"type":[{"code":"Extension"}],"isModifier":true,"mapping":[{"identity":"rim","map":"N/A"}]},{"id":"AllergyIntolerance:shr-allergy-NoKnownAllergy.modifierExtension:assertionnegationmodifier","path":"AllergyIntolerance.modifierExtension","sliceName":"assertionnegationmodifier","definition":"When true, this modifier indicates that the associated observation, assessment, or finding is false, the condition is absent. For example, if the assessment is 'allergy to peanuts' and the AssertionNegationModifier is true, it means the subject does not have an allergy to peanuts.","comment":"There can be no stigma associated with the use of extensions by any application, project, or standard - regardless of the institution or jurisdiction that uses or defines the extensions.  The use of extensions is what allows the FHIR specification to retain a core level of simplicity for everyone.","alias":["extensions","user content"],"min":1,"max":"1","base":{"path":"DomainResource.modifierExtension","min":0,"max":"*"},"type":[{"code":"Extension","profile":"http://standardhealthrecord.org/fhir/StructureDefinition/shr-base-AssertionNegationModifier-extension"}],"mustSupport":true,"isModifier":true,"isSummary":false,"mapping":[{"identity":"rim","map":"N/A"}]},{"id":"AllergyIntolerance:shr-allergy-NoKnownAllergy.modifierExtension:assertionnegationmodifier.id","path":"AllergyIntolerance.modifierExtension.id","representation":["xmlAttr"],"short":"xml:id (or equivalent in JSON)","definition":"unique id for the element within a resource (for internal references). This may be any string value that does not contain spaces.","min":0,"max":"1","base":{"path":"Element.id","min":0,"max":"1"},"type":[{"code":"string"}],"mapping":[{"identity":"rim","map":"N/A"}]},{"id":"AllergyIntolerance:shr-allergy-NoKnownAllergy.modifierExtension:assertionnegationmodifier.extension:extension","path":"AllergyIntolerance.modifierExtension.extension","sliceName":"extension","short":"Extension","definition":"An Extension","min":0,"max":"0","base":{"path":"Element.extension","min":0,"max":"*"},"type":[{"code":"Extension"}]},{"id":"AllergyIntolerance:shr-allergy-NoKnownAllergy.modifierExtension:assertionnegationmodifier.url","path":"AllergyIntolerance.modifierExtension.url","representation":["xmlAttr"],"short":"identifies the meaning of the extension","definition":"Source of the definition for the extension code - a logical name or a URL.","min":1,"max":"1","base":{"path":"Extension.url","min":1,"max":"1"},"type":[{"code":"uri"}],"fixedUri":"http://standardhealthrecord.org/fhir/StructureDefinition/shr-base-AssertionNegationModifier-extension","mapping":[{"identity":"rim","map":"N/A"}]},{"id":"AllergyIntolerance:shr-allergy-NoKnownAllergy.modifierExtension:assertionnegationmodifier.valueBoolean","path":"AllergyIntolerance.modifierExtension.valueBoolean","short":"Value of extension","definition":"Value of extension - may be a resource or one of a constrained set of the data types (see Extensibility in the spec for list).","min":1,"max":"1","base":{"path":"Extension.value[x]","min":0,"max":"1"},"type":[{"code":"boolean"}],"fixedBoolean":true,"mapping":[{"identity":"rim","map":"N/A"}]},{"id":"AllergyIntolerance:shr-allergy-NoKnownAllergy.identifier","path":"AllergyIntolerance.identifier","short":"External ids for this item","definition":"This records identifiers associated with this allergy/intolerance concern that are defined by business processes and/or used to refer to it when a direct URL reference to the resource itself is not appropriate (e.g. in CDA documents, or in written / printed documentation).","min":0,"max":"*","type":[{"code":"Identifier"}],"isSummary":true,"mapping":[{"identity":"v2","map":"IAM-7"},{"identity":"rim","map":"id"},{"identity":"w5","map":"id"}]},{"id":"AllergyIntolerance:shr-allergy-NoKnownAllergy.clinicalStatus","path":"AllergyIntolerance.clinicalStatus","short":"active | inactive | resolved","definition":"The clinical status of the allergy or intolerance.","comment":"This element is labeled as a modifier because the status contains the codes inactive and resolved that mark the AllergyIntolerance as not currently valid.","min":0,"max":"1","type":[{"code":"code"}],"condition":["ait-1","ait-2"],"isModifier":true,"isSummary":true,"binding":{"extension":[{"url":"http://hl7.org/fhir/StructureDefinition/elementdefinition-bindingName","valueString":"AllergyIntoleranceClinicalStatus"}],"strength":"required","description":"The clinical status of the allergy or intolerance.","valueSetReference":{"reference":"http://hl7.org/fhir/ValueSet/allergy-clinical-status"}},"mapping":[{"identity":"rim","map":"Observation ACT\n.inboundRelationship[typeCode=COMP].source[classCode=OBS, code=\"clinicalStatus\", moodCode=EVN].value"},{"identity":"w5","map":"status"}]},{"id":"AllergyIntolerance:shr-allergy-NoKnownAllergy.verificationStatus","path":"AllergyIntolerance.verificationStatus","short":"unconfirmed | confirmed | refuted | entered-in-error","definition":"Assertion about certainty associated with the propensity, or potential risk, of a reaction to the identified substance (including pharmaceutical product).","comment":"This element is labeled as a modifier because the status contains the codes refuted and entered-in-error that mark the AllergyIntolerance as not currently valid.","min":1,"max":"1","type":[{"code":"code"}],"fixedCode":"unconfirmed","condition":["ait-1","ait-2"],"isModifier":true,"isSummary":true,"binding":{"strength":"required","valueSetReference":{"reference":"http://standardhealthrecord.org/shr/allergy/vs/AllergyVerificationStatusVS"}},"mapping":[{"identity":"rim","map":"Observation ACT\n.inboundRelationship[typeCode=COMP].source[classCode=OBS, code=\"verificationStatus\", moodCode=EVN].value"},{"identity":"w5","map":"status"}]},{"id":"AllergyIntolerance:shr-allergy-NoKnownAllergy.type","path":"AllergyIntolerance.type","short":"allergy | intolerance - Underlying mechanism (if known)","definition":"Identification of the underlying physiological mechanism for the reaction risk.","comment":"Allergic (typically immune-mediated) reactions have been traditionally regarded as an indicator for potential escalation to significant future risk. Contemporary knowledge suggests that some reactions previously thought to be immune-mediated are, in fact, non-immune, but in some cases can still pose a life threatening risk. It is acknowledged that many clinicians may not be in a position to distinguish the mechanism of a particular reaction. Often the term \"allergy\" is used rather generically and may overlap with the use of \"intolerance\" - in practice the boundaries between these two concepts may not be well-defined or understood. This data element is included nevertheless, because many legacy systems have captured this attribute. Immunologic testing may provide supporting evidence for the basis of the reaction and the causative substance, but no tests are 100% sensitive or specific for sensitivity to a particular substance. If, as is commonly the case, it is unclear whether the reaction is due to an allergy or an intolerance, then the type element should be omitted from the resource.","alias":["Category","Class"],"min":0,"max":"1","type":[{"code":"code"}],"fixedCode":"allergy","isSummary":true,"binding":{"extension":[{"url":"http://hl7.org/fhir/StructureDefinition/elementdefinition-bindingName","valueString":"AllergyIntoleranceType"}],"strength":"required","description":"Identification of the underlying physiological mechanism for a Reaction Risk.","valueSetReference":{"reference":"http://hl7.org/fhir/ValueSet/allergy-intolerance-type"}},"mapping":[{"identity":"v2","map":"IAM-9"},{"identity":"rim","map":"code"},{"identity":"w5","map":"class"}]},{"id":"AllergyIntolerance:shr-allergy-NoKnownAllergy.category","path":"AllergyIntolerance.category","slicing":{"id":"30","discriminator":[{"type":"value","path":"$this"}],"ordered":false,"rules":"open"},"short":"food | medication | environment | biologic","definition":"Category of the identified substance.","comment":"This data element has been included because it is currently being captured in some clinical systems. This data can be derived from the substance where coding systems are used, and is effectively redundant in that situation.  When searching on category, consider the implications of AllergyIntolerance resources without a category.  For example, when searching on category = medication, medication allergies that don't have a category valued will not be returned.  Refer to [search](search.html) for more information on how to search category with a :missing modifier to get allergies that don't have a category.  Additionally, category should be used with caution because category can be subjective based on the sender.","alias":["Category","Type","Reaction Type","Class"],"min":0,"max":"*","type":[{"code":"code"}],"isSummary":true,"binding":{"extension":[{"url":"http://hl7.org/fhir/StructureDefinition/elementdefinition-bindingName","valueString":"AllergyIntoleranceCategory"}],"strength":"required","description":"Category of an identified substance.","valueSetReference":{"reference":"http://hl7.org/fhir/ValueSet/allergy-intolerance-category"}},"mapping":[{"identity":"v2","map":"AL1-2"},{"identity":"rim","map":"value < IntoleranceValue (Agent)"},{"identity":"w5","map":"class"}]},{"id":"AllergyIntolerance:shr-allergy-NoKnownAllergy.category:environment","path":"AllergyIntolerance.category","sliceName":"environment","min":1,"max":"1","type":[{"code":"code"}],"fixedCode":"environment"},{"id":"AllergyIntolerance:shr-allergy-NoKnownAllergy.category:biologic","path":"AllergyIntolerance.category","sliceName":"biologic","min":1,"max":"1","type":[{"code":"code"}],"fixedCode":"biologic"},{"id":"AllergyIntolerance:shr-allergy-NoKnownAllergy.category:medication","path":"AllergyIntolerance.category","sliceName":"medication","min":1,"max":"1","type":[{"code":"code"}],"fixedCode":"medication"},{"id":"AllergyIntolerance:shr-allergy-NoKnownAllergy.category:food","path":"AllergyIntolerance.category","sliceName":"food","min":1,"max":"1","type":[{"code":"code"}],"fixedCode":"food"},{"id":"AllergyIntolerance:shr-allergy-NoKnownAllergy.criticality","path":"AllergyIntolerance.criticality","short":"low | high | unable-to-assess","definition":"Estimate of the potential clinical harm, or seriousness, of the reaction to the identified substance.","comment":"The default criticality value for any propensity to an adverse reaction should be 'Low Risk', indicating at the very least a relative contraindication to deliberate or voluntary exposure to the substance. 'High Risk' is flagged if the clinician has identified a propensity for a more serious or potentially life-threatening reaction, such as anaphylaxis, and implies an absolute contraindication to deliberate or voluntary exposure to the substance. If this element is missing, the criticality is unknown (though it may be known elsewhere).\n\nSystems that capture a severity at the condition level are actually representing the concept of criticality whereas the severity documented at the reaction level is representing the true reaction severity.  Existing systems that are capturing both condition criticality and reaction severity may use the term \"severity\" to represent both.  Criticality is the worst it could be in the future (i.e. situation-agnostic) whereas severity is situation-dependent.","alias":["Severity","Seriousness","Contra-indication","Risk"],"min":0,"max":"0","type":[{"code":"code"}],"isSummary":true,"binding":{"extension":[{"url":"http://hl7.org/fhir/StructureDefinition/elementdefinition-bindingName","valueString":"AllergyIntoleranceCriticality"}],"strength":"required","description":"Estimate of the potential clinical harm, or seriousness, of a reaction to an identified substance.","valueSetReference":{"reference":"http://hl7.org/fhir/ValueSet/allergy-intolerance-criticality"}},"mapping":[{"identity":"v2","map":"AL1-4"},{"identity":"rim","map":"inboundRelationship[typeCode=SUBJ].source[classCode=OBS, moodCode=EVN, code=SEV, value <= SeverityObservation (Severity Level)]"},{"identity":"w5","map":"grade"}]},{"id":"AllergyIntolerance:shr-allergy-NoKnownAllergy.code","path":"AllergyIntolerance.code","short":"Code that identifies the allergy or intolerance","definition":"Code for an allergy or intolerance statement (either a positive or a negated/excluded statement).  This may be a code for a substance or pharmaceutical product that is considered to be responsible for the adverse reaction risk (e.g., \"Latex\"), an allergy or intolerance condition (e.g., \"Latex allergy\"), or a negated/excluded code for a specific substance or class (e.g., \"No latex allergy\") or a general or categorical negated statement (e.g.,  \"No known allergy\", \"No known drug allergies\").","comment":"It is strongly recommended that this element be populated using a terminology, where possible. For example, some terminologies used include RxNorm, SNOMED CT, DM+D, NDFRT, ICD-9, IDC-10, UNI, ATC and CPT. Plain text should only be used if there is no appropriate terminology available. Additional details can be specified in the text.\r\rWhen a substance or product code is specified for the 'code' element, the \"default\" semantic context is that this is a positive statement of an allergy or intolerance (depending on the value of the 'type' element, if present) condition to the specified substance/product.  In the corresponding SNOMED CT allergy model, the specified substance/product is the target (destination) of the \"Causative agent\" relationship.\r\rThe 'substanceExposureRisk' extension is available as a structured and more flexible alternative to the 'code' element for making positive or negative allergy or intolerance statements.  This extension provides the capability to make \"no known allergy\" (or \"no risk of adverse reaction\") statements regarding any coded substance/product (including cases when a pre-coordinated \"no allergy to x\" concept for that substance/product does not exist).  If the 'substanceExposureRisk' extension is present, the AllergyIntolerance.code element SHALL be omitted.","alias":["Code"],"min":0,"max":"0","type":[{"code":"CodeableConcept","profile":"http://standardhealthrecord.org/fhir/StructureDefinition/shr-core-CodeableConcept"}],"isSummary":true,"binding":{"strength":"required","valueSetReference":{"reference":"http://standardhealthrecord.org/shr/allergy/vs/AllergenIrritantVS"}},"mapping":[{"identity":"v2","map":"AL1-3 / IAM-3"},{"identity":"rim","map":"substance/product:\r\r.participation[typeCode=CAGNT].role[classCode=ADMM].player[classCode=MAT, determinerCode=KIND, code <= ExposureAgentEntityType]\r\rnegated/excluded substance/product:\r\r.participation[typeCode=CAGNT, negationInd=true].role[classCode=ADMM].player[classCode=MAT, determinerCode=KIND, code <= ExposureAgentEntityType]\r\rpositive or negated/excluded condition/situation:\r\rObservation.code=ASSERTION; Observation.value"},{"identity":"w5","map":"what"}]},{"id":"AllergyIntolerance:shr-allergy-NoKnownAllergy.patient","path":"AllergyIntolerance.patient","short":"Who the sensitivity is for","definition":"The patient who has the allergy or intolerance.","alias":["Patient"],"min":1,"max":"1","type":[{"code":"Reference","targetProfile":"http://hl7.org/fhir/StructureDefinition/Patient"}],"isSummary":true,"mapping":[{"identity":"v2","map":"(PID-3)"},{"identity":"rim","map":".participation[typeCode=SBJ].role[classCode=PAT]"},{"identity":"w5","map":"who.focus"}]},{"id":"AllergyIntolerance:shr-allergy-NoKnownAllergy.onset[x]","path":"AllergyIntolerance.onset[x]","short":"When allergy or intolerance was identified","definition":"Estimated or actual date,  date-time, or age when allergy or intolerance was identified.","min":0,"max":"0","type":[{"code":"dateTime"},{"code":"Age","profile":"http://standardhealthrecord.org/fhir/StructureDefinition/shr-core-Age"},{"code":"Period","profile":"http://standardhealthrecord.org/fhir/StructureDefinition/shr-core-TimePeriod"},{"code":"Range","profile":"http://standardhealthrecord.org/fhir/StructureDefinition/shr-core-AgeRange"}],"mapping":[{"identity":"rim","map":"effectiveTime.low"},{"identity":"w5","map":"when.init"}]},{"id":"AllergyIntolerance:shr-allergy-NoKnownAllergy.assertedDate","path":"AllergyIntolerance.assertedDate","short":"Date record was believed accurate","definition":"The date on which the existance of the AllergyIntolerance was first asserted or acknowledged.","min":1,"max":"1","type":[{"code":"dateTime"}],"mapping":[{"identity":"v2","map":"IAM-20"},{"identity":"rim","map":".participation[typeCode=AUT].time"},{"identity":"w5","map":"when.recorded"}]},{"id":"AllergyIntolerance:shr-allergy-NoKnownAllergy.recorder","path":"AllergyIntolerance.recorder","short":"Who recorded the sensitivity","definition":"Individual who recorded the record and takes responsibility for its content.","alias":["Author"],"min":0,"max":"1","type":[{"code":"Reference","targetProfile":"http://standardhealthrecord.org/fhir/StructureDefinition/shr-actor-Practitioner"},{"code":"Reference","targetProfile":"http://standardhealthrecord.org/fhir/StructureDefinition/shr-demographics-PersonOfRecord"}],"mapping":[{"identity":"rim","map":".participation[typeCode=AUT].role"},{"identity":"w5","map":"who.author"}]},{"id":"AllergyIntolerance:shr-allergy-NoKnownAllergy.asserter","path":"AllergyIntolerance.asserter","short":"Source of the information about the allergy","definition":"The source of the information about the allergy that is recorded.","comment":"The recorder takes repsonsibility for the content, but can reference the source from where they got it.","alias":["Source","Informant"],"min":0,"max":"1","type":[{"code":"Reference","targetProfile":"http://standardhealthrecord.org/fhir/StructureDefinition/shr-demographics-PersonOfRecord"},{"code":"Reference","targetProfile":"http://standardhealthrecord.org/fhir/StructureDefinition/shr-actor-RelatedPerson"},{"code":"Reference","targetProfile":"http://standardhealthrecord.org/fhir/StructureDefinition/shr-actor-Practitioner"}],"isSummary":true,"mapping":[{"identity":"v2","map":"IAM-14 (if patient) / IAM-18 (if practitioner)"},{"identity":"rim","map":".participation[typeCode=INF].role"},{"identity":"w5","map":"who.source"}]},{"id":"AllergyIntolerance:shr-allergy-NoKnownAllergy.lastOccurrence","path":"AllergyIntolerance.lastOccurrence","short":"Date(/time) of last known occurrence of a reaction","definition":"Represents the date and/or time of the last known occurrence of a reaction event.","comment":"This date may be replicated by one of the Onset of Reaction dates. Where a textual representation of the date of last occurrence is required e.g. 'In Childhood, '10 years ago' the Comment element should be used.","min":0,"max":"0","type":[{"code":"dateTime"}],"mapping":[{"identity":"rim","map":"outBoundRelationship[typeCode=SUBJ].target[classCode=OBS, moodCode=EVN, code <= CommonClinicalObservationType, value <= ObservationValue (Reaction Type)].effectiveTime"}]},{"id":"AllergyIntolerance:shr-allergy-NoKnownAllergy.note","path":"AllergyIntolerance.note","short":"Additional text not captured in other fields","definition":"Additional narrative about the propensity for the Adverse Reaction, not captured in other fields.","comment":"For example: including reason for flagging a seriousness of 'High Risk'; and instructions related to future exposure or administration of the substance, such as administration within an Intensive Care Unit or under corticosteroid cover. The notes should be related to an allergy or intolerance as a condition in general and not related to any particular episode of it. For episode notes and descriptions, use AllergyIntolerance.event.description and  AllergyIntolerance.event.notes.","min":0,"max":"*","type":[{"code":"Annotation"}],"mapping":[{"identity":"rim","map":"subjectOf.observationEvent[code=\"annotation\"].value"}]},{"id":"AllergyIntolerance:shr-allergy-NoKnownAllergy.reaction","path":"AllergyIntolerance.reaction","short":"Adverse Reaction Events linked to exposure to substance","definition":"Details about each adverse reaction event linked to exposure to the identified substance.","min":0,"max":"*","type":[{"code":"BackboneElement"}],"constraint":[{"key":"ele-1","severity":"error","human":"All FHIR elements must have a @value or children","expression":"hasValue() | (children().count() > id.count())","xpath":"@value|f:*|h:div","source":"Element"}],"mapping":[{"identity":"rim","map":"outBoundRelationship[typeCode=SUBJ].target[classCode=OBS, moodCode=EVN, code <= CommonClinicalObservationType, value <= ObservationValue (Reaction Type)]"}]},{"id":"AllergyIntolerance:shr-allergy-NoKnownAllergy.reaction.id","path":"AllergyIntolerance.reaction.id","representation":["xmlAttr"],"short":"xml:id (or equivalent in JSON)","definition":"unique id for the element within a resource (for internal references). This may be any string value that does not contain spaces.","min":0,"max":"1","base":{"path":"Element.id","min":0,"max":"1"},"type":[{"code":"string"}],"mapping":[{"identity":"rim","map":"n/a"}]},{"id":"AllergyIntolerance:shr-allergy-NoKnownAllergy.reaction.extension","path":"AllergyIntolerance.reaction.extension","short":"Additional Content defined by implementations","definition":"May be used to represent additional information that is not part of the basic definition of the element. In order to make the use of extensions safe and manageable, there is a strict set of governance  applied to the definition and use of extensions. Though any implementer is allowed to define an extension, there is a set of requirements that SHALL be met as part of the definition of the extension.","comment":"There can be no stigma associated with the use of extensions by any application, project, or standard - regardless of the institution or jurisdiction that uses or defines the extensions.  The use of extensions is what allows the FHIR specification to retain a core level of simplicity for everyone.","alias":["extensions","user content"],"min":0,"max":"*","base":{"path":"Element.extension","min":0,"max":"*"},"type":[{"code":"Extension"}],"mapping":[{"identity":"rim","map":"n/a"}]},{"id":"AllergyIntolerance:shr-allergy-NoKnownAllergy.reaction.modifierExtension","path":"AllergyIntolerance.reaction.modifierExtension","short":"Extensions that cannot be ignored","definition":"May be used to represent additional information that is not part of the basic definition of the element, and that modifies the understanding of the element that contains it. Usually modifier elements provide negation or qualification. In order to make the use of extensions safe and manageable, there is a strict set of governance applied to the definition and use of extensions. Though any implementer is allowed to define an extension, there is a set of requirements that SHALL be met as part of the definition of the extension. Applications processing a resource are required to check for modifier extensions.","comment":"There can be no stigma associated with the use of extensions by any application, project, or standard - regardless of the institution or jurisdiction that uses or defines the extensions.  The use of extensions is what allows the FHIR specification to retain a core level of simplicity for everyone.","alias":["extensions","user content","modifiers"],"min":0,"max":"*","base":{"path":"BackboneElement.modifierExtension","min":0,"max":"*"},"type":[{"code":"Extension"}],"isModifier":true,"isSummary":true,"mapping":[{"identity":"rim","map":"N/A"}]},{"id":"AllergyIntolerance:shr-allergy-NoKnownAllergy.reaction.substance","path":"AllergyIntolerance.reaction.substance","short":"Specific substance or pharmaceutical product considered to be responsible for event","definition":"Identification of the specific substance (or pharmaceutical product) considered to be responsible for the Adverse Reaction event. Note: the substance for a specific reaction may be different from the substance identified as the cause of the risk, but it must be consistent with it. For instance, it may be a more specific substance (e.g. a brand medication) or a composite product that includes the identified substance. It must be clinically safe to only process the 'code' and ignore the 'reaction.substance'.","comment":"Coding of the specific substance (or pharmaceutical product) with a terminology capable of triggering decision support should be used wherever possible.  The 'code' element allows for the use of a specific substance or pharmaceutical product, or a group or class of substances. In the case of an allergy or intolerance to a class of substances, (for example, \"penicillins\"), the 'reaction.substance' element could be used to code the specific substance that was identifed as having caused the reaction (for example, \"amoxycillin\"). Duplication of the value in the 'code' and 'reaction.substance' elements is acceptable when a specific substance has been recorded in 'code'.","min":0,"max":"1","type":[{"code":"CodeableConcept"}],"binding":{"extension":[{"url":"http://hl7.org/fhir/StructureDefinition/elementdefinition-bindingName","valueString":"SubstanceCode"}],"strength":"example","description":"Codes defining the type of the substance (including pharmaceutical products).","valueSetReference":{"reference":"http://hl7.org/fhir/ValueSet/substance-code"}},"mapping":[{"identity":"rim","map":"outBoundRelationship[typeCode=SAS].target[classCode=SBADM, code <= ExposureCode].participation[typeCode=CSM].role[classCode=ADMM].player[classCode=MAT, determinerCode=KIND, code <= ExposureAgentEntityType]"}]},{"id":"AllergyIntolerance:shr-allergy-NoKnownAllergy.reaction.manifestation","path":"AllergyIntolerance.reaction.manifestation","short":"Clinical symptoms/signs associated with the Event","definition":"Clinical symptoms and/or signs that are observed or associated with the adverse reaction event.","comment":"Manifestation can be expressed as a single word, phrase or brief description. For example: nausea, rash or no reaction. It is preferable that manifestation should be coded with a terminology, where possible. The values entered here may be used to display on an application screen as part of a list of adverse reactions, as recommended in the UK NHS CUI guidelines.  Terminologies commonly used include, but are not limited to, SNOMED CT or ICD10.","alias":["Symptoms","Signs"],"min":1,"max":"*","type":[{"code":"CodeableConcept"}],"binding":{"extension":[{"url":"http://hl7.org/fhir/StructureDefinition/elementdefinition-bindingName","valueString":"Manifestation"}],"strength":"example","description":"Clinical symptoms and/or signs that are observed or associated with an Adverse Reaction Event.","valueSetReference":{"reference":"http://hl7.org/fhir/ValueSet/clinical-findings"}},"mapping":[{"identity":"v2","map":"AL1-5"},{"identity":"rim","map":"code"}]},{"id":"AllergyIntolerance:shr-allergy-NoKnownAllergy.reaction.description","path":"AllergyIntolerance.reaction.description","short":"Description of the event as a whole","definition":"Text description about the reaction as a whole, including details of the manifestation if required.","comment":"Use the description to provide any details of a particular event of the occurred reaction such as circumstances, reaction specifics, what happened before/after. Information, related to the event, but not describing a particular care should be captured in the comment field. For example: at the age of four, the patient was given penicillin for strep throat and subsequently developed severe hives.","alias":["Narrative","Text"],"min":0,"max":"1","type":[{"code":"string"}],"mapping":[{"identity":"rim","map":"text"}]},{"id":"AllergyIntolerance:shr-allergy-NoKnownAllergy.reaction.onset","path":"AllergyIntolerance.reaction.onset","short":"Date(/time) when manifestations showed","definition":"Record of the date and/or time of the onset of the Reaction.","min":0,"max":"1","type":[{"code":"dateTime"}],"mapping":[{"identity":"v2","map":"AL1-6"},{"identity":"rim","map":"effectiveTime.low"}]},{"id":"AllergyIntolerance:shr-allergy-NoKnownAllergy.reaction.severity","path":"AllergyIntolerance.reaction.severity","short":"mild | moderate | severe (of event as a whole)","definition":"Clinical assessment of the severity of the reaction event as a whole, potentially considering multiple different manifestations.","comment":"It is acknowledged that this assessment is very subjective. There may be some some specific practice domains where objective scales have been applied. Objective scales can be included in this model as extensions.","min":0,"max":"1","type":[{"code":"code"}],"binding":{"extension":[{"url":"http://hl7.org/fhir/StructureDefinition/elementdefinition-bindingName","valueString":"AllergyIntoleranceSeverity"}],"strength":"required","description":"Clinical assessment of the severity of a reaction event as a whole, potentially considering multiple different manifestations.","valueSetReference":{"reference":"http://hl7.org/fhir/ValueSet/reaction-event-severity"}},"mapping":[{"identity":"rim","map":"inboundRelationship[typeCode=SUBJ].source[classCode=OBS, moodCode=EVN, code=SEV, value <= SeverityObservation (Severity Level)]"}]},{"id":"AllergyIntolerance:shr-allergy-NoKnownAllergy.reaction.exposureRoute","path":"AllergyIntolerance.reaction.exposureRoute","short":"How the subject was exposed to the substance","definition":"Identification of the route by which the subject was exposed to the substance.","comment":"Coding of the route of exposure with a terminology should be used wherever possible.","min":0,"max":"1","type":[{"code":"CodeableConcept"}],"binding":{"extension":[{"url":"http://hl7.org/fhir/StructureDefinition/elementdefinition-bindingName","valueString":"RouteOfAdministration"}],"strength":"example","description":"A coded concept describing the route or physiological path of administration of a therapeutic agent into or onto the body of a subject.","valueSetReference":{"reference":"http://hl7.org/fhir/ValueSet/route-codes"}},"mapping":[{"identity":"rim","map":"outBoundRelationship[typeCode=SAS].target[classCode=SBADM, code <= ExposureCode].routeCode"}]},{"id":"AllergyIntolerance:shr-allergy-NoKnownAllergy.reaction.note","path":"AllergyIntolerance.reaction.note","short":"Text about event not captured in other fields","definition":"Additional text about the adverse reaction event not captured in other fields.","comment":"Use this field to record information indirectly related to a particular event and not captured in the description. For example: Clinical records are no longer available, recorded based on information provided to the patient by her mother and her mother is deceased.","min":0,"max":"*","type":[{"code":"Annotation"}],"mapping":[{"identity":"rim","map":"subjectOf.observationEvent[code=\"annotation\"].value"}]}]},"differential":{"element":[{"id":"AllergyIntolerance:shr-allergy-NoKnownAllergy","path":"AllergyIntolerance","short":"SHR NoKnownAllergy Profile","definition":"The subject has no known allergies to drugs, foods, biologics, or environmental factors."},{"id":"AllergyIntolerance:shr-allergy-NoKnownAllergy.extension:abatement","path":"AllergyIntolerance.extension","sliceName":"abatement","min":0,"max":"1","type":[{"code":"Extension","profile":"http://standardhealthrecord.org/fhir/StructureDefinition/shr-condition-Abatement-extension"}],"mustSupport":false,"isModifier":false,"isSummary":false},{"id":"AllergyIntolerance:shr-allergy-NoKnownAllergy.modifierExtension:assertionnegationmodifier","path":"AllergyIntolerance.modifierExtension","sliceName":"assertionnegationmodifier","min":1,"max":"1","type":[{"code":"Extension","profile":"http://standardhealthrecord.org/fhir/StructureDefinition/shr-base-AssertionNegationModifier-extension"}],"fixedBoolean":true,"mustSupport":true,"isModifier":true,"isSummary":false},{"id":"AllergyIntolerance:shr-allergy-NoKnownAllergy.verificationStatus","path":"AllergyIntolerance.verificationStatus","fixedCode":"unconfirmed","binding":{"strength":"required","valueSetReference":{"reference":"http://standardhealthrecord.org/shr/allergy/vs/AllergyVerificationStatusVS"}}},{"id":"AllergyIntolerance:shr-allergy-NoKnownAllergy.type","path":"AllergyIntolerance.type","fixedCode":"allergy"},{"id":"AllergyIntolerance:shr-allergy-NoKnownAllergy.category","path":"AllergyIntolerance.category","slicing":{"id":"30","discriminator":[{"type":"value","path":"$this"}],"ordered":false,"rules":"open"}},{"id":"AllergyIntolerance:shr-allergy-NoKnownAllergy.category:environment","path":"AllergyIntolerance.category","sliceName":"environment","min":1,"max":"1","type":[{"code":"code"}],"fixedCode":"environment"},{"id":"AllergyIntolerance:shr-allergy-NoKnownAllergy.category:biologic","path":"AllergyIntolerance.category","sliceName":"biologic","min":1,"max":"1","type":[{"code":"code"}],"fixedCode":"biologic"},{"id":"AllergyIntolerance:shr-allergy-NoKnownAllergy.category:medication","path":"AllergyIntolerance.category","sliceName":"medication","min":1,"max":"1","type":[{"code":"code"}],"fixedCode":"medication"},{"id":"AllergyIntolerance:shr-allergy-NoKnownAllergy.category:food","path":"AllergyIntolerance.category","sliceName":"food","min":1,"max":"1","type":[{"code":"code"}],"fixedCode":"food"},{"id":"AllergyIntolerance:shr-allergy-NoKnownAllergy.criticality","path":"AllergyIntolerance.criticality","min":0,"max":"0"},{"id":"AllergyIntolerance:shr-allergy-NoKnownAllergy.code","path":"AllergyIntolerance.code","min":0,"max":"0","type":[{"code":"CodeableConcept","profile":"http://standardhealthrecord.org/fhir/StructureDefinition/shr-core-CodeableConcept"}],"binding":{"strength":"required","valueSetReference":{"reference":"http://standardhealthrecord.org/shr/allergy/vs/AllergenIrritantVS"}}},{"id":"AllergyIntolerance:shr-allergy-NoKnownAllergy.onset[x]","path":"AllergyIntolerance.onset[x]","min":0,"max":"0","type":[{"code":"dateTime"},{"code":"Age","profile":"http://standardhealthrecord.org/fhir/StructureDefinition/shr-core-Age"},{"code":"Period","profile":"http://standardhealthrecord.org/fhir/StructureDefinition/shr-core-TimePeriod"},{"code":"Range","profile":"http://standardhealthrecord.org/fhir/StructureDefinition/shr-core-AgeRange"}]},{"id":"AllergyIntolerance:shr-allergy-NoKnownAllergy.assertedDate","path":"AllergyIntolerance.assertedDate","min":1,"max":"1"},{"id":"AllergyIntolerance:shr-allergy-NoKnownAllergy.recorder","path":"AllergyIntolerance.recorder","type":[{"code":"Reference","targetProfile":"http://standardhealthrecord.org/fhir/StructureDefinition/shr-actor-Practitioner"},{"code":"Reference","targetProfile":"http://standardhealthrecord.org/fhir/StructureDefinition/shr-demographics-PersonOfRecord"}]},{"id":"AllergyIntolerance:shr-allergy-NoKnownAllergy.asserter","path":"AllergyIntolerance.asserter","type":[{"code":"Reference","targetProfile":"http://standardhealthrecord.org/fhir/StructureDefinition/shr-demographics-PersonOfRecord"},{"code":"Reference","targetProfile":"http://standardhealthrecord.org/fhir/StructureDefinition/shr-actor-RelatedPerson"},{"code":"Reference","targetProfile":"http://standardhealthrecord.org/fhir/StructureDefinition/shr-actor-Practitioner"}]},{"id":"AllergyIntolerance:shr-allergy-NoKnownAllergy.lastOccurrence","path":"AllergyIntolerance.lastOccurrence","min":0,"max":"0"}]}}