{"resourceType":"StructureDefinition","id":"shr-skin-WoundBedAndEdge-extension","text":{"status":"generated","div":"<div xmlns=\"http://www.w3.org/1999/xhtml\">\n  <p><b>SHR WoundBedAndEdge Extension</b></p>\n  <p/>\n</div>"},"url":"http://standardhealthrecord.org/fhir/StructureDefinition/shr-skin-WoundBedAndEdge-extension","identifier":[{"system":"http://standardhealthrecord.org","value":"shr.skin.WoundBedAndEdge"}],"version":"0.0.1","name":"SHR WoundBedAndEdge Extension","title":"SHR WoundBedAndEdge Extension","status":"draft","date":"2017-07-31T23:48:49.046Z","publisher":"The MITRE Corporation: Standard Health Record Collaborative","contact":[{"telecom":[{"system":"url","value":"http://www.standardhealthrecord.org"}]}],"fhirVersion":"3.0.0","kind":"complex-type","abstract":false,"contextType":"resource","context":["*"],"type":"Extension","baseDefinition":"http://hl7.org/fhir/StructureDefinition/Extension","derivation":"constraint","snapshot":{"element":[{"id":"Extension:woundbedandedge","path":"Extension","short":"SHR WoundBedAndEdge Extension","definition":"WoundBedAndEdge","min":0,"max":"*","base":{"path":"Extension","min":0,"max":"1"},"condition":["ele-1"],"constraint":[{"key":"ele-1","severity":"error","human":"All FHIR elements must have a @value or children","expression":"children().count() > id.count()","xpath":"@value|f:*|h:div","source":"Element"},{"key":"ext-1","severity":"error","human":"Must have either extensions or value[x], not both","expression":"extension.exists() != value.exists()","xpath":"exists(f:extension)!=exists(f:*[starts-with(local-name(.), 'value')])","source":"Extension"}]},{"id":"Extension:woundbedandedge.id","path":"Extension.id","representation":["xmlAttr"],"short":"xml:id (or equivalent in JSON)","definition":"unique id for the element within a resource (for internal references). This may be any string value that does not contain spaces.","min":0,"max":"1","base":{"path":"Element.id","min":0,"max":"1"},"type":[{"code":"string"}],"mapping":[{"identity":"rim","map":"N/A"}]},{"id":"Extension:woundbedandedge.extension","path":"Extension.extension","slicing":{"id":"433","discriminator":[{"type":"value","path":"url"}],"ordered":false,"rules":"open"},"short":"Extension","definition":"An Extension","min":0,"max":"*","base":{"path":"Element.extension","min":0,"max":"*"},"type":[{"code":"Extension"}]},{"id":"Extension:woundbedandedge.extension:woundedgeappearance","path":"Extension.extension","sliceName":"woundedgeappearance","definition":"Evaluation of the state of the tissue at the edge of the wound.","min":1,"max":"1","base":{"path":"Extension.extension","min":0,"max":"1"},"type":[{"code":"Extension","profile":"http://standardhealthrecord.org/fhir/StructureDefinition/shr-skin-WoundEdgeAppearance-extension"}],"isModifier":false,"mapping":[{"identity":"rim","map":"N/A"}]},{"id":"Extension:woundbedandedge.url","path":"Extension.url","representation":["xmlAttr"],"short":"identifies the meaning of the extension","definition":"Source of the definition for the extension code - a logical name or a URL.","min":1,"max":"1","base":{"path":"Extension.url","min":1,"max":"1"},"type":[{"code":"uri"}],"fixedUri":"http://standardhealthrecord.org/fhir/StructureDefinition/shr-skin-WoundBedAndEdge-extension","mapping":[{"identity":"rim","map":"N/A"}]},{"id":"Extension:woundbedandedge.value[x]","path":"Extension.value[x]","short":"Value of extension","definition":"Value of extension - may be a resource or one of a constrained set of the data types (see Extensibility in the spec for list).","min":0,"max":"0","base":{"path":"Extension.value[x]","min":0,"max":"1"},"type":[{"code":"base64Binary"},{"code":"boolean"},{"code":"code"},{"code":"date"},{"code":"dateTime"},{"code":"decimal"},{"code":"id"},{"code":"instant"},{"code":"integer"},{"code":"markdown"},{"code":"oid"},{"code":"positiveInt"},{"code":"string"},{"code":"time"},{"code":"unsignedInt"},{"code":"uri"},{"code":"Address"},{"code":"Age"},{"code":"Annotation"},{"code":"Attachment"},{"code":"CodeableConcept"},{"code":"Coding"},{"code":"ContactPoint"},{"code":"Count"},{"code":"Distance"},{"code":"Duration"},{"code":"HumanName"},{"code":"Identifier"},{"code":"Money"},{"code":"Period"},{"code":"Quantity"},{"code":"Range"},{"code":"Ratio"},{"code":"Reference"},{"code":"SampledData"},{"code":"Signature"},{"code":"Timing"},{"code":"Meta"}],"mapping":[{"identity":"rim","map":"N/A"}]}]},"differential":{"element":[{"id":"Extension:woundbedandedge","path":"Extension","short":"SHR WoundBedAndEdge Extension","definition":"WoundBedAndEdge","min":0,"max":"*"},{"id":"Extension:woundbedandedge.extension:woundedgeappearance","path":"Extension.extension","sliceName":"woundedgeappearance","definition":"Evaluation of the state of the tissue at the edge of the wound.","min":1,"max":"1","type":[{"code":"Extension","profile":"http://standardhealthrecord.org/fhir/StructureDefinition/shr-skin-WoundEdgeAppearance-extension"}]},{"id":"Extension:woundbedandedge.url","path":"Extension.url","type":[{"code":"uri"}],"fixedUri":"http://standardhealthrecord.org/fhir/StructureDefinition/shr-skin-WoundBedAndEdge-extension"},{"id":"Extension:woundbedandedge.value[x]","path":"Extension.value[x]","min":0,"max":"0"}]}}