{"resourceType":"StructureDefinition","id":"shr-base-Action-extension","text":{"status":"generated","div":"<div xmlns=\"http://www.w3.org/1999/xhtml\">\n  <p><b>SHR Action Extension</b></p>\n  <p>A deed or endeavor; an action taken to address a undesired health state, behavior, risk, or goal. An action can have various contexts: definitional, occurred/not occurred, ordered/not ordered, recommended/recommended against.</p>\n</div>"},"url":"http://standardhealthrecord.org/fhir/StructureDefinition/shr-base-Action-extension","identifier":[{"system":"http://standardhealthrecord.org","value":"shr.base.Action"}],"version":"0.0.1","name":"SHR Action Extension","title":"SHR Action Extension","status":"draft","date":"2017-08-01T03:41:51.001Z","publisher":"The MITRE Corporation: Standard Health Record Collaborative","contact":[{"telecom":[{"system":"url","value":"http://www.standardhealthrecord.org"}]}],"description":"A deed or endeavor; an action taken to address a undesired health state, behavior, risk, or goal. An action can have various contexts: definitional, occurred/not occurred, ordered/not ordered, recommended/recommended against.","fhirVersion":"3.0.1","kind":"complex-type","abstract":false,"contextType":"resource","context":["*"],"type":"Extension","baseDefinition":"http://hl7.org/fhir/StructureDefinition/Extension","derivation":"constraint","snapshot":{"element":[{"id":"Extension:action","path":"Extension","short":"SHR Action Extension","definition":"A deed or endeavor; an action taken to address a undesired health state, behavior, risk, or goal. An action can have various contexts: definitional, occurred/not occurred, ordered/not ordered, recommended/recommended against.","min":0,"max":"*","base":{"path":"Extension","min":0,"max":"1"},"condition":["ele-1"],"constraint":[{"key":"ele-1","severity":"error","human":"All FHIR elements must have a @value or children","expression":"children().count() > id.count()","xpath":"@value|f:*|h:div","source":"Element"},{"key":"ext-1","severity":"error","human":"Must have either extensions or value[x], not both","expression":"extension.exists() != value.exists()","xpath":"exists(f:extension)!=exists(f:*[starts-with(local-name(.), 'value')])","source":"Extension"}]},{"id":"Extension:action.id","path":"Extension.id","representation":["xmlAttr"],"short":"xml:id (or equivalent in JSON)","definition":"unique id for the element within a resource (for internal references). This may be any string value that does not contain spaces.","min":0,"max":"1","base":{"path":"Element.id","min":0,"max":"1"},"type":[{"code":"string"}],"mapping":[{"identity":"rim","map":"N/A"}]},{"id":"Extension:action.extension","path":"Extension.extension","slicing":{"id":"243","discriminator":[{"type":"value","path":"url"}],"ordered":false,"rules":"open"},"short":"Extension","definition":"An Extension","min":0,"max":"*","base":{"path":"Element.extension","min":0,"max":"*"},"type":[{"code":"Extension"}]},{"id":"Extension:action.extension:specifictype","path":"Extension.extension","sliceName":"specifictype","definition":"A code or description representing the concept represented by the instance at a specific level. For example, for a Condition, the concept is MTH#C0348080 (Condition) but the Value is the SpecificType, i.e. MTH#C0011849 (Diabetes Mellitus). For an observation, the SpecificType defines what is being observed, measured, or asked, as specifically as possible. The SpecificType should always align with the concept of the element, for example, a blood pressure observation can be coded as a sitting blood pressure or standing blood pressure, and may be from a different code system (e.g. LOINC versus MTH). In other cases, the SpecificType is the specific question being asked, or the specific goal being pursued.","min":0,"max":"1","base":{"path":"Extension.extension","min":0,"max":"1"},"type":[{"code":"Extension","profile":"http://standardhealthrecord.org/fhir/StructureDefinition/shr-core-SpecificType-extension"}],"isModifier":false,"mapping":[{"identity":"rim","map":"N/A"}]},{"id":"Extension:action.extension:status","path":"Extension.extension","sliceName":"status","definition":"The position of affairs at a particular time","min":1,"max":"1","base":{"path":"Extension.extension","min":0,"max":"1"},"type":[{"code":"Extension","profile":"http://standardhealthrecord.org/fhir/StructureDefinition/shr-base-Status-extension"}],"isModifier":false,"mapping":[{"identity":"rim","map":"N/A"}]},{"id":"Extension:action.extension:category","path":"Extension.extension","sliceName":"category","definition":"A categorization of the action according its type, often a code that classifies the clinical discipline, department or diagnostic service that created the report (e.g. cardiology, biochemistry, hematology, MRI). This can be used for searching, sorting and display purposes.","min":0,"max":"*","base":{"path":"Extension.extension","min":0,"max":"1"},"type":[{"code":"Extension","profile":"http://standardhealthrecord.org/fhir/StructureDefinition/shr-base-Category-extension"}],"isModifier":false,"mapping":[{"identity":"rim","map":"N/A"}]},{"id":"Extension:action.extension:nonoccurrencemodifier","path":"Extension.extension","sliceName":"nonoccurrencemodifier","definition":"When true, indicates either that the event or action documented in the entry did not occur. For example, if immunization is not given, the NonOccurrenceModifier=true will indicate this.\nWhen applied to a recommendation, the modifier indicates the action mentioned in the topic should not take place. For example, a request to NOT elevate the head of a bed using the code for elevating the bed, and setting ProhibitedModifier to true. Other examples include do not ambulate, do not flush NG tube, do not take blood pressure on a certain arm, etc. If the SpecificType contains negation and ProhibitedModifier is true, that will reinforce the prohibition, and should not be interpreted as a double negative that equals a positive.","min":0,"max":"1","base":{"path":"Extension.extension","min":0,"max":"1"},"type":[{"code":"Extension","profile":"http://standardhealthrecord.org/fhir/StructureDefinition/shr-base-NonOccurrenceModifier-extension"}],"isModifier":true,"mapping":[{"identity":"rim","map":"N/A"}]},{"id":"Extension:action.extension:reason","path":"Extension.extension","sliceName":"reason","definition":"The justification for an action or non-action, conclusion, opinion, etc.","min":0,"max":"*","base":{"path":"Extension.extension","min":0,"max":"1"},"type":[{"code":"Extension","profile":"http://standardhealthrecord.org/fhir/StructureDefinition/shr-core-Reason-extension"}],"isModifier":false,"mapping":[{"identity":"rim","map":"N/A"}]},{"id":"Extension:action.extension:occurrencetime","path":"Extension.extension","sliceName":"occurrencetime","definition":"The point in time or span of time in which something happens.","min":0,"max":"1","base":{"path":"Extension.extension","min":0,"max":"1"},"type":[{"code":"Extension","profile":"http://standardhealthrecord.org/fhir/StructureDefinition/shr-core-OccurrenceTime-extension"}],"isModifier":false,"mapping":[{"identity":"rim","map":"N/A"}]},{"id":"Extension:action.extension:participant","path":"Extension.extension","sliceName":"participant","definition":"A statement about an actor who did (or did not) participate in a certain task or activity. Unlike a HealthcareInvolvement which continues over period of time, the participant is associated with doing or not doing a specific task, such admitting a patient, performing a procedure, or taking a measurement.","min":0,"max":"*","base":{"path":"Extension.extension","min":0,"max":"1"},"type":[{"code":"Extension","profile":"http://standardhealthrecord.org/fhir/StructureDefinition/shr-actor-Participant-extension"}],"isModifier":false,"mapping":[{"identity":"rim","map":"N/A"}]},{"id":"Extension:action.url","path":"Extension.url","representation":["xmlAttr"],"short":"identifies the meaning of the extension","definition":"Source of the definition for the extension code - a logical name or a URL.","min":1,"max":"1","base":{"path":"Extension.url","min":1,"max":"1"},"type":[{"code":"uri"}],"fixedUri":"http://standardhealthrecord.org/fhir/StructureDefinition/shr-base-Action-extension","mapping":[{"identity":"rim","map":"N/A"}]},{"id":"Extension:action.value[x]","path":"Extension.value[x]","short":"Value of extension","definition":"Value of extension - may be a resource or one of a constrained set of the data types (see Extensibility in the spec for list).","min":0,"max":"0","base":{"path":"Extension.value[x]","min":0,"max":"1"},"type":[{"code":"base64Binary"},{"code":"boolean"},{"code":"code"},{"code":"date"},{"code":"dateTime"},{"code":"decimal"},{"code":"id"},{"code":"instant"},{"code":"integer"},{"code":"markdown"},{"code":"oid"},{"code":"positiveInt"},{"code":"string"},{"code":"time"},{"code":"unsignedInt"},{"code":"uri"},{"code":"Address"},{"code":"Age"},{"code":"Annotation"},{"code":"Attachment"},{"code":"CodeableConcept"},{"code":"Coding"},{"code":"ContactPoint"},{"code":"Count"},{"code":"Distance"},{"code":"Duration"},{"code":"HumanName"},{"code":"Identifier"},{"code":"Money"},{"code":"Period"},{"code":"Quantity"},{"code":"Range"},{"code":"Ratio"},{"code":"Reference"},{"code":"SampledData"},{"code":"Signature"},{"code":"Timing"},{"code":"Meta"}],"mapping":[{"identity":"rim","map":"N/A"}]}]},"differential":{"element":[{"id":"Extension:action","path":"Extension","short":"SHR Action Extension","definition":"A deed or endeavor; an action taken to address a undesired health state, behavior, risk, or goal. An action can have various contexts: definitional, occurred/not occurred, ordered/not ordered, recommended/recommended against.","min":0,"max":"*"},{"id":"Extension:action.extension:specifictype","path":"Extension.extension","sliceName":"specifictype","definition":"A code or description representing the concept represented by the instance at a specific level. For example, for a Condition, the concept is MTH#C0348080 (Condition) but the Value is the SpecificType, i.e. MTH#C0011849 (Diabetes Mellitus). For an observation, the SpecificType defines what is being observed, measured, or asked, as specifically as possible. The SpecificType should always align with the concept of the element, for example, a blood pressure observation can be coded as a sitting blood pressure or standing blood pressure, and may be from a different code system (e.g. LOINC versus MTH). In other cases, the SpecificType is the specific question being asked, or the specific goal being pursued.","min":0,"max":"1","type":[{"code":"Extension","profile":"http://standardhealthrecord.org/fhir/StructureDefinition/shr-core-SpecificType-extension"}]},{"id":"Extension:action.extension:status","path":"Extension.extension","sliceName":"status","definition":"The position of affairs at a particular time","min":1,"max":"1","type":[{"code":"Extension","profile":"http://standardhealthrecord.org/fhir/StructureDefinition/shr-base-Status-extension"}]},{"id":"Extension:action.extension:category","path":"Extension.extension","sliceName":"category","definition":"A categorization of the action according its type, often a code that classifies the clinical discipline, department or diagnostic service that created the report (e.g. cardiology, biochemistry, hematology, MRI). This can be used for searching, sorting and display purposes.","min":0,"max":"*","type":[{"code":"Extension","profile":"http://standardhealthrecord.org/fhir/StructureDefinition/shr-base-Category-extension"}]},{"id":"Extension:action.extension:nonoccurrencemodifier","path":"Extension.extension","sliceName":"nonoccurrencemodifier","definition":"When true, indicates either that the event or action documented in the entry did not occur. For example, if immunization is not given, the NonOccurrenceModifier=true will indicate this.\nWhen applied to a recommendation, the modifier indicates the action mentioned in the topic should not take place. For example, a request to NOT elevate the head of a bed using the code for elevating the bed, and setting ProhibitedModifier to true. Other examples include do not ambulate, do not flush NG tube, do not take blood pressure on a certain arm, etc. If the SpecificType contains negation and ProhibitedModifier is true, that will reinforce the prohibition, and should not be interpreted as a double negative that equals a positive.","min":0,"max":"1","type":[{"code":"Extension","profile":"http://standardhealthrecord.org/fhir/StructureDefinition/shr-base-NonOccurrenceModifier-extension"}]},{"id":"Extension:action.extension:reason","path":"Extension.extension","sliceName":"reason","definition":"The justification for an action or non-action, conclusion, opinion, etc.","min":0,"max":"*","type":[{"code":"Extension","profile":"http://standardhealthrecord.org/fhir/StructureDefinition/shr-core-Reason-extension"}]},{"id":"Extension:action.extension:occurrencetime","path":"Extension.extension","sliceName":"occurrencetime","definition":"The point in time or span of time in which something happens.","min":0,"max":"1","type":[{"code":"Extension","profile":"http://standardhealthrecord.org/fhir/StructureDefinition/shr-core-OccurrenceTime-extension"}]},{"id":"Extension:action.extension:participant","path":"Extension.extension","sliceName":"participant","definition":"A statement about an actor who did (or did not) participate in a certain task or activity. Unlike a HealthcareInvolvement which continues over period of time, the participant is associated with doing or not doing a specific task, such admitting a patient, performing a procedure, or taking a measurement.","min":0,"max":"*","type":[{"code":"Extension","profile":"http://standardhealthrecord.org/fhir/StructureDefinition/shr-actor-Participant-extension"}]},{"id":"Extension:action.url","path":"Extension.url","type":[{"code":"uri"}],"fixedUri":"http://standardhealthrecord.org/fhir/StructureDefinition/shr-base-Action-extension"},{"id":"Extension:action.value[x]","path":"Extension.value[x]","min":0,"max":"0"}]}}