{"resourceType":"ValueSet","id":"shr-vital-BloodPressureBodySiteVS","meta":{"profile":["http://hl7.org/fhir/StructureDefinition/valueset-shareable-definition"]},"text":{"status":"generated","div":"<div xmlns=\"http://www.w3.org/1999/xhtml\">\n<p><b>SHR BloodPressureBodySiteVS ValueSet</b></p>\n<p/>\n</div>"},"url":"http://standardhealthrecord.org/shr/vital/vs/BloodPressureBodySiteVS","identifier":[{"system":"http://standardhealthrecord.org","value":"shr.vital.BloodPressureBodySiteVS"}],"version":"0.0.1","name":"SHR BloodPressureBodySiteVS ValueSet","title":"SHR BloodPressureBodySiteVS ValueSet","status":"draft","date":"2017-07-31T16:44:15.700Z","publisher":"The MITRE Corporation: Standard Health Record Collaborative","contact":[{"telecom":[{"system":"url","value":"http://www.standardhealthrecord.org"}]}],"compose":{"include":[{"system":"http://ncimeta.nci.nih.gov","concept":[{"code":"C0446516","display":"Arm"},{"code":"C1140621","display":"Leg"}]}]}}