{"resourceType":"ValueSet","id":"shr-lifehistory-EmploymentStatusVS","meta":{"profile":["http://hl7.org/fhir/StructureDefinition/valueset-shareable-definition"]},"text":{"status":"generated","div":"<div xmlns=\"http://www.w3.org/1999/xhtml\">\n<p><b>SHR EmploymentStatusVS ValueSet</b></p>\n<p/>\n</div>"},"url":"http://standardhealthrecord.org/shr/lifehistory/vs/EmploymentStatusVS","identifier":[{"system":"http://standardhealthrecord.org","value":"shr.lifehistory.EmploymentStatusVS"}],"version":"0.0.1","name":"SHR EmploymentStatusVS ValueSet","title":"SHR EmploymentStatusVS ValueSet","status":"draft","date":"2017-07-31T23:48:31.544Z","publisher":"The MITRE Corporation: Standard Health Record Collaborative","contact":[{"telecom":[{"system":"url","value":"http://www.standardhealthrecord.org"}]}],"compose":{"include":[{"system":"http://standardhealthrecord.org/shr/lifehistory/cs/EmploymentStatusCS","concept":[{"code":"self_employed","display":"Self employed"},{"code":"full_time","display":"Works in military or community setting on a full time basis (35 or more hours per week), receiving pay at minimum wage or higher, in a mainstream integrated setting, in a job that was not set aside for mental health clients."},{"code":"part_time","display":"Works in military or community setting on a full time basis (less than 35 hours per week), receiving pay at minimum wage or higher, in a mainstream integrated setting, in a job that was not set aside for mental health clients."},{"code":"work_training","display":"Facility or community based paid training program that teaches the meaning, value and demands of work. Individuals perform paid work activities and are accompanied by a job coach. These paid work activities are geared towards assisting the individual in gaining work experience and developing the soft skills needed to obtain competitive employment. Participation in work adjustment training programs should preferably be time-limited, with a long term goal of obtaining competitive employment. Participation in a work adjustment training program is set aside for mental health clients and/or other participants of a rehabilitation program."},{"code":"transitional","display":"Temporary employment placement secured by a vocational agency (such as a Fountain House model clubhouse program) and set aside for mental health clients. Employment is paid and is in an integrated / mainstream business setting. Individuals are actual employees of the company, not of the clubhouse. Individuals are paid at least minimum wage, and preferably the prevailing rate received by regular company employees for the same job. Placement work is done in the company’s place of business, never in the clubhouse."},{"code":"unemployed","display":"Not currently employed, but looking for work in the past 30 days or on layoff from a job."},{"code":"volunteer","display":"Volunteers (unpaid) their time in the community on a regular basis, and does not fit the criteria for Employed, Transitional Employment, or Work Adjustment Training"},{"code":"unpaid_rehab","display":"Engaged in any rehabilitation activity not already specified in one of the other categories, such as: work exploration, pre-vocational skill building groups and activities, community activities such as church groups, social skill building activities, mobility training, adjustment to disability training, etc."},{"code":"homemaker","display":"Manages their family household as a principal occupation, and performs household duties for others"},{"code":"student","display":"Currently in school and not involved in any other work activity. If an individual is in school, but otherwise employed, they shall be categorized in the appropriate employment category."},{"code":"retired","display":"Individual has concluded their working or professional career, and does not fit the criteria for Student or Volunteer"},{"code":"disabled","display":"Not currently employed or looking for work due to disability. Not involved in any other rehabilitation activity."},{"code":"confined","display":"Individual resides in a jail or correctional facility and is unable to work."}]}]}}