{"resourceType":"ValueSet","id":"shr-encounter-ReasonEncounterDidNotHappenVS","meta":{"profile":["http://hl7.org/fhir/StructureDefinition/valueset-shareable-definition"]},"text":{"status":"generated","div":"<div xmlns=\"http://www.w3.org/1999/xhtml\">\n<p><b>SHR ReasonEncounterDidNotHappenVS ValueSet</b></p>\n<p/>\n</div>"},"url":"http://standardhealthrecord.org/shr/encounter/vs/ReasonEncounterDidNotHappenVS","identifier":[{"system":"http://standardhealthrecord.org","value":"shr.encounter.ReasonEncounterDidNotHappenVS"}],"version":"0.0.1","name":"SHR ReasonEncounterDidNotHappenVS ValueSet","title":"SHR ReasonEncounterDidNotHappenVS ValueSet","status":"draft","date":"2017-08-01T03:41:40.610Z","publisher":"The MITRE Corporation: Standard Health Record Collaborative","contact":[{"telecom":[{"system":"url","value":"http://www.standardhealthrecord.org"}]}],"compose":{"include":[{"system":"http://standardhealthrecord.org/shr/encounter/cs/ReasonEncounterDidNotHappenCS","concept":[{"code":"cancelled","display":"Patient cancelled appointment"},{"code":"lost_touch","display":"Lost touch with patient"},{"code":"withdrew","display":"Patient withdrew from trial"},{"code":"hospitalized","display":"Patient was hospitalized"}]}]}}