{"resourceType":"ValueSet","id":"shr-skin-SupportSurfaceVS","meta":{"profile":["http://hl7.org/fhir/StructureDefinition/valueset-shareable-definition"]},"text":{"status":"generated","div":"<div xmlns=\"http://www.w3.org/1999/xhtml\">\n<p><b>SHR SupportSurfaceVS ValueSet</b></p>\n<p/>\n</div>"},"url":"http://standardhealthrecord.org/shr/skin/vs/SupportSurfaceVS","identifier":[{"system":"http://standardhealthrecord.org","value":"shr.skin.SupportSurfaceVS"}],"version":"0.0.1","name":"SHR SupportSurfaceVS ValueSet","title":"SHR SupportSurfaceVS ValueSet","status":"draft","date":"2017-08-01T01:59:59.891Z","publisher":"The MITRE Corporation: Standard Health Record Collaborative","contact":[{"telecom":[{"system":"url","value":"http://www.standardhealthrecord.org"}]}],"compose":{"include":[{"system":"http://snomed.info/sct","filter":[{"property":"concept","op":"is-a","value":"272243001"}]}]}}