{"resourceType":"ValueSet","id":"shr-core-DirectionalityVS","meta":{"profile":["http://hl7.org/fhir/StructureDefinition/valueset-shareable-definition"]},"text":{"status":"generated","div":"<div xmlns=\"http://www.w3.org/1999/xhtml\">\n<p><b>SHR DirectionalityVS ValueSet</b></p>\n<p>Anatomical location or specimen further detailing directionality.</p>\n</div>"},"url":"http://standardhealthrecord.org/shr/core/vs/DirectionalityVS","identifier":[{"system":"http://standardhealthrecord.org","value":"shr.core.DirectionalityVS"}],"version":"0.0.1","name":"SHR DirectionalityVS ValueSet","title":"SHR DirectionalityVS ValueSet","status":"draft","date":"2017-08-01T01:59:59.888Z","publisher":"The MITRE Corporation: Standard Health Record Collaborative","contact":[{"telecom":[{"system":"url","value":"http://www.standardhealthrecord.org"}]}],"description":"Anatomical location or specimen further detailing directionality.","compose":{"include":[{"system":"https://evs.nci.nih.gov/ftp1/CDISC/SDTM/","filter":[{"property":"concept","op":"is-a","value":"C99074"}]}]}}