{"resourceType":"ValueSet","id":"shr-vital-BloodPressureQualifierVS","meta":{"profile":["http://hl7.org/fhir/StructureDefinition/valueset-shareable-definition"]},"text":{"status":"generated","div":"<div xmlns=\"http://www.w3.org/1999/xhtml\">\n<p><b>SHR BloodPressureQualifierVS ValueSet</b></p>\n<p>Code further describing the blood pressure measurement.</p>\n</div>"},"url":"http://standardhealthrecord.org/shr/vital/vs/BloodPressureQualifierVS","identifier":[{"system":"http://standardhealthrecord.org","value":"shr.vital.BloodPressureQualifierVS"}],"version":"0.0.1","name":"SHR BloodPressureQualifierVS ValueSet","title":"SHR BloodPressureQualifierVS ValueSet","status":"draft","date":"2017-08-01T02:25:17.614Z","publisher":"The MITRE Corporation: Standard Health Record Collaborative","contact":[{"telecom":[{"system":"url","value":"http://www.standardhealthrecord.org"}]}],"description":"Code further describing the blood pressure measurement.","compose":{"include":[{"system":"http://standardhealthrecord.org/shr/vital/cs/BloodPressureQualifierCS","concept":[{"code":"pre_transfusion","display":"pre transfusion"},{"code":"post_transfusion","display":"post transfusion"},{"code":"pre_phlebotomy","display":"pre phlebotomy"},{"code":"post_phlebotomy","display":"post phlebotomy"},{"code":"expiration","display":"during expiration"},{"code":"inspiration","display":"during inspiration"}]},{"system":"http://ncimeta.nci.nih.gov","concept":[{"code":"C0242880","display":"During tilt table test"}]}]}}