{"resourceType":"ValueSet","id":"shr-vital-BloodPressureMethodVS","meta":{"profile":["http://hl7.org/fhir/StructureDefinition/valueset-shareable-definition"]},"text":{"status":"generated","div":"<div xmlns=\"http://www.w3.org/1999/xhtml\">\n<p><b>SHR BloodPressureMethodVS ValueSet</b></p>\n<p>The method used to measure blood pressure.</p>\n</div>"},"url":"http://standardhealthrecord.org/shr/vital/vs/BloodPressureMethodVS","identifier":[{"system":"http://standardhealthrecord.org","value":"shr.vital.BloodPressureMethodVS"}],"version":"0.0.1","name":"SHR BloodPressureMethodVS ValueSet","title":"SHR BloodPressureMethodVS ValueSet","status":"draft","date":"2017-07-31T23:48:31.548Z","publisher":"The MITRE Corporation: Standard Health Record Collaborative","contact":[{"telecom":[{"system":"url","value":"http://www.standardhealthrecord.org"}]}],"description":"The method used to measure blood pressure.","compose":{"include":[{"system":"http://standardhealthrecord.org/shr/vital/cs/BloodPressureMethodCS","concept":[{"code":"cuff_manual","display":"Cuff method, manual"},{"code":"cuff_auto","display":"Cuff method, automatic"},{"code":"intravascular","display":"Intravascular method"},{"code":"continuous","display":"Continuous non-invasive monitoring"}]}]}}