{"resourceType":"ValueSet","id":"shr-observation-ObservationResultVS","meta":{"profile":["http://hl7.org/fhir/StructureDefinition/valueset-shareable-definition"]},"text":{"status":"generated","div":"<div xmlns=\"http://www.w3.org/1999/xhtml\">\n<p><b>SHR ObservationResultVS ValueSet</b></p>\n<p/>\n</div>"},"url":"http://standardhealthrecord.org/shr/observation/vs/ObservationResultVS","identifier":[{"system":"http://standardhealthrecord.org","value":"shr.observation.ObservationResultVS"}],"version":"0.0.1","name":"SHR ObservationResultVS ValueSet","title":"SHR ObservationResultVS ValueSet","status":"draft","date":"2017-08-01T01:59:59.890Z","publisher":"The MITRE Corporation: Standard Health Record Collaborative","contact":[{"telecom":[{"system":"url","value":"http://www.standardhealthrecord.org"}]}],"compose":{"include":[{"system":"http://loinc.org"},{"system":"http://ncimeta.nci.nih.gov"},{"system":"http://snomed.info/sct"}]}}