{"resourceType":"ValueSet","id":"shr-assessment-AssessmentTypeVS","meta":{"profile":["http://hl7.org/fhir/StructureDefinition/valueset-shareable-definition"]},"text":{"status":"generated","div":"<div xmlns=\"http://www.w3.org/1999/xhtml\">\n<p><b>SHR AssessmentTypeVS ValueSet</b></p>\n<p>A code describing the type of assessment activity, e.g. diagnosis, prognosis, disease progression, healing, toxicity, treatment efficacy.</p>\n</div>"},"url":"http://standardhealthrecord.org/shr/assessment/vs/AssessmentTypeVS","identifier":[{"system":"http://standardhealthrecord.org","value":"shr.assessment.AssessmentTypeVS"}],"version":"0.0.1","name":"SHR AssessmentTypeVS ValueSet","title":"SHR AssessmentTypeVS ValueSet","status":"draft","date":"2017-08-01T03:41:40.607Z","publisher":"The MITRE Corporation: Standard Health Record Collaborative","contact":[{"telecom":[{"system":"url","value":"http://www.standardhealthrecord.org"}]}],"description":"A code describing the type of assessment activity, e.g. diagnosis, prognosis, disease progression, healing, toxicity, treatment efficacy.","compose":{"include":[{"system":"http://ncimeta.nci.nih.gov","concept":[{"code":"C0033325","display":"Prognosis - a prediction of the probable outcome of a disease based on a individual's condition and the usual course of the disease as seen in similar situations"},{"code":"C0011900","display":"Diagnosis  - The determination of the nature and/or extent of a disease or condition, or the distinguishing of one disease or condition from another. The assessment may be made through physical examination, laboratory tests, or the likes. Computerized programs may be used to enhance the decision-making process."},{"code":"C0421176","display":"Assessment of disease progression"},{"code":"C2004454","display":"Assessment of recovery process, from surgery, therapy, or similar treatment."},{"code":"C0879626","display":"Assessment of adverse effects of a treatment."},{"code":"C0087113","display":"Assessment of the effectiveness of a treatment."},{"code":"C4040556","display":"Assessment of risk for a disease."}]}]}}