{"resourceType":"ValueSet","id":"shr-core-QualitativeValueScaleVS","meta":{"profile":["http://hl7.org/fhir/StructureDefinition/valueset-shareable-definition"]},"text":{"status":"generated","div":"<div xmlns=\"http://www.w3.org/1999/xhtml\">\n<p><b>SHR QualitativeValueScaleVS ValueSet</b></p>\n<p/>\n</div>"},"url":"http://standardhealthrecord.org/shr/core/vs/QualitativeValueScaleVS","identifier":[{"system":"http://standardhealthrecord.org","value":"shr.core.QualitativeValueScaleVS"}],"version":"0.0.1","name":"SHR QualitativeValueScaleVS ValueSet","title":"SHR QualitativeValueScaleVS ValueSet","status":"draft","date":"2017-08-01T03:41:40.608Z","publisher":"The MITRE Corporation: Standard Health Record Collaborative","contact":[{"telecom":[{"system":"url","value":"http://www.standardhealthrecord.org"}]}],"compose":{"include":[{"system":"http://standardhealthrecord.org/shr/core/cs/QualitativeValueScaleCS","concept":[{"code":"very_high","display":"Very high"},{"code":"high","display":"High"},{"code":"moderate","display":"Moderate/Intermediate or Borderline"},{"code":"low","display":"Low"},{"code":"very_low","display":"Very low"}]}]}}