{"resourceType":"ValueSet","id":"shr-skin-WoundEdgeAppearanceVS","meta":{"profile":["http://hl7.org/fhir/StructureDefinition/valueset-shareable-definition"]},"text":{"status":"generated","div":"<div xmlns=\"http://www.w3.org/1999/xhtml\">\n<p><b>SHR WoundEdgeAppearanceVS ValueSet</b></p>\n<p/>\n</div>"},"url":"http://standardhealthrecord.org/shr/skin/vs/WoundEdgeAppearanceVS","identifier":[{"system":"http://standardhealthrecord.org","value":"shr.skin.WoundEdgeAppearanceVS"}],"version":"0.0.1","name":"SHR WoundEdgeAppearanceVS ValueSet","title":"SHR WoundEdgeAppearanceVS ValueSet","status":"draft","date":"2017-08-01T01:59:59.892Z","publisher":"The MITRE Corporation: Standard Health Record Collaborative","contact":[{"telecom":[{"system":"url","value":"http://www.standardhealthrecord.org"}]}],"compose":{"include":[{"system":"http://snomed.info/sct","concept":[{"code":"449748001","display":"Wound edges attached"},{"code":"449749009","display":"Wound edge diffuse"},{"code":"449750009","display":"Wound edge sharp"},{"code":"449751008","display":"Rolled wound edge"},{"code":"449760000","display":"Scab of wound edge"}]}]}}