{"resourceType":"ValueSet","id":"shr-oncology-StagingTimeVS","meta":{"profile":["http://hl7.org/fhir/StructureDefinition/valueset-shareable-definition"]},"text":{"status":"generated","div":"<div xmlns=\"http://www.w3.org/1999/xhtml\">\n<p><b>SHR StagingTimeVS ValueSet</b></p>\n<p>When staging was done, relative to treatment events.</p>\n</div>"},"url":"http://standardhealthrecord.org/shr/oncology/vs/StagingTimeVS","identifier":[{"system":"http://standardhealthrecord.org","value":"shr.oncology.StagingTimeVS"}],"version":"0.0.1","name":"SHR StagingTimeVS ValueSet","title":"SHR StagingTimeVS ValueSet","status":"draft","date":"2017-08-01T02:25:17.611Z","publisher":"The MITRE Corporation: Standard Health Record Collaborative","contact":[{"telecom":[{"system":"url","value":"http://www.standardhealthrecord.org"}]}],"description":"When staging was done, relative to treatment events.","compose":{"include":[{"system":"http://standardhealthrecord.org/shr/oncology/cs/StagingTimeCS","concept":[{"code":"clinical","display":"On initial diagnosis"},{"code":"pathologic","display":"Post-operative, after resection surgery"},{"code":"enrollment","display":"When patient is enrolled in a clinical trial"},{"code":"recurrence","display":"Upon recurrence of disease"}]}]}}