{"resourceType":"ValueSet","id":"shr-lab-HIVSupplementalTestResultVS","meta":{"profile":["http://hl7.org/fhir/StructureDefinition/valueset-shareable-definition"]},"text":{"status":"generated","div":"<div xmlns=\"http://www.w3.org/1999/xhtml\">\n<p><b>SHR HIVSupplementalTestResultVS ValueSet</b></p>\n<p/>\n</div>"},"url":"http://standardhealthrecord.org/shr/lab/vs/HIVSupplementalTestResultVS","identifier":[{"system":"http://standardhealthrecord.org","value":"shr.lab.HIVSupplementalTestResultVS"}],"version":"0.0.1","name":"SHR HIVSupplementalTestResultVS ValueSet","title":"SHR HIVSupplementalTestResultVS ValueSet","status":"draft","date":"2017-07-31T16:44:15.697Z","publisher":"The MITRE Corporation: Standard Health Record Collaborative","contact":[{"telecom":[{"system":"url","value":"http://www.standardhealthrecord.org"}]}],"compose":{"include":[{"system":"http://loinc.org","concept":[{"code":"LA15256-3","display":"Nonreactive"},{"code":"LA15255-5","display":"Reactive"},{"code":"LA18330-3","display":"HIV-1 reactive (positive)"},{"code":"LA18331-1","display":"HIV-2 reactive (positive)"},{"code":"LA18332-9","display":"HIV reactive (undifferentiated)"},{"code":"LA21479-3","display":"HIV1 p24 Antigen (+) and HIV 1+2 Antibody (-)"},{"code":"LA21480-1","display":"HIV1 p24 Antigen (-) and HIV 1+2 Antibody (+)"},{"code":"LA21481-9","display":"HIV1 p24 Antigen (+) and HIV 1+2 Antibody (+)"},{"code":"LA21482-7","display":"HIV1 p24 Antigen (-) and HIV 1+2 Antibody (-)"},{"code":"LA11884-6","display":"Indeterminant"},{"code":"LA15841-2","display":"Invalid"}]}]}}