{"resourceType":"CodeSystem","id":"shr-core-YesNoCS","text":{"status":"generated","div":"<div xmlns=\"http://www.w3.org/1999/xhtml\">\n<p><b>SHR YesNoCS CodeSystem</b></p>\n<p>Code set indicating yes or no.</p>\n</div>"},"url":"http://standardhealthrecord.org/shr/core/cs/YesNoCS","identifier":{"system":"http://standardhealthrecord.org","value":"shr.core.YesNoCS"},"version":"0.1.0","name":"YesNoCS","title":"SHR YesNoCS CodeSystem","status":"draft","date":"2018-08-22T00:00:00-04:00","publisher":"The MITRE Corporation: Standard Health Record Collaborative","contact":[{"telecom":[{"system":"url","value":"http://standardhealthrecord.org"}]}],"description":"Code set indicating yes or no.","caseSensitive":true,"content":"complete","count":2,"concept":[{"code":"yes","display":"Yes, or true","definition":"Yes, or true"},{"code":"no","display":"No, or false","definition":"No, or false"}]}