{"resourceType":"CodeSystem","id":"shr-behavior-DietNutritionConcernCS","meta":{"profile":["http://hl7.org/fhir/StructureDefinition/codesystem-shareable-definition"]},"text":{"status":"generated","div":"<div xmlns=\"http://www.w3.org/1999/xhtml\">\n<p><b>SHR DietNutritionConcernCS CodeSystem</b></p>\n<p/>\n</div>"},"url":"http://standardhealthrecord.org/shr/behavior/cs/DietNutritionConcernCS","identifier":{"system":"http://standardhealthrecord.org","value":"shr.behavior.DietNutritionConcernCS"},"version":"0.0.1","name":"SHR DietNutritionConcernCS CodeSystem","title":"SHR DietNutritionConcernCS CodeSystem","status":"draft","date":"2017-05-10T18:00:13.087Z","publisher":"The MITRE Corporation: Standard Health Record Collaborative","contact":[{"telecom":[{"system":"url","value":"http://www.standardhealthrecord.org"}]}],"caseSensitive":true,"content":"complete","count":18,"concept":[{"code":"sugar","display":"Too much sugar","definition":"Too much sugar"},{"code":"snacks","display":"Frequent snacking","definition":"Frequent snacking"},{"code":"caffeine","display":"Too much caffeine","definition":"Too much caffeine"},{"code":"cholesterol","display":"Too much cholesterol","definition":"Too much cholesterol"},{"code":"overeating","display":"Eating too much","definition":"Eating too much"},{"code":"undereating","display":"Eating too little","definition":"Eating too little"},{"code":"unhealthy_diet","display":"Eating an unhealthy diet","definition":"Eating an unhealthy diet"},{"code":"chewing","display":"Problem chewing","definition":"Problem chewing"},{"code":"swallowing","display":"Problem swallowing","definition":"Problem swallowing"},{"code":"high_appetite","display":"Increased appetite","definition":"Increased appetite"},{"code":"low_appetite","display":"Decreased appetite","definition":"Decreased appetite"},{"code":"taste","display":"Problem with food taste","definition":"Problem with food taste"},{"code":"constipation","display":"Constipation","definition":"Constipation"},{"code":"diarrhea","display":"Diarrhea","definition":"Diarrhea"},{"code":"abdominal_pain","display":"Abdominal pain","definition":"Abdominal pain"},{"code":"gas","display":"Flatulence","definition":"Flatulence"},{"code":"binging","display":"Binge eating","definition":"Binge eating"},{"code":"purging","display":"Purging","definition":"Purging"}]}