{"resourceType":"CodeSystem","id":"shr-skin-WoundAssociationCS","text":{"status":"generated","div":"<div xmlns=\"http://www.w3.org/1999/xhtml\">\n<p><b>SHR WoundAssociationCS CodeSystem</b></p>\n<p/>\n</div>"},"url":"http://standardhealthrecord.org/shr/skin/cs/WoundAssociationCS","identifier":{"system":"http://standardhealthrecord.org","value":"shr.skin.WoundAssociationCS"},"version":"0.0.1","name":"SHR WoundAssociationCS CodeSystem","title":"SHR WoundAssociationCS CodeSystem","status":"draft","date":"2017-12-20","publisher":"The MITRE Corporation: Standard Health Record Collaborative","contact":[{"telecom":[{"system":"url","value":"http://standardhealthrecord.org"}]}],"caseSensitive":true,"content":"complete","count":2,"concept":[{"code":"device","display":"Device related","definition":"Device related"},{"code":"pressure_point","display":"Pressure-point related","definition":"Pressure-point related"}]}