{"resourceType":"CodeSystem","id":"shr-lifehistory-USMilitaryBranchCS","text":{"status":"generated","div":"<div xmlns=\"http://www.w3.org/1999/xhtml\">\n<p><b>SHR USMilitaryBranchCS CodeSystem</b></p>\n<p/>\n</div>"},"url":"http://standardhealthrecord.org/shr/lifehistory/cs/USMilitaryBranchCS","identifier":{"system":"http://standardhealthrecord.org","value":"shr.lifehistory.USMilitaryBranchCS"},"version":"0.0.1","name":"SHR USMilitaryBranchCS CodeSystem","title":"SHR USMilitaryBranchCS CodeSystem","status":"draft","date":"2018-02-27","publisher":"The MITRE Corporation: Standard Health Record Collaborative","contact":[{"telecom":[{"system":"url","value":"http://standardhealthrecord.org"}]}],"caseSensitive":true,"content":"complete","count":7,"concept":[{"code":"usa","display":"US Army","definition":"US Army"},{"code":"usn","display":"US Navy","definition":"US Navy"},{"code":"usaf","display":"US Air Force","definition":"US Air Force"},{"code":"usmc","display":"US Marine Corps","definition":"US Marine Corps"},{"code":"uscg","display":"US Coast Guard","definition":"US Coast Guard"},{"code":"usphc","display":"US Public Health Service","definition":"US Public Health Service"},{"code":"noaa","display":"National Oceanic and Atmospheric Administration","definition":"National Oceanic and Atmospheric Administration"}]}