{"resourceType":"CodeSystem","id":"shr-skin-SupportSurfaceBodyPositionCS","text":{"status":"generated","div":"<div xmlns=\"http://www.w3.org/1999/xhtml\">\n<p><b>SHR SupportSurfaceBodyPositionCS CodeSystem</b></p>\n<p/>\n</div>"},"url":"http://standardhealthrecord.org/shr/skin/cs/SupportSurfaceBodyPositionCS","identifier":{"system":"http://standardhealthrecord.org","value":"shr.skin.SupportSurfaceBodyPositionCS"},"version":"0.0.1","name":"SHR SupportSurfaceBodyPositionCS CodeSystem","title":"SHR SupportSurfaceBodyPositionCS CodeSystem","status":"draft","date":"2017-12-20","publisher":"The MITRE Corporation: Standard Health Record Collaborative","contact":[{"telecom":[{"system":"url","value":"http://standardhealthrecord.org"}]}],"caseSensitive":true,"content":"complete","count":2,"concept":[{"code":"sitting","display":"Sitting","definition":"Sitting"},{"code":"lying","display":"Lying","definition":"Lying"}]}