{"resourceType":"StructureDefinition","id":"shr-core-PercentageRange","text":{"status":"generated","div":"<div xmlns=\"http://www.w3.org/1999/xhtml\">\n  <p><b>SHR PercentageRange Profile</b></p>\n  <p>A range of percentage values.</p>\n  <p><b>SHR Mapping Summary</b></p>\n  <p><pre>shr.core.PercentageRange maps to Range:\n  LowerBound maps to low\n  UpperBound maps to high\n</pre></p>\n</div>"},"url":"http://standardhealthrecord.org/fhir/StructureDefinition/shr-core-PercentageRange","identifier":[{"system":"http://standardhealthrecord.org","value":"shr.core.PercentageRange"}],"version":"0.1.0","name":"PercentageRangeProfile","title":"SHR PercentageRange Profile","status":"draft","date":"2018-08-21T00:00:00-04:00","publisher":"The MITRE Corporation: Standard Health Record Collaborative","contact":[{"telecom":[{"system":"url","value":"http://standardhealthrecord.org"}]}],"description":"A range of percentage values.","purpose":"Need to be able to specify ranges of values.","fhirVersion":"3.0.1","mapping":[{"identity":"v2","uri":"http://hl7.org/v2","name":"HL7 v2 Mapping"},{"identity":"rim","uri":"http://hl7.org/v3","name":"RIM Mapping"}],"kind":"complex-type","abstract":false,"type":"Range","baseDefinition":"http://hl7.org/fhir/StructureDefinition/Range","derivation":"constraint","snapshot":{"element":[{"id":"Range:shr-core-PercentageRange","path":"Range","short":"SHR PercentageRange Profile","definition":"A range of percentage values.","comment":"The stated low and high value are assumed to have arbitrarily high precision when it comes to determining which values are in the range. I.e. 1.99 is not in the range 2 -> 3.","min":0,"max":"*","condition":["ele-1"],"constraint":[{"key":"ele-1","severity":"error","human":"All FHIR elements must have a @value or children","expression":"hasValue() | (children().count() > id.count())","xpath":"@value|f:*|h:div","source":"Element"},{"key":"rng-2","severity":"error","human":"If present, low SHALL have a lower value than high","expression":"low.empty() or high.empty() or (low <= high)","xpath":"not(exists(f:low/f:value/@value)) or not(exists(f:high/f:value/@value)) or (number(f:low/f:value/@value) <= number(f:high/f:value/@value))"}],"mapping":[{"identity":"rim","map":"n/a"},{"identity":"v2","map":"NR and also possibly SN (but see also quantity)"},{"identity":"rim","map":"IVL<QTY[not(type=\"TS\")]> [lowClosed=\"true\" and highClosed=\"true\"]or URG<QTY[not(type=\"TS\")]>"}]},{"id":"Range:shr-core-PercentageRange.id","path":"Range.id","representation":["xmlAttr"],"short":"xml:id (or equivalent in JSON)","definition":"unique id for the element within a resource (for internal references). This may be any string value that does not contain spaces.","min":0,"max":"1","base":{"path":"Element.id","min":0,"max":"1"},"type":[{"code":"string"}],"mapping":[{"identity":"rim","map":"n/a"}]},{"id":"Range:shr-core-PercentageRange.extension","path":"Range.extension","slicing":{"discriminator":[{"type":"value","path":"url"}],"description":"Extensions are always sliced by (at least) url","rules":"open"},"short":"Additional Content defined by implementations","definition":"May be used to represent additional information that is not part of the basic definition of the element. In order to make the use of extensions safe and manageable, there is a strict set of governance  applied to the definition and use of extensions. Though any implementer is allowed to define an extension, there is a set of requirements that SHALL be met as part of the definition of the extension.","comment":"There can be no stigma associated with the use of extensions by any application, project, or standard - regardless of the institution or jurisdiction that uses or defines the extensions.  The use of extensions is what allows the FHIR specification to retain a core level of simplicity for everyone.","alias":["extensions","user content"],"min":0,"max":"*","base":{"path":"Element.extension","min":0,"max":"*"},"type":[{"code":"Extension"}],"mapping":[{"identity":"rim","map":"n/a"}]},{"id":"Range:shr-core-PercentageRange.low","path":"Range.low","short":"Low limit","definition":"The low limit. The boundary is inclusive.","comment":"If the low element is missing, the low boundary is not known.","min":0,"max":"1","type":[{"code":"Quantity","profile":"http://standardhealthrecord.org/fhir/StructureDefinition/shr-core-Percentage"}],"condition":["rng-2"],"isSummary":true,"mapping":[{"identity":"v2","map":"NR.1"},{"identity":"rim","map":"./low"}]},{"id":"Range:shr-core-PercentageRange.high","path":"Range.high","short":"High limit","definition":"The high limit. The boundary is inclusive.","comment":"If the high element is missing, the high boundary is not known.","min":0,"max":"1","type":[{"code":"Quantity","profile":"http://standardhealthrecord.org/fhir/StructureDefinition/shr-core-Percentage"}],"condition":["rng-2"],"isSummary":true,"mapping":[{"identity":"v2","map":"NR.2"},{"identity":"rim","map":"./high"}]}]},"differential":{"element":[{"id":"Range:shr-core-PercentageRange","path":"Range","short":"SHR PercentageRange Profile","definition":"A range of percentage values."},{"id":"Range:shr-core-PercentageRange.low","path":"Range.low","type":[{"code":"Quantity","profile":"http://standardhealthrecord.org/fhir/StructureDefinition/shr-core-Percentage"}]},{"id":"Range:shr-core-PercentageRange.high","path":"Range.high","type":[{"code":"Quantity","profile":"http://standardhealthrecord.org/fhir/StructureDefinition/shr-core-Percentage"}]}]}}