{"resourceType":"StructureDefinition","id":"shr-oncology-ReceptorAllredTotalScore-extension","text":{"status":"generated","div":"<div xmlns=\"http://www.w3.org/1999/xhtml\">\n  <p><b>SHR ReceptorAllredTotalScore Extension</b></p>\n  <p>Part of the Allred scoring, the total of proportion and intensity scores, from 0 to 8.</p>\n</div>"},"url":"http://standardhealthrecord.org/fhir/StructureDefinition/shr-oncology-ReceptorAllredTotalScore-extension","identifier":[{"system":"http://standardhealthrecord.org","value":"shr.oncology.ReceptorAllredTotalScore"}],"version":"0.0.1","name":"SHR ReceptorAllredTotalScore Extension","title":"SHR ReceptorAllredTotalScore Extension","status":"draft","date":"2017-08-08T15:56:34.402Z","publisher":"The MITRE Corporation: Standard Health Record Collaborative","contact":[{"telecom":[{"system":"url","value":"http://www.standardhealthrecord.org"}]}],"description":"Part of the Allred scoring, the total of proportion and intensity scores, from 0 to 8.","fhirVersion":"3.0.1","kind":"complex-type","abstract":false,"contextType":"resource","context":["*"],"type":"Extension","baseDefinition":"http://hl7.org/fhir/StructureDefinition/Extension","derivation":"constraint","snapshot":{"element":[{"id":"Extension:receptorallredtotalscore","path":"Extension","short":"SHR ReceptorAllredTotalScore Extension","definition":"Part of the Allred scoring, the total of proportion and intensity scores, from 0 to 8.","min":0,"max":"*","base":{"path":"Extension","min":0,"max":"1"},"condition":["ele-1"],"constraint":[{"key":"ele-1","severity":"error","human":"All FHIR elements must have a @value or children","expression":"children().count() > id.count()","xpath":"@value|f:*|h:div","source":"Element"},{"key":"ext-1","severity":"error","human":"Must have either extensions or value[x], not both","expression":"extension.exists() != value.exists()","xpath":"exists(f:extension)!=exists(f:*[starts-with(local-name(.), 'value')])","source":"Extension"}]},{"id":"Extension:receptorallredtotalscore.id","path":"Extension.id","representation":["xmlAttr"],"short":"xml:id (or equivalent in JSON)","definition":"unique id for the element within a resource (for internal references). This may be any string value that does not contain spaces.","min":0,"max":"1","base":{"path":"Element.id","min":0,"max":"1"},"type":[{"code":"string"}],"mapping":[{"identity":"rim","map":"N/A"}]},{"id":"Extension:receptorallredtotalscore.extension","path":"Extension.extension","slicing":{"id":"326","discriminator":[{"type":"value","path":"url"}],"ordered":false,"rules":"open"},"short":"Extension","definition":"An Extension","min":0,"max":"*","base":{"path":"Element.extension","min":0,"max":"*"},"type":[{"code":"Extension"}]},{"id":"Extension:receptorallredtotalscore.extension:quantity","path":"Extension.extension","sliceName":"quantity","definition":"A quantity with units.","min":1,"max":"1","base":{"path":"Extension.extension","min":0,"max":"1"},"type":[{"code":"Extension","profile":"http://standardhealthrecord.org/fhir/StructureDefinition/shr-core-Quantity-extension"}],"isModifier":false,"mapping":[{"identity":"rim","map":"N/A"}]},{"id":"Extension:receptorallredtotalscore.extension:specifictype","path":"Extension.extension","sliceName":"specifictype","definition":"A code or description representing the concept represented by the instance at a specific level. For example, for a Condition, the concept is MTH#C0348080 (Condition) but the Value is the SpecificType, i.e. MTH#C0011849 (Diabetes Mellitus). For an observation, the SpecificType defines what is being observed, measured, or asked, as specifically as possible. The SpecificType should always align with the concept of the element, for example, a blood pressure observation can be coded as a sitting blood pressure or standing blood pressure, and may be from a different code system (e.g. LOINC versus MTH). In other cases, the SpecificType is the specific question being asked, or the specific goal being pursued.","min":0,"max":"1","base":{"path":"Extension.extension","min":0,"max":"1"},"type":[{"code":"Extension","profile":"http://standardhealthrecord.org/fhir/StructureDefinition/shr-core-SpecificType-extension"}],"isModifier":false,"mapping":[{"identity":"rim","map":"N/A"}]},{"id":"Extension:receptorallredtotalscore.extension:dataabsentreason","path":"Extension.extension","sliceName":"dataabsentreason","definition":"Provides a reason why the value of the observation is missing, if it is expected (some observations are not expected to have a value).","min":0,"max":"1","base":{"path":"Extension.extension","min":0,"max":"1"},"type":[{"code":"Extension","profile":"http://standardhealthrecord.org/fhir/StructureDefinition/shr-observation-DataAbsentReason-extension"}],"isModifier":false,"mapping":[{"identity":"rim","map":"N/A"}]},{"id":"Extension:receptorallredtotalscore.extension:interpretation","path":"Extension.extension","sliceName":"interpretation","definition":"A clinical interpretation of a measurement.","min":0,"max":"1","base":{"path":"Extension.extension","min":0,"max":"1"},"type":[{"code":"Extension","profile":"http://standardhealthrecord.org/fhir/StructureDefinition/shr-lab-Interpretation-extension"}],"isModifier":false,"mapping":[{"identity":"rim","map":"N/A"}]},{"id":"Extension:receptorallredtotalscore.extension:referencerange","path":"Extension.extension","sliceName":"referencerange","definition":"The usual or acceptable range for a test result.","min":0,"max":"*","base":{"path":"Extension.extension","min":0,"max":"1"},"type":[{"code":"Extension","profile":"http://standardhealthrecord.org/fhir/StructureDefinition/shr-observation-ReferenceRange-extension"}],"isModifier":false,"mapping":[{"identity":"rim","map":"N/A"}]},{"id":"Extension:receptorallredtotalscore.url","path":"Extension.url","representation":["xmlAttr"],"short":"identifies the meaning of the extension","definition":"Source of the definition for the extension code - a logical name or a URL.","min":1,"max":"1","base":{"path":"Extension.url","min":1,"max":"1"},"type":[{"code":"uri"}],"fixedUri":"http://standardhealthrecord.org/fhir/StructureDefinition/shr-oncology-ReceptorAllredTotalScore-extension","mapping":[{"identity":"rim","map":"N/A"}]},{"id":"Extension:receptorallredtotalscore.value[x]","path":"Extension.value[x]","short":"Value of extension","definition":"Value of extension - may be a resource or one of a constrained set of the data types (see Extensibility in the spec for list).","min":0,"max":"0","base":{"path":"Extension.value[x]","min":0,"max":"1"},"type":[{"code":"base64Binary"},{"code":"boolean"},{"code":"code"},{"code":"date"},{"code":"dateTime"},{"code":"decimal"},{"code":"id"},{"code":"instant"},{"code":"integer"},{"code":"markdown"},{"code":"oid"},{"code":"positiveInt"},{"code":"string"},{"code":"time"},{"code":"unsignedInt"},{"code":"uri"},{"code":"Address"},{"code":"Age"},{"code":"Annotation"},{"code":"Attachment"},{"code":"CodeableConcept"},{"code":"Coding"},{"code":"ContactPoint"},{"code":"Count"},{"code":"Distance"},{"code":"Duration"},{"code":"HumanName"},{"code":"Identifier"},{"code":"Money"},{"code":"Period"},{"code":"Quantity"},{"code":"Range"},{"code":"Ratio"},{"code":"Reference"},{"code":"SampledData"},{"code":"Signature"},{"code":"Timing"},{"code":"Meta"}],"mapping":[{"identity":"rim","map":"N/A"}]}]},"differential":{"element":[{"id":"Extension:receptorallredtotalscore","path":"Extension","short":"SHR ReceptorAllredTotalScore Extension","definition":"Part of the Allred scoring, the total of proportion and intensity scores, from 0 to 8.","min":0,"max":"*"},{"id":"Extension:receptorallredtotalscore.extension:quantity","path":"Extension.extension","sliceName":"quantity","definition":"A quantity with units.","min":1,"max":"1","type":[{"code":"Extension","profile":"http://standardhealthrecord.org/fhir/StructureDefinition/shr-core-Quantity-extension"}]},{"id":"Extension:receptorallredtotalscore.extension:specifictype","path":"Extension.extension","sliceName":"specifictype","definition":"A code or description representing the concept represented by the instance at a specific level. For example, for a Condition, the concept is MTH#C0348080 (Condition) but the Value is the SpecificType, i.e. MTH#C0011849 (Diabetes Mellitus). For an observation, the SpecificType defines what is being observed, measured, or asked, as specifically as possible. The SpecificType should always align with the concept of the element, for example, a blood pressure observation can be coded as a sitting blood pressure or standing blood pressure, and may be from a different code system (e.g. LOINC versus MTH). In other cases, the SpecificType is the specific question being asked, or the specific goal being pursued.","min":0,"max":"1","type":[{"code":"Extension","profile":"http://standardhealthrecord.org/fhir/StructureDefinition/shr-core-SpecificType-extension"}]},{"id":"Extension:receptorallredtotalscore.extension:dataabsentreason","path":"Extension.extension","sliceName":"dataabsentreason","definition":"Provides a reason why the value of the observation is missing, if it is expected (some observations are not expected to have a value).","min":0,"max":"1","type":[{"code":"Extension","profile":"http://standardhealthrecord.org/fhir/StructureDefinition/shr-observation-DataAbsentReason-extension"}]},{"id":"Extension:receptorallredtotalscore.extension:interpretation","path":"Extension.extension","sliceName":"interpretation","definition":"A clinical interpretation of a measurement.","min":0,"max":"1","type":[{"code":"Extension","profile":"http://standardhealthrecord.org/fhir/StructureDefinition/shr-lab-Interpretation-extension"}]},{"id":"Extension:receptorallredtotalscore.extension:referencerange","path":"Extension.extension","sliceName":"referencerange","definition":"The usual or acceptable range for a test result.","min":0,"max":"*","type":[{"code":"Extension","profile":"http://standardhealthrecord.org/fhir/StructureDefinition/shr-observation-ReferenceRange-extension"}]},{"id":"Extension:receptorallredtotalscore.url","path":"Extension.url","type":[{"code":"uri"}],"fixedUri":"http://standardhealthrecord.org/fhir/StructureDefinition/shr-oncology-ReceptorAllredTotalScore-extension"},{"id":"Extension:receptorallredtotalscore.value[x]","path":"Extension.value[x]","min":0,"max":"0"}]}}