{"resourceType":"StructureDefinition","id":"shr-medication-MedicationUsed","text":{"status":"generated","div":"<div xmlns=\"http://www.w3.org/1999/xhtml\">\n  <p><b>SHR MedicationUsed Profile</b></p>\n  <p>A record of the use of a medication.</p>\n  <p><b>SHR Mapping Summary</b></p>\n  <p><pre>shr.medication.MedicationUsed maps to http://hl7.org/fhir/us/core/StructureDefinition/us-core-medicationstatement:\n  Informant maps to informationSource\n  Entry.CreationTime maps to dateAsserted\n  MedicationOrCode maps to medication[x]\n  Category maps to category\n  fix taken to #y\n  constrain reasonNotTaken to 0..0\n  constrain dosage to 0..1\n  Dosage maps to dosage\n  PerformedContext.Reason maps to reasonCode\n  PerformedContext.OccurrenceTimeOrPeriod maps to effective[x]\n  PerformedContext.Status maps to status\n</pre></p>\n</div>"},"url":"http://standardhealthrecord.org/fhir/StructureDefinition/shr-medication-MedicationUsed","identifier":[{"system":"http://standardhealthrecord.org","value":"shr.medication.MedicationUsed"}],"version":"0.0.1","name":"SHR MedicationUsed Profile","status":"draft","date":"2017-12-12","publisher":"The MITRE Corporation: Standard Health Record Collaborative","contact":[{"telecom":[{"system":"url","value":"http://standardhealthrecord.org"}]}],"description":"A record of the use of a medication.","jurisdiction":[{"coding":[{"system":"urn:iso:std:iso:3166","code":"US","display":"United States Minor Outlying Islands (the)"}]}],"fhirVersion":"3.0.1","mapping":[{"identity":"argonaut-dq-dstu2","uri":"http://unknown.org/Argonaut DQ DSTU2","name":"Argonaut DQ DSTU2"},{"identity":"workflow","uri":"http://hl7.org/fhir/workflow","name":"Workflow Mapping"},{"identity":"rim","uri":"http://hl7.org/v3","name":"RIM Mapping"},{"identity":"w5","uri":"http://hl7.org/fhir/w5","name":"W5 Mapping"},{"identity":"v2","uri":"http://hl7.org/v2","name":"HL7 v2 Mapping"}],"kind":"resource","abstract":false,"type":"MedicationStatement","baseDefinition":"http://hl7.org/fhir/us/core/StructureDefinition/us-core-medicationstatement","derivation":"constraint","snapshot":{"element":[{"id":"MedicationStatement:shr-medication-MedicationUsed","path":"MedicationStatement","short":"SHR MedicationUsed Profile","definition":"A record of the use of a medication.","comment":"When interpreting a medicationStatement, the value of the status and NotTaken needed to be considered:\rMedicationStatement.status + MedicationStatement.wasNotTaken\rStatus=Active + NotTaken=T = Not currently taking\rStatus=Completed + NotTaken=T = Not taken in the past\rStatus=Intended + NotTaken=T = No intention of taking\rStatus=Active + NotTaken=F = Taking, but not as prescribed\rStatus=Active + NotTaken=F = Taking\rStatus=Intended +NotTaken= F = Will be taking (not started)\rStatus=Completed + NotTaken=F = Taken in past\rStatus=In Error + NotTaken=N/A = In Error.","min":0,"max":"*","base":{"path":"MedicationStatement","min":0,"max":"*"},"constraint":[{"key":"dom-2","severity":"error","human":"If the resource is contained in another resource, it SHALL NOT contain nested Resources","expression":"contained.contained.empty()","xpath":"not(parent::f:contained and f:contained)","source":"DomainResource"},{"key":"dom-1","severity":"error","human":"If the resource is contained in another resource, it SHALL NOT contain any narrative","expression":"contained.text.empty()","xpath":"not(parent::f:contained and f:text)","source":"DomainResource"},{"key":"dom-4","severity":"error","human":"If a resource is contained in another resource, it SHALL NOT have a meta.versionId or a meta.lastUpdated","expression":"contained.meta.versionId.empty() and contained.meta.lastUpdated.empty()","xpath":"not(exists(f:contained/*/f:meta/f:versionId)) and not(exists(f:contained/*/f:meta/f:lastUpdated))","source":"DomainResource"},{"key":"dom-3","severity":"error","human":"If the resource is contained in another resource, it SHALL be referred to from elsewhere in the resource","expression":"contained.where(('#'+id in %resource.descendants().reference).not()).empty()","xpath":"not(exists(for $id in f:contained/*/@id return $id[not(ancestor::f:contained/parent::*/descendant::f:reference/@value=concat('#', $id))]))","source":"DomainResource"},{"key":"mst-1","severity":"error","human":"Reason not taken is only permitted if Taken is No","expression":"reasonNotTaken.exists().not() or (taken = 'n')","xpath":"not(exists(f:reasonNotTaken)) or f:taken/@value='n'","source":"MedicationStatement"}],"mustSupport":false,"mapping":[{"identity":"rim","map":"Entity. Role, or Act"},{"identity":"workflow","map":"..Event"},{"identity":"rim","map":"SubstanceAdministration"},{"identity":"w5","map":"clinical.medication"},{"identity":"argonaut-dq-dstu2","map":"MedicationStatement"}]},{"id":"MedicationStatement:shr-medication-MedicationUsed.id","path":"MedicationStatement.id","short":"Logical id of this artifact","definition":"The logical id of the resource, as used in the URL for the resource. Once assigned, this value never changes.","comment":"The only time that a resource does not have an id is when it is being submitted to the server using a create operation.","min":0,"max":"1","base":{"path":"Resource.id","min":0,"max":"1"},"type":[{"code":"id"}],"isSummary":true},{"id":"MedicationStatement:shr-medication-MedicationUsed.meta","path":"MedicationStatement.meta","short":"Metadata about the resource","definition":"The metadata about the resource. This is content that is maintained by the infrastructure. Changes to the content may not always be associated with version changes to the resource.","min":0,"max":"1","base":{"path":"Resource.meta","min":0,"max":"1"},"type":[{"code":"Meta"}],"isSummary":true},{"id":"MedicationStatement:shr-medication-MedicationUsed.implicitRules","path":"MedicationStatement.implicitRules","short":"A set of rules under which this content was created","definition":"A reference to a set of rules that were followed when the resource was constructed, and which must be understood when processing the content.","comment":"Asserting this rule set restricts the content to be only understood by a limited set of trading partners. This inherently limits the usefulness of the data in the long term. However, the existing health eco-system is highly fractured, and not yet ready to define, collect, and exchange data in a generally computable sense. Wherever possible, implementers and/or specification writers should avoid using this element. \n\nThis element is labelled as a modifier because the implicit rules may provide additional knowledge about the resource that modifies it's meaning or interpretation.","min":0,"max":"1","base":{"path":"Resource.implicitRules","min":0,"max":"1"},"type":[{"code":"uri"}],"isModifier":true,"isSummary":true},{"id":"MedicationStatement:shr-medication-MedicationUsed.language","path":"MedicationStatement.language","short":"Language of the resource content","definition":"The base language in which the resource is written.","comment":"Language is provided to support indexing and accessibility (typically, services such as text to speech use the language tag). The html language tag in the narrative applies  to the narrative. The language tag on the resource may be used to specify the language of other presentations generated from the data in the resource  Not all the content has to be in the base language. The Resource.language should not be assumed to apply to the narrative automatically. If a language is specified, it should it also be specified on the div element in the html (see rules in HTML5 for information about the relationship between xml:lang and the html lang attribute).","min":0,"max":"1","base":{"path":"Resource.language","min":0,"max":"1"},"type":[{"code":"code"}],"binding":{"extension":[{"url":"http://hl7.org/fhir/StructureDefinition/elementdefinition-maxValueSet","valueReference":{"reference":"http://hl7.org/fhir/ValueSet/all-languages"}},{"url":"http://hl7.org/fhir/StructureDefinition/elementdefinition-bindingName","valueString":"Language"},{"url":"http://hl7.org/fhir/StructureDefinition/elementdefinition-isCommonBinding","valueBoolean":true}],"strength":"extensible","description":"A human language.","valueSetReference":{"reference":"http://hl7.org/fhir/ValueSet/languages"}}},{"id":"MedicationStatement:shr-medication-MedicationUsed.text","path":"MedicationStatement.text","short":"Text summary of the resource, for human interpretation","definition":"A human-readable narrative that contains a summary of the resource, and may be used to represent the content of the resource to a human. The narrative need not encode all the structured data, but is required to contain sufficient detail to make it \"clinically safe\" for a human to just read the narrative. Resource definitions may define what content should be represented in the narrative to ensure clinical safety.","comment":"Contained resources do not have narrative. Resources that are not contained SHOULD have a narrative. In some cases, a resource may only have text with little or no additional discrete data (as long as all minOccurs=1 elements are satisfied).  This may be necessary for data from legacy systems where information is captured as a \"text blob\" or where text is additionally entered raw or narrated and encoded in formation is added later.","alias":["narrative","html","xhtml","display"],"min":0,"max":"1","base":{"path":"DomainResource.text","min":0,"max":"1"},"type":[{"code":"Narrative"}],"condition":["dom-1"],"mapping":[{"identity":"rim","map":"Act.text?"}]},{"id":"MedicationStatement:shr-medication-MedicationUsed.contained","path":"MedicationStatement.contained","short":"Contained, inline Resources","definition":"These resources do not have an independent existence apart from the resource that contains them - they cannot be identified independently, and nor can they have their own independent transaction scope.","comment":"This should never be done when the content can be identified properly, as once identification is lost, it is extremely difficult (and context dependent) to restore it again.","alias":["inline resources","anonymous resources","contained resources"],"min":0,"max":"*","base":{"path":"DomainResource.contained","min":0,"max":"*"},"type":[{"code":"Resource"}],"mapping":[{"identity":"rim","map":"N/A"}]},{"id":"MedicationStatement:shr-medication-MedicationUsed.extension","path":"MedicationStatement.extension","slicing":{"id":"68","discriminator":[{"type":"value","path":"url"}],"ordered":false,"rules":"open"},"short":"Additional Content defined by implementations","definition":"May be used to represent additional information that is not part of the basic definition of the resource. In order to make the use of extensions safe and manageable, there is a strict set of governance  applied to the definition and use of extensions. Though any implementer is allowed to define an extension, there is a set of requirements that SHALL be met as part of the definition of the extension.","comment":"There can be no stigma associated with the use of extensions by any application, project, or standard - regardless of the institution or jurisdiction that uses or defines the extensions.  The use of extensions is what allows the FHIR specification to retain a core level of simplicity for everyone.","alias":["extensions","user content"],"min":0,"max":"*","base":{"path":"DomainResource.extension","min":0,"max":"*"},"type":[{"code":"Extension"}],"mapping":[{"identity":"rim","map":"N/A"}]},{"id":"MedicationStatement:shr-medication-MedicationUsed.extension:relatedencounter","path":"MedicationStatement.extension","sliceName":"relatedencounter","definition":"If content was generated during a patient encounter, related encounter is the encounter where the information was gained.","min":0,"max":"1","type":[{"code":"Extension","profile":"http://standardhealthrecord.org/fhir/StructureDefinition/shr-base-RelatedEncounter-extension"}]},{"id":"MedicationStatement:shr-medication-MedicationUsed.extension:author","path":"MedicationStatement.extension","sliceName":"author","definition":"The person or organization who created the entry and is responsible for (and may certify) the content.","min":0,"max":"1","type":[{"code":"Extension","profile":"http://standardhealthrecord.org/fhir/StructureDefinition/shr-base-Author-extension"}]},{"id":"MedicationStatement:shr-medication-MedicationUsed.extension:type","path":"MedicationStatement.extension","sliceName":"type","definition":"The most specific code (lowest level term) describing the kind or sort of thing being represented.","min":0,"max":"1","type":[{"code":"Extension","profile":"http://standardhealthrecord.org/fhir/StructureDefinition/shr-entity-Type-extension"}]},{"id":"MedicationStatement:shr-medication-MedicationUsed.extension:performedcontext","path":"MedicationStatement.extension","sliceName":"performedcontext","definition":"ActionContext indicating actual performance or execution of a healthcare-related action, e.g., 3rd dose of Hepatitis B vaccine administered on Dec 4th 2012, appendectomy performed today.","min":1,"max":"1","type":[{"code":"Extension","profile":"http://standardhealthrecord.org/fhir/StructureDefinition/shr-action-PerformedContext-extension"}]},{"id":"MedicationStatement:shr-medication-MedicationUsed.extension:performedcontext.id","path":"MedicationStatement.extension.id","representation":["xmlAttr"],"short":"xml:id (or equivalent in JSON)","definition":"unique id for the element within a resource (for internal references). This may be any string value that does not contain spaces.","min":0,"max":"1","base":{"path":"Element.id","min":0,"max":"1"},"type":[{"code":"string"}],"mapping":[{"identity":"rim","map":"N/A"}]},{"id":"MedicationStatement:shr-medication-MedicationUsed.extension:performedcontext.extension","path":"MedicationStatement.extension.extension","slicing":{"id":"14","discriminator":[{"type":"value","path":"url"}],"ordered":false,"rules":"open"},"short":"Extension","definition":"An Extension","min":0,"max":"*","base":{"path":"Element.extension","min":0,"max":"*"},"type":[{"code":"Extension"}]},{"id":"MedicationStatement:shr-medication-MedicationUsed.extension:performedcontext.extension:reason","path":"MedicationStatement.extension.extension","sliceName":"reason","definition":"The justification for an action or non-action, conclusion, opinion, etc.","min":0,"max":"*","base":{"path":"Extension.extension","min":0,"max":"1"},"type":[{"code":"Extension","profile":"http://standardhealthrecord.org/fhir/StructureDefinition/shr-core-Reason-extension"}],"isModifier":false,"mapping":[{"identity":"rim","map":"N/A"}]},{"id":"MedicationStatement:shr-medication-MedicationUsed.extension:performedcontext.extension:occurrencetimeorperiod","path":"MedicationStatement.extension.extension","sliceName":"occurrencetimeorperiod","definition":"The point in time or span of time in which something happens.","min":0,"max":"1","base":{"path":"Extension.extension","min":0,"max":"1"},"type":[{"code":"Extension","profile":"http://standardhealthrecord.org/fhir/StructureDefinition/shr-core-OccurrenceTimeOrPeriod-extension"}],"isModifier":false,"mapping":[{"identity":"rim","map":"N/A"}]},{"id":"MedicationStatement:shr-medication-MedicationUsed.extension:performedcontext.extension:participant","path":"MedicationStatement.extension.extension","sliceName":"participant","definition":"An object (usually a Person, Party, or Organization but potentially a device or other Object) that participates in a task or activity.","min":0,"max":"*","base":{"path":"Extension.extension","min":0,"max":"1"},"type":[{"code":"Extension","profile":"http://standardhealthrecord.org/fhir/StructureDefinition/shr-action-Participant-extension"}],"isModifier":false,"mapping":[{"identity":"rim","map":"N/A"}]},{"id":"MedicationStatement:shr-medication-MedicationUsed.extension:performedcontext.extension:status","path":"MedicationStatement.extension.extension","sliceName":"status","definition":"Position in workflow.","min":1,"max":"1","base":{"path":"Extension.extension","min":0,"max":"1"},"type":[{"code":"Extension","profile":"http://standardhealthrecord.org/fhir/StructureDefinition/shr-action-Status-extension"}],"isModifier":false,"mapping":[{"identity":"rim","map":"N/A"}]},{"id":"MedicationStatement:shr-medication-MedicationUsed.extension:performedcontext.extension:status.id","path":"MedicationStatement.extension.extension.id","representation":["xmlAttr"],"short":"xml:id (or equivalent in JSON)","definition":"unique id for the element within a resource (for internal references). This may be any string value that does not contain spaces.","min":0,"max":"1","base":{"path":"Element.id","min":0,"max":"1"},"type":[{"code":"string"}],"mapping":[{"identity":"rim","map":"N/A"}]},{"id":"MedicationStatement:shr-medication-MedicationUsed.extension:performedcontext.extension:status.extension:extension","path":"MedicationStatement.extension.extension.extension","sliceName":"extension","short":"Extension","definition":"An Extension","min":0,"max":"0","base":{"path":"Element.extension","min":0,"max":"*"},"type":[{"code":"Extension"}]},{"id":"MedicationStatement:shr-medication-MedicationUsed.extension:performedcontext.extension:status.url","path":"MedicationStatement.extension.extension.url","representation":["xmlAttr"],"short":"identifies the meaning of the extension","definition":"Source of the definition for the extension code - a logical name or a URL.","comment":"The definition may point directly to a computable or human-readable definition of the extensibility codes, or it may be a logical URI as declared in some other specification. The definition SHALL be a URI for the Structure Definition defining the extension.","min":1,"max":"1","base":{"path":"Extension.url","min":1,"max":"1"},"type":[{"code":"uri"}],"fixedUri":"http://standardhealthrecord.org/fhir/StructureDefinition/shr-action-Status-extension","mapping":[{"identity":"rim","map":"N/A"}]},{"id":"MedicationStatement:shr-medication-MedicationUsed.extension:performedcontext.extension:status.value[x]","path":"MedicationStatement.extension.extension.value[x]","short":"Value of extension","definition":"Value of extension - may be a resource or one of a constrained set of the data types (see Extensibility in the spec for list).","min":1,"max":"1","base":{"path":"Extension.value[x]","min":0,"max":"1"},"type":[{"code":"code"},{"code":"Coding"},{"code":"CodeableConcept"}],"binding":{"strength":"required","valueSetReference":{"reference":"http://hl7.org/fhir/ValueSet/medication-statement-status"}},"mapping":[{"identity":"rim","map":"N/A"}]},{"id":"MedicationStatement:shr-medication-MedicationUsed.extension:performedcontext.extension:method","path":"MedicationStatement.extension.extension","sliceName":"method","definition":"The technique used to carry out an action, for example, the specific imaging technical or assessment vehicle.","min":0,"max":"1","base":{"path":"Extension.extension","min":0,"max":"1"},"type":[{"code":"Extension","profile":"http://standardhealthrecord.org/fhir/StructureDefinition/shr-action-Method-extension"}],"isModifier":false,"mapping":[{"identity":"rim","map":"N/A"}]},{"id":"MedicationStatement:shr-medication-MedicationUsed.extension:performedcontext.extension:method.id","path":"MedicationStatement.extension.extension.id","representation":["xmlAttr"],"short":"xml:id (or equivalent in JSON)","definition":"unique id for the element within a resource (for internal references). This may be any string value that does not contain spaces.","min":0,"max":"1","base":{"path":"Element.id","min":0,"max":"1"},"type":[{"code":"string"}],"mapping":[{"identity":"rim","map":"N/A"}]},{"id":"MedicationStatement:shr-medication-MedicationUsed.extension:performedcontext.extension:method.extension:extension","path":"MedicationStatement.extension.extension.extension","sliceName":"extension","short":"Extension","definition":"An Extension","min":0,"max":"0","base":{"path":"Element.extension","min":0,"max":"*"},"type":[{"code":"Extension"}]},{"id":"MedicationStatement:shr-medication-MedicationUsed.extension:performedcontext.extension:method.url","path":"MedicationStatement.extension.extension.url","representation":["xmlAttr"],"short":"identifies the meaning of the extension","definition":"Source of the definition for the extension code - a logical name or a URL.","comment":"The definition may point directly to a computable or human-readable definition of the extensibility codes, or it may be a logical URI as declared in some other specification. The definition SHALL be a URI for the Structure Definition defining the extension.","min":1,"max":"1","base":{"path":"Extension.url","min":1,"max":"1"},"type":[{"code":"uri"}],"fixedUri":"http://standardhealthrecord.org/fhir/StructureDefinition/shr-action-Method-extension","mapping":[{"identity":"rim","map":"N/A"}]},{"id":"MedicationStatement:shr-medication-MedicationUsed.extension:performedcontext.extension:method.valueCodeableConcept","path":"MedicationStatement.extension.extension.valueCodeableConcept","short":"Value of extension","definition":"Value of extension - may be a resource or one of a constrained set of the data types (see Extensibility in the spec for list).","min":1,"max":"1","base":{"path":"Extension.value[x]","min":0,"max":"1"},"type":[{"code":"CodeableConcept"}],"mapping":[{"identity":"rim","map":"N/A"}]},{"id":"MedicationStatement:shr-medication-MedicationUsed.extension:performedcontext.extension:relatedrequest","path":"MedicationStatement.extension.extension","sliceName":"relatedrequest","definition":"The request that this action fulfills","min":0,"max":"1","base":{"path":"Extension.extension","min":0,"max":"1"},"type":[{"code":"Extension","profile":"http://standardhealthrecord.org/fhir/StructureDefinition/shr-action-RelatedRequest-extension"}],"isModifier":false,"mapping":[{"identity":"rim","map":"N/A"}]},{"id":"MedicationStatement:shr-medication-MedicationUsed.extension:performedcontext.extension:relatedplan","path":"MedicationStatement.extension.extension","sliceName":"relatedplan","definition":"The plan that this action fulfills","min":0,"max":"1","base":{"path":"Extension.extension","min":0,"max":"1"},"type":[{"code":"Extension","profile":"http://standardhealthrecord.org/fhir/StructureDefinition/shr-action-RelatedPlan-extension"}],"isModifier":false,"mapping":[{"identity":"rim","map":"N/A"}]},{"id":"MedicationStatement:shr-medication-MedicationUsed.extension:performedcontext.extension:facility","path":"MedicationStatement.extension.extension","sliceName":"facility","definition":"Services and space and equipment provided for a particular purpose; a building or place that provides a particular service or is used for a particular industry. Could be a clinical site, community site, or a mobile facility.","min":0,"max":"*","base":{"path":"Extension.extension","min":0,"max":"1"},"type":[{"code":"Extension","profile":"http://standardhealthrecord.org/fhir/StructureDefinition/shr-entity-Facility-extension"}],"isModifier":false,"mapping":[{"identity":"rim","map":"N/A"}]},{"id":"MedicationStatement:shr-medication-MedicationUsed.extension:performedcontext.extension:outcome","path":"MedicationStatement.extension.extension","sliceName":"outcome","definition":"The result of performing an action or behavior, for example, an adverse reaction or new finding.","min":0,"max":"*","base":{"path":"Extension.extension","min":0,"max":"1"},"type":[{"code":"Extension","profile":"http://standardhealthrecord.org/fhir/StructureDefinition/shr-action-Outcome-extension"}],"isModifier":false,"mapping":[{"identity":"rim","map":"N/A"}]},{"id":"MedicationStatement:shr-medication-MedicationUsed.extension:performedcontext.url","path":"MedicationStatement.extension.url","representation":["xmlAttr"],"short":"identifies the meaning of the extension","definition":"Source of the definition for the extension code - a logical name or a URL.","comment":"The definition may point directly to a computable or human-readable definition of the extensibility codes, or it may be a logical URI as declared in some other specification. The definition SHALL be a URI for the Structure Definition defining the extension.","min":1,"max":"1","base":{"path":"Extension.url","min":1,"max":"1"},"type":[{"code":"uri"}],"fixedUri":"http://standardhealthrecord.org/fhir/StructureDefinition/shr-action-PerformedContext-extension","mapping":[{"identity":"rim","map":"N/A"}]},{"id":"MedicationStatement:shr-medication-MedicationUsed.extension:performedcontext.value[x]","path":"MedicationStatement.extension.value[x]","short":"Value of extension","definition":"Value of extension - may be a resource or one of a constrained set of the data types (see Extensibility in the spec for list).","min":0,"max":"0","base":{"path":"Extension.value[x]","min":0,"max":"1"},"type":[{"code":"base64Binary"},{"code":"boolean"},{"code":"code"},{"code":"date"},{"code":"dateTime"},{"code":"decimal"},{"code":"id"},{"code":"instant"},{"code":"integer"},{"code":"markdown"},{"code":"oid"},{"code":"positiveInt"},{"code":"string"},{"code":"time"},{"code":"unsignedInt"},{"code":"uri"},{"code":"Address"},{"code":"Age"},{"code":"Annotation"},{"code":"Attachment"},{"code":"CodeableConcept"},{"code":"Coding"},{"code":"ContactPoint"},{"code":"Count"},{"code":"Distance"},{"code":"Duration"},{"code":"HumanName"},{"code":"Identifier"},{"code":"Money"},{"code":"Period"},{"code":"Quantity"},{"code":"Range"},{"code":"Ratio"},{"code":"Reference"},{"code":"SampledData"},{"code":"Signature"},{"code":"Timing"},{"code":"Meta"}],"mapping":[{"identity":"rim","map":"N/A"}]},{"id":"MedicationStatement:shr-medication-MedicationUsed.modifierExtension","path":"MedicationStatement.modifierExtension","short":"Extensions that cannot be ignored","definition":"May be used to represent additional information that is not part of the basic definition of the resource, and that modifies the understanding of the element that contains it. Usually modifier elements provide negation or qualification. In order to make the use of extensions safe and manageable, there is a strict set of governance applied to the definition and use of extensions. Though any implementer is allowed to define an extension, there is a set of requirements that SHALL be met as part of the definition of the extension. Applications processing a resource are required to check for modifier extensions.","comment":"There can be no stigma associated with the use of extensions by any application, project, or standard - regardless of the institution or jurisdiction that uses or defines the extensions.  The use of extensions is what allows the FHIR specification to retain a core level of simplicity for everyone.","alias":["extensions","user content"],"min":0,"max":"*","base":{"path":"DomainResource.modifierExtension","min":0,"max":"*"},"type":[{"code":"Extension"}],"isModifier":true,"mapping":[{"identity":"rim","map":"N/A"}]},{"id":"MedicationStatement:shr-medication-MedicationUsed.identifier","path":"MedicationStatement.identifier","short":"External identifier","definition":"External identifier - FHIR will generate its own internal identifiers (probably URLs) which do not need to be explicitly managed by the resource.  The identifier here is one that would be used by another non-FHIR system - for example an automated medication pump would provide a record each time it operated; an administration while the patient was off the ward might be made with a different system and entered after the event.  Particularly important if these records have to be updated.","min":0,"max":"*","base":{"path":"MedicationStatement.identifier","min":0,"max":"*"},"type":[{"code":"Identifier"}],"isSummary":true,"mapping":[{"identity":"workflow","map":"…identifer"},{"identity":"rim","map":".id"},{"identity":"w5","map":"id"}]},{"id":"MedicationStatement:shr-medication-MedicationUsed.basedOn","path":"MedicationStatement.basedOn","short":"Fulfils plan, proposal or order","definition":"A plan, proposal or order that is fulfilled in whole or in part by this event.","requirements":"Allows tracing of authorization for the event and tracking whether proposals/recommendations were acted upon.","min":0,"max":"*","base":{"path":"MedicationStatement.basedOn","min":0,"max":"*"},"type":[{"code":"Reference","targetProfile":"http://hl7.org/fhir/StructureDefinition/MedicationRequest"},{"code":"Reference","targetProfile":"http://hl7.org/fhir/StructureDefinition/CarePlan"},{"code":"Reference","targetProfile":"http://hl7.org/fhir/StructureDefinition/ProcedureRequest"},{"code":"Reference","targetProfile":"http://hl7.org/fhir/StructureDefinition/ReferralRequest"}],"isSummary":true,"mapping":[{"identity":"workflow","map":"…basedOn"},{"identity":"rim","map":".outboundRelationship[typeCode=FLFS].target[classCode=SBADM or PROC or PCPR or OBS, moodCode=RQO orPLAN or PRP]"}]},{"id":"MedicationStatement:shr-medication-MedicationUsed.partOf","path":"MedicationStatement.partOf","short":"Part of referenced event","definition":"A larger event of which this particular event is a component or step.","requirements":"This should not be used when indicating which resource a MedicationStatement has been derived from.  If that is the use case, then MedicationStatement.derivedFrom should be used.","min":0,"max":"*","base":{"path":"MedicationStatement.partOf","min":0,"max":"*"},"type":[{"code":"Reference","targetProfile":"http://hl7.org/fhir/StructureDefinition/MedicationAdministration"},{"code":"Reference","targetProfile":"http://hl7.org/fhir/StructureDefinition/MedicationDispense"},{"code":"Reference","targetProfile":"http://hl7.org/fhir/StructureDefinition/MedicationStatement"},{"code":"Reference","targetProfile":"http://hl7.org/fhir/StructureDefinition/Procedure"},{"code":"Reference","targetProfile":"http://hl7.org/fhir/StructureDefinition/Observation"}],"isSummary":true,"mapping":[{"identity":"workflow","map":"…part of"},{"identity":"rim","map":".outboundRelationship[typeCode=COMP]/target[classCode=SPLY or SBADM or PROC or OBS,moodCode=EVN]"}]},{"id":"MedicationStatement:shr-medication-MedicationUsed.context","path":"MedicationStatement.context","short":"Encounter / Episode associated with MedicationStatement","definition":"The encounter or episode of care that establishes the context for this MedicationStatement.","min":0,"max":"1","base":{"path":"MedicationStatement.context","min":0,"max":"1"},"type":[{"code":"Reference","targetProfile":"http://hl7.org/fhir/StructureDefinition/Encounter"},{"code":"Reference","targetProfile":"http://hl7.org/fhir/StructureDefinition/EpisodeOfCare"}],"isSummary":true,"mapping":[{"identity":"workflow","map":"…context"},{"identity":"rim","map":".inboundRelationship[typeCode=COMP].source[classCode=ENC, moodCode=EVN, code=\"type of encounter or episode\"]"}]},{"id":"MedicationStatement:shr-medication-MedicationUsed.status","path":"MedicationStatement.status","short":"active | completed | entered-in-error | intended | stopped | on-hold","definition":"A code representing the patient or other source's judgment about the state of the medication used that this statement is about.  Generally this will be active or completed.","comment":"MedicationStatement is a statement at a point in time.  The status is only representative at the point when it was asserted.  The value set for MedicationStatement.status contains codes that assert the status of the use of the medication by the patient (for example, stopped or on hold) as well as codes that assert the status of the medication statement itself (for example, entered in error).\n\nThis element is labeled as a modifier because the status contains codes that mark the resource as not currently valid.","min":1,"max":"1","base":{"path":"MedicationStatement.status","min":1,"max":"1"},"type":[{"code":"code"}],"mustSupport":true,"isModifier":true,"isSummary":true,"binding":{"strength":"required","description":"A set of codes indicating the current status of a MedicationStatement.","valueSetReference":{"reference":"http://hl7.org/fhir/ValueSet/medication-statement-status"}},"mapping":[{"identity":"workflow","map":"…status"},{"identity":"rim","map":".statusCode"},{"identity":"w5","map":"status"},{"identity":"argonaut-dq-dstu2","map":"MedicationStatement.status"}]},{"id":"MedicationStatement:shr-medication-MedicationUsed.category","path":"MedicationStatement.category","short":"Type of medication usage","definition":"Indicates where type of medication statement and where the medication is expected to be consumed or administered.","min":0,"max":"1","base":{"path":"MedicationStatement.category","min":0,"max":"1"},"type":[{"code":"CodeableConcept"}],"isSummary":true,"binding":{"extension":[{"url":"http://hl7.org/fhir/StructureDefinition/elementdefinition-bindingName","valueString":"MedicationStatementCategory"}],"strength":"preferred","description":"A coded concept identifying where the medication included in the medicationstatement is expected to be consumed or administered","valueSetReference":{"reference":"http://hl7.org/fhir/ValueSet/medication-statement-category"}},"mapping":[{"identity":"rim","map":".inboundRelationship[typeCode=COMP].source[classCode=OBS, moodCode=EVN, code=\"type of medication usage\"].value"},{"identity":"w5","map":"class"}]},{"id":"MedicationStatement:shr-medication-MedicationUsed.medication[x]","path":"MedicationStatement.medication[x]","slicing":{"id":"67","discriminator":[{"type":"type","path":"$this"}],"ordered":false,"rules":"open"},"short":"What medication was taken","definition":"Identifies the medication being administered. This is either a link to a resource representing the details of the medication or a simple attribute carrying a code that identifies the medication from a known list of medications.","comment":"If only a code is specified, then it needs to be a code for a specific product. If more information is required, then the use of the medication resource is recommended.  For example if you require form or lot number, then you must reference the Medication resource. .","min":1,"max":"1","base":{"path":"MedicationStatement.medication[x]","min":1,"max":"1"},"type":[{"code":"CodeableConcept"},{"code":"Reference","targetProfile":"http://standardhealthrecord.org/fhir/StructureDefinition/shr-entity-Medication"}],"mustSupport":true,"isSummary":true,"binding":{"strength":"extensible","description":"Prescribable medications","valueSetReference":{"reference":"http://hl7.org/fhir/us/core/ValueSet/us-core-medication-codes"}},"mapping":[{"identity":"workflow","map":"…code"},{"identity":"rim","map":".participation[typeCode=CSM].role[classCode=ADMM or MANU]"},{"identity":"w5","map":"what"},{"identity":"argonaut-dq-dstu2","map":"MedicationStatement.medication[x]"}]},{"id":"MedicationStatement:shr-medication-MedicationUsed.medicationCodeableConcept:CodeableConcept","path":"MedicationStatement.medicationCodeableConcept","sliceName":"CodeableConcept","short":"What medication was taken","definition":"Identifies the medication being administered. This is either a link to a resource representing the details of the medication or a simple attribute carrying a code that identifies the medication from a known list of medications.","min":1,"max":"1","type":[{"code":"CodeableConcept"}],"isSummary":true,"binding":{"strength":"extensible","valueSetReference":{"reference":"http://hl7.org/fhir/us/core/ValueSet/us-core-medication-codes"}}},{"id":"MedicationStatement:shr-medication-MedicationUsed.effective[x]","path":"MedicationStatement.effective[x]","short":"The date/time or interval when the medication was taken","definition":"The interval of time during which it is being asserted that the patient was taking the medication (or was not taking, when the wasNotGiven element is true).","comment":"This attribute reflects the period over which the patient consumed the medication and is expected to be populated on the majority of Medication Statements. If the medication is still being taken at the time the statement is recorded, the \"end\" date will be omitted.","min":0,"max":"1","base":{"path":"MedicationStatement.effective[x]","min":0,"max":"1"},"type":[{"code":"dateTime"},{"code":"Period"}],"mustSupport":true,"isSummary":true,"mapping":[{"identity":"workflow","map":"…occurrence[x]"},{"identity":"rim","map":".effectiveTime"},{"identity":"w5","map":"when.done"},{"identity":"argonaut-dq-dstu2","map":"MedicationStatement.effective[x]"}]},{"id":"MedicationStatement:shr-medication-MedicationUsed.dateAsserted","path":"MedicationStatement.dateAsserted","short":"When the statement was asserted?","definition":"The date when the medication statement was asserted by the information source.","min":1,"max":"1","base":{"path":"MedicationStatement.dateAsserted","min":0,"max":"1"},"type":[{"code":"dateTime"}],"mustSupport":true,"isSummary":true,"mapping":[{"identity":"rim","map":".participation[typeCode=AUT].time"},{"identity":"w5","map":"when.recorded"},{"identity":"argonaut-dq-dstu2","map":"MedicationStatement.dateAsserted"}]},{"id":"MedicationStatement:shr-medication-MedicationUsed.informationSource","path":"MedicationStatement.informationSource","short":"Person or organization that provided the information about the taking of this medication","definition":"The person or organization that provided the information about the taking of this medication. Note: Use derivedFrom when a MedicationStatement is derived from other resources, e.g Claim or MedicationRequest.","min":0,"max":"1","base":{"path":"MedicationStatement.informationSource","min":0,"max":"1"},"type":[{"code":"Reference","targetProfile":"http://standardhealthrecord.org/fhir/StructureDefinition/shr-entity-Patient"},{"code":"Reference","targetProfile":"http://standardhealthrecord.org/fhir/StructureDefinition/shr-entity-RelatedPerson"},{"code":"Reference","targetProfile":"http://standardhealthrecord.org/fhir/StructureDefinition/shr-entity-Organization"}],"mapping":[{"identity":"rim","map":".participation[typeCode=INF].role[classCode=PAT, or codes for Practioner or Related Person (if PAT is the informer, then syntax for self-reported =true)"},{"identity":"w5","map":"who.source"}]},{"id":"MedicationStatement:shr-medication-MedicationUsed.subject","path":"MedicationStatement.subject","short":"Who is/was taking  the medication","definition":"The person, animal or group who is/was taking the medication.","min":1,"max":"1","base":{"path":"MedicationStatement.subject","min":1,"max":"1"},"type":[{"code":"Reference","targetProfile":"http://hl7.org/fhir/us/core/StructureDefinition/us-core-patient"}],"mustSupport":true,"isSummary":true,"mapping":[{"identity":"workflow","map":"…subject"},{"identity":"v2","map":"PID-3-Patient ID List"},{"identity":"rim","map":".participation[typeCode=SBJ].role[classCode=PAT]"},{"identity":"w5","map":"who"},{"identity":"argonaut-dq-dstu2","map":"MedicationStatement.patient"}]},{"id":"MedicationStatement:shr-medication-MedicationUsed.derivedFrom","path":"MedicationStatement.derivedFrom","short":"Additional supporting information","definition":"Allows linking the MedicationStatement to the underlying MedicationRequest, or to other information that supports or is used to derive the MedicationStatement.","comment":"Likely references would be to [US Core MedicationRequest Profile](http://hl7.org/fhir/us/core/StructureDefinition-us-core-medicationrequest.html), MedicationDispense, Claim, Observation or QuestionnaireAnswers.  The most common use cases for deriving a MedicationStatement comes from creating a MedicationStatement from a MedicationRequest or from a lab observation or a claim.  it should be noted that the amount of information that is available varies from the type resource that you derive the MedicationStatement from.","min":0,"max":"*","base":{"path":"MedicationStatement.derivedFrom","min":0,"max":"*"},"type":[{"code":"Reference","targetProfile":"http://hl7.org/fhir/StructureDefinition/Resource"}],"mustSupport":true,"mapping":[{"identity":"rim","map":".outboundRelationship[typeCode=SPRT]/target[classCode=ACT,moodCode=EVN]"},{"identity":"argonaut-dq-dstu2","map":"NA (new element in STU3)"}]},{"id":"MedicationStatement:shr-medication-MedicationUsed.taken","path":"MedicationStatement.taken","short":"y | n | unk | na","definition":"Indicator of the certainty of whether the medication was taken by the patient.","comment":"This element is labeled as a modifier because it indicates that the medication was not taken.","min":1,"max":"1","base":{"path":"MedicationStatement.taken","min":1,"max":"1"},"type":[{"code":"code"}],"fixedCode":"y","mustSupport":true,"isModifier":true,"isSummary":true,"binding":{"strength":"required","valueSetReference":{"reference":"http://hl7.org/fhir/ValueSet/medication-statement-taken"}},"mapping":[{"identity":"workflow","map":"…notDone"},{"identity":"rim","map":".actionNegationInd"},{"identity":"argonaut-dq-dstu2","map":"NA (new element in STU3)"}]},{"id":"MedicationStatement:shr-medication-MedicationUsed.reasonNotTaken","path":"MedicationStatement.reasonNotTaken","short":"True if asserting medication was not given","definition":"A code indicating why the medication was not taken.","min":0,"max":"0","base":{"path":"MedicationStatement.reasonNotTaken","min":0,"max":"*"},"type":[{"code":"CodeableConcept"}],"condition":["mst-1"],"binding":{"extension":[{"url":"http://hl7.org/fhir/StructureDefinition/elementdefinition-bindingName","valueString":"MedicationStatementNotTakenReason"}],"strength":"example","description":"A coded concept indicating the reason why the medication was not taken","valueSetReference":{"reference":"http://hl7.org/fhir/ValueSet/reason-medication-not-taken-codes"}},"mapping":[{"identity":"rim","map":".outboundRelationship[typeCode=RSON]/target[classCode=OBS,moodCode=EVN, code=\"reason not taken\"].value"}]},{"id":"MedicationStatement:shr-medication-MedicationUsed.reasonCode","path":"MedicationStatement.reasonCode","short":"Reason for why the medication is being/was taken","definition":"A reason for why the medication is being/was taken.","comment":"This could be a diagnosis code. If a full condition record exists or additional detail is needed, use reasonForUseReference.","min":0,"max":"*","base":{"path":"MedicationStatement.reasonCode","min":0,"max":"*"},"type":[{"code":"CodeableConcept"}],"binding":{"extension":[{"url":"http://hl7.org/fhir/StructureDefinition/elementdefinition-bindingName","valueString":"MedicationReason"}],"strength":"example","description":"A coded concept identifying why the medication is being taken.","valueSetReference":{"reference":"http://hl7.org/fhir/ValueSet/condition-code"}},"mapping":[{"identity":"workflow","map":"…reasoneCodeableConcept"},{"identity":"rim","map":".reasonCode"},{"identity":"w5","map":"why"}]},{"id":"MedicationStatement:shr-medication-MedicationUsed.reasonReference","path":"MedicationStatement.reasonReference","short":"Condition or observation that supports why the medication is being/was taken","definition":"Condition or observation that supports why the medication is being/was taken.","comment":"This is a reference to a condition that is the reason why the medication is being/was taken.  If only a code exists, use reasonForUseCode.","min":0,"max":"*","base":{"path":"MedicationStatement.reasonReference","min":0,"max":"*"},"type":[{"code":"Reference","targetProfile":"http://hl7.org/fhir/StructureDefinition/Condition"},{"code":"Reference","targetProfile":"http://hl7.org/fhir/StructureDefinition/Observation"}],"mapping":[{"identity":"workflow","map":"…reasonReference"},{"identity":"rim","map":".outboundRelationship[typeCode=RSON]/target[classCode=OBS,moodCode=EVN, code=\"reason for use\"].value"},{"identity":"w5","map":"why"}]},{"id":"MedicationStatement:shr-medication-MedicationUsed.note","path":"MedicationStatement.note","short":"Further information about the statement","definition":"Provides extra information about the medication statement that is not conveyed by the other attributes.","min":0,"max":"*","base":{"path":"MedicationStatement.note","min":0,"max":"*"},"type":[{"code":"Annotation"}],"mapping":[{"identity":"workflow","map":"…note"},{"identity":"rim","map":".inboundRelationship[typeCode=SUBJ]/source[classCode=OBS,moodCode=EVN,code=\"annotation\"].value"}]},{"id":"MedicationStatement:shr-medication-MedicationUsed.dosage","path":"MedicationStatement.dosage","short":"Details of how medication is/was taken or should be taken","definition":"Indicates how the medication is/was or should be taken by the patient.","comment":"The dates included in the dosage on a Medication Statement reflect the dates for a given dose.  For example, \"from November 1, 2016 to November 3, 2016, take one tablet daily and from November 4, 2016 to November 7, 2016, take two tablets daily.\"  It is expected that this specificity may only be populated where the patient brings in their labeled container or where the Medication Statement is derived from a MedicationRequest.","min":0,"max":"1","base":{"path":"MedicationStatement.dosage","min":0,"max":"*"},"type":[{"code":"Dosage","profile":"http://standardhealthrecord.org/fhir/StructureDefinition/shr-medication-Dosage"}],"mapping":[{"identity":"rim","map":"refer dosageInstruction mapping"}]}]},"differential":{"element":[{"id":"MedicationStatement:shr-medication-MedicationUsed","path":"MedicationStatement","short":"SHR MedicationUsed Profile","definition":"A record of the use of a medication.","mustSupport":false},{"id":"MedicationStatement:shr-medication-MedicationUsed.extension:relatedencounter","path":"MedicationStatement.extension","sliceName":"relatedencounter","definition":"If content was generated during a patient encounter, related encounter is the encounter where the information was gained.","min":0,"max":"1","type":[{"code":"Extension","profile":"http://standardhealthrecord.org/fhir/StructureDefinition/shr-base-RelatedEncounter-extension"}]},{"id":"MedicationStatement:shr-medication-MedicationUsed.extension:author","path":"MedicationStatement.extension","sliceName":"author","definition":"The person or organization who created the entry and is responsible for (and may certify) the content.","min":0,"max":"1","type":[{"code":"Extension","profile":"http://standardhealthrecord.org/fhir/StructureDefinition/shr-base-Author-extension"}]},{"id":"MedicationStatement:shr-medication-MedicationUsed.extension:type","path":"MedicationStatement.extension","sliceName":"type","definition":"The most specific code (lowest level term) describing the kind or sort of thing being represented.","min":0,"max":"1","type":[{"code":"Extension","profile":"http://standardhealthrecord.org/fhir/StructureDefinition/shr-entity-Type-extension"}]},{"id":"MedicationStatement:shr-medication-MedicationUsed.extension:performedcontext","path":"MedicationStatement.extension","sliceName":"performedcontext","definition":"ActionContext indicating actual performance or execution of a healthcare-related action, e.g., 3rd dose of Hepatitis B vaccine administered on Dec 4th 2012, appendectomy performed today.","min":1,"max":"1","type":[{"code":"Extension","profile":"http://standardhealthrecord.org/fhir/StructureDefinition/shr-action-PerformedContext-extension"}]},{"id":"MedicationStatement:shr-medication-MedicationUsed.extension:performedcontext.extension:status","path":"MedicationStatement.extension.extension"},{"id":"MedicationStatement:shr-medication-MedicationUsed.extension:performedcontext.extension:status.value[x]","path":"MedicationStatement.extension.extension.value[x]","binding":{"strength":"required","valueSetReference":{"reference":"http://hl7.org/fhir/ValueSet/medication-statement-status"}}},{"id":"MedicationStatement:shr-medication-MedicationUsed.medication[x]","path":"MedicationStatement.medication[x]","slicing":{"id":"67","discriminator":[{"type":"type","path":"$this"}],"ordered":false,"rules":"open"},"type":[{"code":"CodeableConcept"},{"code":"Reference","targetProfile":"http://standardhealthrecord.org/fhir/StructureDefinition/shr-entity-Medication"}]},{"id":"MedicationStatement:shr-medication-MedicationUsed.medicationCodeableConcept:CodeableConcept","path":"MedicationStatement.medicationCodeableConcept","type":[{"code":"CodeableConcept"}],"binding":{"strength":"extensible","valueSetReference":{"reference":"http://hl7.org/fhir/us/core/ValueSet/us-core-medication-codes"}}},{"id":"MedicationStatement:shr-medication-MedicationUsed.informationSource","path":"MedicationStatement.informationSource","type":[{"code":"Reference","targetProfile":"http://standardhealthrecord.org/fhir/StructureDefinition/shr-entity-Patient"},{"code":"Reference","targetProfile":"http://standardhealthrecord.org/fhir/StructureDefinition/shr-entity-RelatedPerson"},{"code":"Reference","targetProfile":"http://standardhealthrecord.org/fhir/StructureDefinition/shr-entity-Organization"}]},{"id":"MedicationStatement:shr-medication-MedicationUsed.taken","path":"MedicationStatement.taken","fixedCode":"y"},{"id":"MedicationStatement:shr-medication-MedicationUsed.reasonNotTaken","path":"MedicationStatement.reasonNotTaken","max":"0"},{"id":"MedicationStatement:shr-medication-MedicationUsed.dosage","path":"MedicationStatement.dosage","max":"1","type":[{"code":"Dosage","profile":"http://standardhealthrecord.org/fhir/StructureDefinition/shr-medication-Dosage"}]}]}}