{"resourceType":"StructureDefinition","id":"cimi-context-RecordedContext-extension","text":{"status":"generated","div":"<div xmlns=\"http://www.w3.org/1999/xhtml\">\n  <p><b>SHR RecordedContext Extension</b></p>\n  <p>Context for recording a finding, usually a Panel, used to indicate an evaluation has been made.\n\nFor example, measurement of blood pressure that has been made simply exists (although the value can be present or absent, accurate or inaccurate). The RecordedContext indicates the information presented stands on its own as presented. It can also apply to clinical notes.</p>\n</div>"},"url":"http://standardhealthrecord.org/fhir/StructureDefinition/cimi-context-RecordedContext-extension","identifier":[{"system":"http://standardhealthrecord.org","value":"cimi.context.RecordedContext"}],"version":"0.1.0","name":"RecordedContextExtension","title":"SHR RecordedContext Extension","status":"draft","date":"2018-08-21T00:00:00-04:00","publisher":"The MITRE Corporation: Standard Health Record Collaborative","contact":[{"telecom":[{"system":"url","value":"http://standardhealthrecord.org"}]}],"description":"Context for recording a finding, usually a Panel, used to indicate an evaluation has been made.\n\nFor example, measurement of blood pressure that has been made simply exists (although the value can be present or absent, accurate or inaccurate). The RecordedContext indicates the information presented stands on its own as presented. It can also apply to clinical notes.","fhirVersion":"3.0.1","kind":"complex-type","abstract":false,"contextType":"resource","context":["*"],"type":"Extension","baseDefinition":"http://hl7.org/fhir/StructureDefinition/Extension","derivation":"constraint","snapshot":{"element":[{"id":"Extension:recordedcontext","path":"Extension","short":"SHR RecordedContext Extension","definition":"Context for recording a finding, usually a Panel, used to indicate an evaluation has been made.\n\nFor example, measurement of blood pressure that has been made simply exists (although the value can be present or absent, accurate or inaccurate). The RecordedContext indicates the information presented stands on its own as presented. It can also apply to clinical notes.","min":0,"max":"*","base":{"path":"Extension","min":0,"max":"1"},"condition":["ele-1"],"constraint":[{"key":"ele-1","severity":"error","human":"All FHIR elements must have a @value or children","expression":"children().count() > id.count()","xpath":"@value|f:*|h:div","source":"Element"},{"key":"ext-1","severity":"error","human":"Must have either extensions or value[x], not both","expression":"extension.exists() != value.exists()","xpath":"exists(f:extension)!=exists(f:*[starts-with(local-name(.), 'value')])","source":"Extension"}]},{"id":"Extension:recordedcontext.id","path":"Extension.id","representation":["xmlAttr"],"short":"xml:id (or equivalent in JSON)","definition":"unique id for the element within a resource (for internal references). This may be any string value that does not contain spaces.","min":0,"max":"1","base":{"path":"Element.id","min":0,"max":"1"},"type":[{"code":"string"}],"mapping":[{"identity":"rim","map":"N/A"}]},{"id":"Extension:recordedcontext.extension","path":"Extension.extension","slicing":{"id":"1","discriminator":[{"type":"value","path":"url"}],"ordered":false,"rules":"open"},"short":"Extension","definition":"An Extension","min":0,"max":"*","base":{"path":"Element.extension","min":0,"max":"*"},"type":[{"code":"Extension"}]},{"id":"Extension:recordedcontext.extension:contextcode","path":"Extension.extension","sliceName":"contextcode","definition":"A code representing the ontological status of the statement, e.g., whether it exists, does not exist, is planned, etc.\nAttribute aligns with the SNOMED CT Situation with Explicit Context (SWEC) Concept Model context attributes: 'Finding context (attribute)' (SCTID: 408729009) and 'Procedure context (attribute)' (SCTID: 408730004). The range allowed for this attribute shall be consistent with the SNOMED CT concept model specification for SWEC.","min":1,"max":"1","base":{"path":"Extension.extension","min":0,"max":"1"},"type":[{"code":"Extension","profile":"http://standardhealthrecord.org/fhir/StructureDefinition/cimi-context-ContextCode-extension"}],"isModifier":false,"mapping":[{"identity":"rim","map":"N/A"}]},{"id":"Extension:recordedcontext.extension:contextcode.id","path":"Extension.extension.id","representation":["xmlAttr"],"short":"xml:id (or equivalent in JSON)","definition":"unique id for the element within a resource (for internal references). This may be any string value that does not contain spaces.","min":0,"max":"1","base":{"path":"Element.id","min":0,"max":"1"},"type":[{"code":"string"}],"mapping":[{"identity":"rim","map":"N/A"}]},{"id":"Extension:recordedcontext.extension:contextcode.extension:extension","path":"Extension.extension.extension","sliceName":"extension","short":"Extension","definition":"An Extension","min":0,"max":"0","base":{"path":"Element.extension","min":0,"max":"*"},"type":[{"code":"Extension"}]},{"id":"Extension:recordedcontext.extension:contextcode.url","path":"Extension.extension.url","representation":["xmlAttr"],"short":"identifies the meaning of the extension","definition":"Source of the definition for the extension code - a logical name or a URL.","comment":"The definition may point directly to a computable or human-readable definition of the extensibility codes, or it may be a logical URI as declared in some other specification. The definition SHALL be a URI for the Structure Definition defining the extension.","min":1,"max":"1","base":{"path":"Extension.url","min":1,"max":"1"},"type":[{"code":"uri"}],"fixedUri":"http://standardhealthrecord.org/fhir/StructureDefinition/cimi-context-ContextCode-extension","mapping":[{"identity":"rim","map":"N/A"}]},{"id":"Extension:recordedcontext.extension:contextcode.valueCodeableConcept","path":"Extension.extension.valueCodeableConcept","short":"Value of extension","definition":"Value of extension - may be a resource or one of a constrained set of the data types (see Extensibility in the spec for list).","min":1,"max":"1","base":{"path":"Extension.value[x]","min":0,"max":"1"},"type":[{"code":"CodeableConcept","profile":"http://standardhealthrecord.org/fhir/StructureDefinition/shr-core-CodeableConcept"}],"mapping":[{"identity":"rim","map":"N/A"}]},{"id":"Extension:recordedcontext.extension:contextcode.valueCodeableConcept.id","path":"Extension.extension.valueCodeableConcept.id","representation":["xmlAttr"],"short":"xml:id (or equivalent in JSON)","definition":"unique id for the element within a resource (for internal references). This may be any string value that does not contain spaces.","min":0,"max":"1","base":{"path":"Element.id","min":0,"max":"1"},"type":[{"code":"string"}],"mapping":[{"identity":"rim","map":"n/a"}]},{"id":"Extension:recordedcontext.extension:contextcode.valueCodeableConcept.extension","path":"Extension.extension.valueCodeableConcept.extension","slicing":{"discriminator":[{"type":"value","path":"url"}],"description":"Extensions are always sliced by (at least) url","rules":"open"},"short":"Additional Content defined by implementations","definition":"May be used to represent additional information that is not part of the basic definition of the element. In order to make the use of extensions safe and manageable, there is a strict set of governance  applied to the definition and use of extensions. Though any implementer is allowed to define an extension, there is a set of requirements that SHALL be met as part of the definition of the extension.","comment":"There can be no stigma associated with the use of extensions by any application, project, or standard - regardless of the institution or jurisdiction that uses or defines the extensions.  The use of extensions is what allows the FHIR specification to retain a core level of simplicity for everyone.","alias":["extensions","user content"],"min":0,"max":"*","base":{"path":"Element.extension","min":0,"max":"*"},"type":[{"code":"Extension"}],"mapping":[{"identity":"rim","map":"n/a"}]},{"id":"Extension:recordedcontext.extension:contextcode.valueCodeableConcept.coding","path":"Extension.extension.valueCodeableConcept.coding","slicing":{"id":"2","discriminator":[{"type":"value","path":"code"}],"ordered":false,"rules":"open"},"short":"Code defined by a terminology system","definition":"A reference to a code defined by a terminology system.","comment":"Codes may be defined very casually in enumerations, or code lists, up to very formal definitions such as SNOMED CT - see the HL7 v3 Core Principles for more information.  Ordering of codings is undefined and SHALL NOT be used to infer meaning. Generally, at most only one of the coding values will be labeled as UserSelected = true.","requirements":"Allows for translations and alternate encodings within a code system.  Also supports communication of the same instance to systems requiring different encodings.","min":0,"max":"*","type":[{"code":"Coding","profile":"http://standardhealthrecord.org/fhir/StructureDefinition/shr-core-Coding"}],"isSummary":true,"mapping":[{"identity":"v2","map":"C*E.1-8, C*E.10-22"},{"identity":"rim","map":"union(., ./translation)"},{"identity":"orim","map":"fhir:CodeableConcept.coding rdfs:subPropertyOf dt:CD.coding"}]},{"id":"Extension:recordedcontext.extension:contextcode.valueCodeableConcept.coding:Fixed_424975005","path":"Extension.extension.valueCodeableConcept.coding","sliceName":"Fixed_424975005","short":"Record Entity","definition":"Record Entity","min":1,"max":"1","type":[{"code":"Coding","profile":"http://standardhealthrecord.org/fhir/StructureDefinition/shr-core-Coding"}],"isSummary":true},{"id":"Extension:recordedcontext.extension:contextcode.valueCodeableConcept.coding:Fixed_424975005.id","path":"Extension.extension.valueCodeableConcept.coding.id","representation":["xmlAttr"],"short":"xml:id (or equivalent in JSON)","definition":"unique id for the element within a resource (for internal references). This may be any string value that does not contain spaces.","min":0,"max":"1","base":{"path":"Element.id","min":0,"max":"1"},"type":[{"code":"string"}],"mapping":[{"identity":"rim","map":"n/a"}]},{"id":"Extension:recordedcontext.extension:contextcode.valueCodeableConcept.coding:Fixed_424975005.extension","path":"Extension.extension.valueCodeableConcept.coding.extension","slicing":{"discriminator":[{"type":"value","path":"url"}],"description":"Extensions are always sliced by (at least) url","rules":"open"},"short":"Additional Content defined by implementations","definition":"May be used to represent additional information that is not part of the basic definition of the element. In order to make the use of extensions safe and manageable, there is a strict set of governance  applied to the definition and use of extensions. Though any implementer is allowed to define an extension, there is a set of requirements that SHALL be met as part of the definition of the extension.","comment":"There can be no stigma associated with the use of extensions by any application, project, or standard - regardless of the institution or jurisdiction that uses or defines the extensions.  The use of extensions is what allows the FHIR specification to retain a core level of simplicity for everyone.","alias":["extensions","user content"],"min":0,"max":"*","base":{"path":"Element.extension","min":0,"max":"*"},"type":[{"code":"Extension"}],"mapping":[{"identity":"rim","map":"n/a"}]},{"id":"Extension:recordedcontext.extension:contextcode.valueCodeableConcept.coding:Fixed_424975005.system","path":"Extension.extension.valueCodeableConcept.coding.system","short":"Identity of the terminology system","definition":"The identification of the code system that defines the meaning of the symbol in the code.","comment":"The URI may be an OID (urn:oid:...) or a UUID (urn:uuid:...).  OIDs and UUIDs SHALL be references to the HL7 OID registry. Otherwise, the URI should come from HL7's list of FHIR defined special URIs or it should de-reference to some definition that establish the system clearly and unambiguously.","requirements":"Need to be unambiguous about the source of the definition of the symbol.","min":0,"max":"1","type":[{"code":"uri"}],"fixedUri":"http://snomed.info/sct","isSummary":true,"mapping":[{"identity":"v2","map":"C*E.3"},{"identity":"rim","map":"./codeSystem"},{"identity":"orim","map":"fhir:Coding.system rdfs:subPropertyOf dt:CDCoding.codeSystem"}]},{"id":"Extension:recordedcontext.extension:contextcode.valueCodeableConcept.coding:Fixed_424975005.version","path":"Extension.extension.valueCodeableConcept.coding.version","short":"Version of the system - if relevant","definition":"The version of the code system which was used when choosing this code. Note that a well-maintained code system does not need the version reported, because the meaning of codes is consistent across versions. However this cannot consistently be assured. and when the meaning is not guaranteed to be consistent, the version SHOULD be exchanged.","comment":"Where the terminology does not clearly define what string should be used to identify code system versions, the recommendation is to use the date (expressed in FHIR date format) on which that version was officially published as the version date.","min":0,"max":"1","type":[{"code":"string"}],"isSummary":true,"mapping":[{"identity":"v2","map":"C*E.7"},{"identity":"rim","map":"./codeSystemVersion"},{"identity":"orim","map":"fhir:Coding.version rdfs:subPropertyOf dt:CDCoding.codeSystemVersion"}]},{"id":"Extension:recordedcontext.extension:contextcode.valueCodeableConcept.coding:Fixed_424975005.code","path":"Extension.extension.valueCodeableConcept.coding.code","short":"Symbol in syntax defined by the system","definition":"A symbol in syntax defined by the system. The symbol may be a predefined code or an expression in a syntax defined by the coding system (e.g. post-coordination).","requirements":"Need to refer to a particular code in the system.","min":0,"max":"1","type":[{"code":"code"}],"fixedCode":"424975005","isSummary":true,"mapping":[{"identity":"v2","map":"C*E.1"},{"identity":"rim","map":"./code"},{"identity":"orim","map":"fhir:Coding.code rdfs:subPropertyOf dt:CDCoding.code"}]},{"id":"Extension:recordedcontext.extension:contextcode.valueCodeableConcept.coding:Fixed_424975005.display","extension":[{"url":"http://hl7.org/fhir/StructureDefinition/elementdefinition-translatable","valueBoolean":true}],"path":"Extension.extension.valueCodeableConcept.coding.display","short":"Representation defined by the system","definition":"A representation of the meaning of the code in the system, following the rules of the system.","requirements":"Need to be able to carry a human-readable meaning of the code for readers that do not know  the system.","min":0,"max":"1","type":[{"code":"string"}],"isSummary":true,"mapping":[{"identity":"v2","map":"C*E.2 - but note this is not well followed"},{"identity":"rim","map":"CV.displayName"},{"identity":"orim","map":"fhir:Coding.display rdfs:subPropertyOf dt:CDCoding.displayName"}]},{"id":"Extension:recordedcontext.extension:contextcode.valueCodeableConcept.coding:Fixed_424975005.userSelected","path":"Extension.extension.valueCodeableConcept.coding.userSelected","short":"If this coding was chosen directly by the user","definition":"Indicates that this coding was chosen by a user directly - i.e. off a pick list of available items (codes or displays).","comment":"Amongst a set of alternatives, a directly chosen code is the most appropriate starting point for new translations. There is some ambiguity about what exactly 'directly chosen' implies, and trading partner agreement may be needed to clarify the use of this element and its consequences more completely.","requirements":"This has been identified as a clinical safety criterium - that this exact system/code pair was chosen explicitly, rather than inferred by the system based on some rules or language processing.","min":0,"max":"1","type":[{"code":"boolean"}],"isSummary":true,"mapping":[{"identity":"v2","map":"Sometimes implied by being first"},{"identity":"rim","map":"CD.codingRationale"},{"identity":"orim","map":"fhir:Coding.userSelected fhir:mapsTo dt:CDCoding.codingRationale. fhir:Coding.userSelected fhir:hasMap fhir:Coding.userSelected.map. fhir:Coding.userSelected.map a fhir:Map;   fhir:target dt:CDCoding.codingRationale. fhir:Coding.userSelected\\#true a [     fhir:source \"true\";     fhir:target dt:CDCoding.codingRationale\\#O   ]"}]},{"id":"Extension:recordedcontext.extension:contextcode.valueCodeableConcept.text","extension":[{"url":"http://hl7.org/fhir/StructureDefinition/elementdefinition-translatable","valueBoolean":true}],"path":"Extension.extension.valueCodeableConcept.text","short":"Plain text representation of the concept","definition":"A human language representation of the concept as seen/selected/uttered by the user who entered the data and/or which represents the intended meaning of the user.","comment":"Very often the text is the same as a displayName of one of the codings.","requirements":"The codes from the terminologies do not always capture the correct meaning with all the nuances of the human using them, or sometimes there is no appropriate code at all. In these cases, the text is used to capture the full meaning of the source.","min":0,"max":"1","type":[{"code":"string"}],"isSummary":true,"mapping":[{"identity":"v2","map":"C*E.9. But note many systems use C*E.2 for this"},{"identity":"rim","map":"./originalText[mediaType/code=\"text/plain\"]/data"},{"identity":"orim","map":"fhir:CodeableConcept.text rdfs:subPropertyOf dt:CD.originalText"}]},{"id":"Extension:recordedcontext.extension:encounter","path":"Extension.extension","sliceName":"encounter","definition":"A description of an interaction between a patient and healthcare provider(s) for the purpose of providing healthcare service(s) or assessing the health status of a patient.","min":0,"max":"1","base":{"path":"Extension.extension","min":0,"max":"1"},"type":[{"code":"Extension","profile":"http://standardhealthrecord.org/fhir/StructureDefinition/cimi-encounter-Encounter-extension"}],"isModifier":false,"mapping":[{"identity":"rim","map":"N/A"}]},{"id":"Extension:recordedcontext.extension:interpretation","path":"Extension.extension","sliceName":"interpretation","definition":"A clinical interpretation of a finding.","min":0,"max":"1","base":{"path":"Extension.extension","min":0,"max":"1"},"type":[{"code":"Extension","profile":"http://standardhealthrecord.org/fhir/StructureDefinition/cimi-context-Interpretation-extension"}],"isModifier":false,"mapping":[{"identity":"rim","map":"N/A"}]},{"id":"Extension:recordedcontext.extension:findingstatus","path":"Extension.extension","sliceName":"findingstatus","definition":"Indicates whether the finding is preliminary, amended, final, etc.","min":1,"max":"1","base":{"path":"Extension.extension","min":0,"max":"1"},"type":[{"code":"Extension","profile":"http://standardhealthrecord.org/fhir/StructureDefinition/cimi-context-FindingStatus-extension"}],"isModifier":false,"mapping":[{"identity":"rim","map":"N/A"}]},{"id":"Extension:recordedcontext.extension:relevanttime","path":"Extension.extension","sliceName":"relevanttime","definition":"The time or time period that the finding addresses.\n\nThe clinically relevant time is not necessarily when the information is gathered or when a test is carried out, but for example, when a specimen was collected, or the time period referred to by the question. Use a TimePeriod for a measurement or specimen collection continued over a significant period of time (e.g. 24 hour Urine Sodium).","min":0,"max":"1","base":{"path":"Extension.extension","min":0,"max":"1"},"type":[{"code":"Extension","profile":"http://standardhealthrecord.org/fhir/StructureDefinition/cimi-context-RelevantTime-extension"}],"isModifier":false,"mapping":[{"identity":"rim","map":"N/A"}]},{"id":"Extension:recordedcontext.url","path":"Extension.url","representation":["xmlAttr"],"short":"identifies the meaning of the extension","definition":"Source of the definition for the extension code - a logical name or a URL.","comment":"The definition may point directly to a computable or human-readable definition of the extensibility codes, or it may be a logical URI as declared in some other specification. The definition SHALL be a URI for the Structure Definition defining the extension.","min":1,"max":"1","base":{"path":"Extension.url","min":1,"max":"1"},"type":[{"code":"uri"}],"fixedUri":"http://standardhealthrecord.org/fhir/StructureDefinition/cimi-context-RecordedContext-extension","mapping":[{"identity":"rim","map":"N/A"}]},{"id":"Extension:recordedcontext.value[x]","path":"Extension.value[x]","short":"Value of extension","definition":"Value of extension - may be a resource or one of a constrained set of the data types (see Extensibility in the spec for list).","min":0,"max":"0","base":{"path":"Extension.value[x]","min":0,"max":"1"},"type":[{"code":"base64Binary"},{"code":"boolean"},{"code":"code"},{"code":"date"},{"code":"dateTime"},{"code":"decimal"},{"code":"id"},{"code":"instant"},{"code":"integer"},{"code":"markdown"},{"code":"oid"},{"code":"positiveInt"},{"code":"string"},{"code":"time"},{"code":"unsignedInt"},{"code":"uri"},{"code":"Address"},{"code":"Age"},{"code":"Annotation"},{"code":"Attachment"},{"code":"CodeableConcept"},{"code":"Coding"},{"code":"ContactPoint"},{"code":"Count"},{"code":"Distance"},{"code":"Duration"},{"code":"HumanName"},{"code":"Identifier"},{"code":"Money"},{"code":"Period"},{"code":"Quantity"},{"code":"Range"},{"code":"Ratio"},{"code":"Reference"},{"code":"SampledData"},{"code":"Signature"},{"code":"Timing"},{"code":"Meta"}],"mapping":[{"identity":"rim","map":"N/A"}]}]},"differential":{"element":[{"id":"Extension:recordedcontext","path":"Extension","short":"SHR RecordedContext Extension","definition":"Context for recording a finding, usually a Panel, used to indicate an evaluation has been made.\n\nFor example, measurement of blood pressure that has been made simply exists (although the value can be present or absent, accurate or inaccurate). The RecordedContext indicates the information presented stands on its own as presented. It can also apply to clinical notes.","min":0,"max":"*"},{"id":"Extension:recordedcontext.extension:contextcode","path":"Extension.extension","sliceName":"contextcode","definition":"A code representing the ontological status of the statement, e.g., whether it exists, does not exist, is planned, etc.\nAttribute aligns with the SNOMED CT Situation with Explicit Context (SWEC) Concept Model context attributes: 'Finding context (attribute)' (SCTID: 408729009) and 'Procedure context (attribute)' (SCTID: 408730004). The range allowed for this attribute shall be consistent with the SNOMED CT concept model specification for SWEC.","min":1,"max":"1","type":[{"code":"Extension","profile":"http://standardhealthrecord.org/fhir/StructureDefinition/cimi-context-ContextCode-extension"}]},{"id":"Extension:recordedcontext.extension:contextcode.valueCodeableConcept.coding","path":"Extension.extension.valueCodeableConcept.coding","slicing":{"id":"2","discriminator":[{"type":"value","path":"code"}],"ordered":false,"rules":"open"}},{"id":"Extension:recordedcontext.extension:contextcode.valueCodeableConcept.coding:Fixed_424975005","path":"Extension.extension.valueCodeableConcept.coding","sliceName":"Fixed_424975005","short":"Record Entity","definition":"Record Entity","min":1,"max":"1","type":[{"code":"Coding","profile":"http://standardhealthrecord.org/fhir/StructureDefinition/shr-core-Coding"}],"isSummary":true},{"id":"Extension:recordedcontext.extension:contextcode.valueCodeableConcept.coding:Fixed_424975005.system","path":"Extension.extension.valueCodeableConcept.coding.system","fixedUri":"http://snomed.info/sct"},{"id":"Extension:recordedcontext.extension:contextcode.valueCodeableConcept.coding:Fixed_424975005.code","path":"Extension.extension.valueCodeableConcept.coding.code","fixedCode":"424975005"},{"id":"Extension:recordedcontext.extension:encounter","path":"Extension.extension","sliceName":"encounter","definition":"A description of an interaction between a patient and healthcare provider(s) for the purpose of providing healthcare service(s) or assessing the health status of a patient.","min":0,"max":"1","type":[{"code":"Extension","profile":"http://standardhealthrecord.org/fhir/StructureDefinition/cimi-encounter-Encounter-extension"}]},{"id":"Extension:recordedcontext.extension:interpretation","path":"Extension.extension","sliceName":"interpretation","definition":"A clinical interpretation of a finding.","min":0,"max":"1","type":[{"code":"Extension","profile":"http://standardhealthrecord.org/fhir/StructureDefinition/cimi-context-Interpretation-extension"}]},{"id":"Extension:recordedcontext.extension:findingstatus","path":"Extension.extension","sliceName":"findingstatus","definition":"Indicates whether the finding is preliminary, amended, final, etc.","min":1,"max":"1","type":[{"code":"Extension","profile":"http://standardhealthrecord.org/fhir/StructureDefinition/cimi-context-FindingStatus-extension"}]},{"id":"Extension:recordedcontext.extension:relevanttime","path":"Extension.extension","sliceName":"relevanttime","definition":"The time or time period that the finding addresses.\n\nThe clinically relevant time is not necessarily when the information is gathered or when a test is carried out, but for example, when a specimen was collected, or the time period referred to by the question. Use a TimePeriod for a measurement or specimen collection continued over a significant period of time (e.g. 24 hour Urine Sodium).","min":0,"max":"1","type":[{"code":"Extension","profile":"http://standardhealthrecord.org/fhir/StructureDefinition/cimi-context-RelevantTime-extension"}]},{"id":"Extension:recordedcontext.url","path":"Extension.url","type":[{"code":"uri"}],"fixedUri":"http://standardhealthrecord.org/fhir/StructureDefinition/cimi-context-RecordedContext-extension"},{"id":"Extension:recordedcontext.value[x]","path":"Extension.value[x]","min":0,"max":"0"}]}}