{"resourceType":"StructureDefinition","id":"shr-action-PerformedContext-extension","text":{"status":"generated","div":"<div xmlns=\"http://www.w3.org/1999/xhtml\">\n  <p><b>SHR PerformedContext Extension</b></p>\n  <p>ActionContext indicating actual performance or execution of a healthcare-related action, e.g., 3rd dose of Hepatitis B vaccine administered on Dec 4th 2012, appendectomy performed today.</p>\n</div>"},"url":"http://standardhealthrecord.org/fhir/StructureDefinition/shr-action-PerformedContext-extension","identifier":[{"system":"http://standardhealthrecord.org","value":"shr.action.PerformedContext"}],"version":"0.0.1","name":"SHR PerformedContext Extension","title":"SHR PerformedContext Extension","status":"draft","date":"2017-12-19","publisher":"The MITRE Corporation: Standard Health Record Collaborative","contact":[{"telecom":[{"system":"url","value":"http://standardhealthrecord.org"}]}],"description":"ActionContext indicating actual performance or execution of a healthcare-related action, e.g., 3rd dose of Hepatitis B vaccine administered on Dec 4th 2012, appendectomy performed today.","fhirVersion":"3.0.1","kind":"complex-type","abstract":false,"contextType":"resource","context":["*"],"type":"Extension","baseDefinition":"http://hl7.org/fhir/StructureDefinition/Extension","derivation":"constraint","snapshot":{"element":[{"id":"Extension:performedcontext","path":"Extension","short":"SHR PerformedContext Extension","definition":"ActionContext indicating actual performance or execution of a healthcare-related action, e.g., 3rd dose of Hepatitis B vaccine administered on Dec 4th 2012, appendectomy performed today.","min":0,"max":"*","base":{"path":"Extension","min":0,"max":"1"},"condition":["ele-1"],"constraint":[{"key":"ele-1","severity":"error","human":"All FHIR elements must have a @value or children","expression":"children().count() > id.count()","xpath":"@value|f:*|h:div","source":"Element"},{"key":"ext-1","severity":"error","human":"Must have either extensions or value[x], not both","expression":"extension.exists() != value.exists()","xpath":"exists(f:extension)!=exists(f:*[starts-with(local-name(.), 'value')])","source":"Extension"}]},{"id":"Extension:performedcontext.id","path":"Extension.id","representation":["xmlAttr"],"short":"xml:id (or equivalent in JSON)","definition":"unique id for the element within a resource (for internal references). This may be any string value that does not contain spaces.","min":0,"max":"1","base":{"path":"Element.id","min":0,"max":"1"},"type":[{"code":"string"}],"mapping":[{"identity":"rim","map":"N/A"}]},{"id":"Extension:performedcontext.extension","path":"Extension.extension","slicing":{"id":"14","discriminator":[{"type":"value","path":"url"}],"ordered":false,"rules":"open"},"short":"Extension","definition":"An Extension","min":0,"max":"*","base":{"path":"Element.extension","min":0,"max":"*"},"type":[{"code":"Extension"}]},{"id":"Extension:performedcontext.extension:reason","path":"Extension.extension","sliceName":"reason","definition":"The justification for an action or non-action, conclusion, opinion, etc.","min":0,"max":"*","base":{"path":"Extension.extension","min":0,"max":"1"},"type":[{"code":"Extension","profile":"http://standardhealthrecord.org/fhir/StructureDefinition/shr-core-Reason-extension"}],"isModifier":false,"mapping":[{"identity":"rim","map":"N/A"}]},{"id":"Extension:performedcontext.extension:occurrencetimeorperiod","path":"Extension.extension","sliceName":"occurrencetimeorperiod","definition":"The point in time or span of time in which something happens.","min":0,"max":"1","base":{"path":"Extension.extension","min":0,"max":"1"},"type":[{"code":"Extension","profile":"http://standardhealthrecord.org/fhir/StructureDefinition/shr-core-OccurrenceTimeOrPeriod-extension"}],"isModifier":false,"mapping":[{"identity":"rim","map":"N/A"}]},{"id":"Extension:performedcontext.extension:participant","path":"Extension.extension","sliceName":"participant","definition":"An object (usually a Person, Party, or Organization but potentially a device or other Entity) that participates in a task or activity.","min":0,"max":"*","base":{"path":"Extension.extension","min":0,"max":"1"},"type":[{"code":"Extension","profile":"http://standardhealthrecord.org/fhir/StructureDefinition/shr-action-Participant-extension"}],"isModifier":false,"mapping":[{"identity":"rim","map":"N/A"}]},{"id":"Extension:performedcontext.extension:status","path":"Extension.extension","sliceName":"status","definition":"Position in workflow.","min":1,"max":"1","base":{"path":"Extension.extension","min":0,"max":"1"},"type":[{"code":"Extension","profile":"http://standardhealthrecord.org/fhir/StructureDefinition/shr-action-Status-extension"}],"isModifier":false,"mapping":[{"identity":"rim","map":"N/A"}]},{"id":"Extension:performedcontext.extension:status.id","path":"Extension.extension.id","representation":["xmlAttr"],"short":"xml:id (or equivalent in JSON)","definition":"unique id for the element within a resource (for internal references). This may be any string value that does not contain spaces.","min":0,"max":"1","base":{"path":"Element.id","min":0,"max":"1"},"type":[{"code":"string"}],"mapping":[{"identity":"rim","map":"N/A"}]},{"id":"Extension:performedcontext.extension:status.extension:extension","path":"Extension.extension.extension","sliceName":"extension","short":"Extension","definition":"An Extension","min":0,"max":"0","base":{"path":"Element.extension","min":0,"max":"*"},"type":[{"code":"Extension"}]},{"id":"Extension:performedcontext.extension:status.url","path":"Extension.extension.url","representation":["xmlAttr"],"short":"identifies the meaning of the extension","definition":"Source of the definition for the extension code - a logical name or a URL.","comment":"The definition may point directly to a computable or human-readable definition of the extensibility codes, or it may be a logical URI as declared in some other specification. The definition SHALL be a URI for the Structure Definition defining the extension.","min":1,"max":"1","base":{"path":"Extension.url","min":1,"max":"1"},"type":[{"code":"uri"}],"fixedUri":"http://standardhealthrecord.org/fhir/StructureDefinition/shr-action-Status-extension","mapping":[{"identity":"rim","map":"N/A"}]},{"id":"Extension:performedcontext.extension:status.value[x]","path":"Extension.extension.value[x]","short":"Value of extension","definition":"Value of extension - may be a resource or one of a constrained set of the data types (see Extensibility in the spec for list).","min":1,"max":"1","base":{"path":"Extension.value[x]","min":0,"max":"1"},"type":[{"code":"code"},{"code":"Coding"},{"code":"CodeableConcept"}],"binding":{"strength":"preferred","valueSetReference":{"reference":"http://hl7.org/fhir/ValueSet/event-status"}},"mapping":[{"identity":"rim","map":"N/A"}]},{"id":"Extension:performedcontext.extension:method","path":"Extension.extension","sliceName":"method","definition":"The technique used to carry out an action, for example, the specific imaging technical or assessment vehicle.","min":0,"max":"1","base":{"path":"Extension.extension","min":0,"max":"1"},"type":[{"code":"Extension","profile":"http://standardhealthrecord.org/fhir/StructureDefinition/shr-action-Method-extension"}],"isModifier":false,"mapping":[{"identity":"rim","map":"N/A"}]},{"id":"Extension:performedcontext.extension:relatedrequest","path":"Extension.extension","sliceName":"relatedrequest","definition":"The request that this action fulfills","min":0,"max":"1","base":{"path":"Extension.extension","min":0,"max":"1"},"type":[{"code":"Extension","profile":"http://standardhealthrecord.org/fhir/StructureDefinition/shr-action-RelatedRequest-extension"}],"isModifier":false,"mapping":[{"identity":"rim","map":"N/A"}]},{"id":"Extension:performedcontext.extension:relatedplan","path":"Extension.extension","sliceName":"relatedplan","definition":"The plan that this action fulfills","min":0,"max":"1","base":{"path":"Extension.extension","min":0,"max":"1"},"type":[{"code":"Extension","profile":"http://standardhealthrecord.org/fhir/StructureDefinition/shr-action-RelatedPlan-extension"}],"isModifier":false,"mapping":[{"identity":"rim","map":"N/A"}]},{"id":"Extension:performedcontext.extension:facility","path":"Extension.extension","sliceName":"facility","definition":"Services and space and equipment provided for a particular purpose; a building or place that provides a particular service or is used for a particular industry. Could be a clinical site, community site, or a mobile facility.","min":0,"max":"*","base":{"path":"Extension.extension","min":0,"max":"1"},"type":[{"code":"Extension","profile":"http://standardhealthrecord.org/fhir/StructureDefinition/shr-entity-Facility-extension"}],"isModifier":false,"mapping":[{"identity":"rim","map":"N/A"}]},{"id":"Extension:performedcontext.extension:outcome","path":"Extension.extension","sliceName":"outcome","definition":"The result of performing an action or behavior, for example, an adverse reaction or new finding.","min":0,"max":"*","base":{"path":"Extension.extension","min":0,"max":"1"},"type":[{"code":"Extension","profile":"http://standardhealthrecord.org/fhir/StructureDefinition/shr-action-Outcome-extension"}],"isModifier":false,"mapping":[{"identity":"rim","map":"N/A"}]},{"id":"Extension:performedcontext.url","path":"Extension.url","representation":["xmlAttr"],"short":"identifies the meaning of the extension","definition":"Source of the definition for the extension code - a logical name or a URL.","comment":"The definition may point directly to a computable or human-readable definition of the extensibility codes, or it may be a logical URI as declared in some other specification. The definition SHALL be a URI for the Structure Definition defining the extension.","min":1,"max":"1","base":{"path":"Extension.url","min":1,"max":"1"},"type":[{"code":"uri"}],"fixedUri":"http://standardhealthrecord.org/fhir/StructureDefinition/shr-action-PerformedContext-extension","mapping":[{"identity":"rim","map":"N/A"}]},{"id":"Extension:performedcontext.value[x]","path":"Extension.value[x]","short":"Value of extension","definition":"Value of extension - may be a resource or one of a constrained set of the data types (see Extensibility in the spec for list).","min":0,"max":"0","base":{"path":"Extension.value[x]","min":0,"max":"1"},"type":[{"code":"base64Binary"},{"code":"boolean"},{"code":"code"},{"code":"date"},{"code":"dateTime"},{"code":"decimal"},{"code":"id"},{"code":"instant"},{"code":"integer"},{"code":"markdown"},{"code":"oid"},{"code":"positiveInt"},{"code":"string"},{"code":"time"},{"code":"unsignedInt"},{"code":"uri"},{"code":"Address"},{"code":"Age"},{"code":"Annotation"},{"code":"Attachment"},{"code":"CodeableConcept"},{"code":"Coding"},{"code":"ContactPoint"},{"code":"Count"},{"code":"Distance"},{"code":"Duration"},{"code":"HumanName"},{"code":"Identifier"},{"code":"Money"},{"code":"Period"},{"code":"Quantity"},{"code":"Range"},{"code":"Ratio"},{"code":"Reference"},{"code":"SampledData"},{"code":"Signature"},{"code":"Timing"},{"code":"Meta"}],"mapping":[{"identity":"rim","map":"N/A"}]}]},"differential":{"element":[{"id":"Extension:performedcontext","path":"Extension","short":"SHR PerformedContext Extension","definition":"ActionContext indicating actual performance or execution of a healthcare-related action, e.g., 3rd dose of Hepatitis B vaccine administered on Dec 4th 2012, appendectomy performed today.","min":0,"max":"*"},{"id":"Extension:performedcontext.extension:reason","path":"Extension.extension","sliceName":"reason","definition":"The justification for an action or non-action, conclusion, opinion, etc.","min":0,"max":"*","type":[{"code":"Extension","profile":"http://standardhealthrecord.org/fhir/StructureDefinition/shr-core-Reason-extension"}]},{"id":"Extension:performedcontext.extension:occurrencetimeorperiod","path":"Extension.extension","sliceName":"occurrencetimeorperiod","definition":"The point in time or span of time in which something happens.","min":0,"max":"1","type":[{"code":"Extension","profile":"http://standardhealthrecord.org/fhir/StructureDefinition/shr-core-OccurrenceTimeOrPeriod-extension"}]},{"id":"Extension:performedcontext.extension:participant","path":"Extension.extension","sliceName":"participant","definition":"An object (usually a Person, Party, or Organization but potentially a device or other Entity) that participates in a task or activity.","min":0,"max":"*","type":[{"code":"Extension","profile":"http://standardhealthrecord.org/fhir/StructureDefinition/shr-action-Participant-extension"}]},{"id":"Extension:performedcontext.extension:status","path":"Extension.extension","sliceName":"status","definition":"Position in workflow.","min":1,"max":"1","type":[{"code":"Extension","profile":"http://standardhealthrecord.org/fhir/StructureDefinition/shr-action-Status-extension"}]},{"id":"Extension:performedcontext.extension:status.value[x]","path":"Extension.extension.value[x]","binding":{"strength":"preferred","valueSetReference":{"reference":"http://hl7.org/fhir/ValueSet/event-status"}}},{"id":"Extension:performedcontext.extension:method","path":"Extension.extension","sliceName":"method","definition":"The technique used to carry out an action, for example, the specific imaging technical or assessment vehicle.","min":0,"max":"1","type":[{"code":"Extension","profile":"http://standardhealthrecord.org/fhir/StructureDefinition/shr-action-Method-extension"}]},{"id":"Extension:performedcontext.extension:relatedrequest","path":"Extension.extension","sliceName":"relatedrequest","definition":"The request that this action fulfills","min":0,"max":"1","type":[{"code":"Extension","profile":"http://standardhealthrecord.org/fhir/StructureDefinition/shr-action-RelatedRequest-extension"}]},{"id":"Extension:performedcontext.extension:relatedplan","path":"Extension.extension","sliceName":"relatedplan","definition":"The plan that this action fulfills","min":0,"max":"1","type":[{"code":"Extension","profile":"http://standardhealthrecord.org/fhir/StructureDefinition/shr-action-RelatedPlan-extension"}]},{"id":"Extension:performedcontext.extension:facility","path":"Extension.extension","sliceName":"facility","definition":"Services and space and equipment provided for a particular purpose; a building or place that provides a particular service or is used for a particular industry. Could be a clinical site, community site, or a mobile facility.","min":0,"max":"*","type":[{"code":"Extension","profile":"http://standardhealthrecord.org/fhir/StructureDefinition/shr-entity-Facility-extension"}]},{"id":"Extension:performedcontext.extension:outcome","path":"Extension.extension","sliceName":"outcome","definition":"The result of performing an action or behavior, for example, an adverse reaction or new finding.","min":0,"max":"*","type":[{"code":"Extension","profile":"http://standardhealthrecord.org/fhir/StructureDefinition/shr-action-Outcome-extension"}]},{"id":"Extension:performedcontext.url","path":"Extension.url","type":[{"code":"uri"}],"fixedUri":"http://standardhealthrecord.org/fhir/StructureDefinition/shr-action-PerformedContext-extension"},{"id":"Extension:performedcontext.value[x]","path":"Extension.value[x]","min":0,"max":"0"}]}}