{"resourceType":"StructureDefinition","id":"shr-base-Author-extension","text":{"status":"generated","div":"<div xmlns=\"http://www.w3.org/1999/xhtml\">\n  <p><b>SHR Author Extension</b></p>\n  <p>The person or organization who created the entry and is responsible for (and may certify) the content.</p>\n</div>"},"url":"http://standardhealthrecord.org/fhir/StructureDefinition/shr-base-Author-extension","identifier":[{"system":"http://standardhealthrecord.org","value":"shr.base.Author"}],"version":"0.0.1","name":"SHR Author Extension","title":"SHR Author Extension","status":"draft","date":"2017-12-19","publisher":"The MITRE Corporation: Standard Health Record Collaborative","contact":[{"telecom":[{"system":"url","value":"http://standardhealthrecord.org"}]}],"description":"The person or organization who created the entry and is responsible for (and may certify) the content.","fhirVersion":"3.0.1","kind":"complex-type","abstract":false,"contextType":"resource","context":["*"],"type":"Extension","baseDefinition":"http://hl7.org/fhir/StructureDefinition/Extension","derivation":"constraint","snapshot":{"element":[{"id":"Extension:author","path":"Extension","short":"SHR Author Extension","definition":"The person or organization who created the entry and is responsible for (and may certify) the content.","min":0,"max":"*","base":{"path":"Extension","min":0,"max":"1"},"condition":["ele-1"],"constraint":[{"key":"ele-1","severity":"error","human":"All FHIR elements must have a @value or children","expression":"children().count() > id.count()","xpath":"@value|f:*|h:div","source":"Element"},{"key":"ext-1","severity":"error","human":"Must have either extensions or value[x], not both","expression":"extension.exists() != value.exists()","xpath":"exists(f:extension)!=exists(f:*[starts-with(local-name(.), 'value')])","source":"Extension"},{"key":"choice-1","severity":"error","human":"shr-base-Author-extension SHALL have either extension('string') or extension('patient') or extension('group') or extension('device') or extension('participant') or extension('relatedperson') or extension('organization')","expression":"( extension('string').url | extension('patient').url | extension('group').url | extension('device').url | extension('participant').url | extension('relatedperson').url | extension('organization').url ).distinct().count() == 1"}]},{"id":"Extension:author.id","path":"Extension.id","representation":["xmlAttr"],"short":"xml:id (or equivalent in JSON)","definition":"unique id for the element within a resource (for internal references). This may be any string value that does not contain spaces.","min":0,"max":"1","base":{"path":"Element.id","min":0,"max":"1"},"type":[{"code":"string"}],"mapping":[{"identity":"rim","map":"N/A"}]},{"id":"Extension:author.extension","path":"Extension.extension","slicing":{"id":"1","discriminator":[{"type":"value","path":"url"}],"ordered":false,"rules":"open"},"short":"Extension","definition":"An Extension","min":0,"max":"*","base":{"path":"Element.extension","min":0,"max":"*"},"type":[{"code":"Extension"}]},{"id":"Extension:author.extension:string","path":"Extension.extension","sliceName":"string","definition":"The person or organization who created the entry and is responsible for (and may certify) the content.","min":0,"max":"1","base":{"path":"Extension.extension","min":0,"max":"1"},"type":[{"code":"Extension","profile":"http://standardhealthrecord.org/fhir/StructureDefinition/primitive-string-extension"}],"isModifier":false,"mapping":[{"identity":"rim","map":"N/A"}]},{"id":"Extension:author.extension:patient","path":"Extension.extension","sliceName":"patient","definition":"A person in the role of a patient, including extended demographic information about the subject of this health record.","min":0,"max":"1","base":{"path":"Extension.extension","min":0,"max":"1"},"type":[{"code":"Extension","profile":"http://standardhealthrecord.org/fhir/StructureDefinition/shr-entity-Patient-extension"}],"isModifier":false,"mapping":[{"identity":"rim","map":"N/A"}]},{"id":"Extension:author.extension:group","path":"Extension.extension","sliceName":"group","definition":"A set of entities (personnel, material, or places) to be considered together. May be a pool of like-type resources, a team, or combination of personnel, material and places.","min":0,"max":"1","base":{"path":"Extension.extension","min":0,"max":"1"},"type":[{"code":"Extension","profile":"http://standardhealthrecord.org/fhir/StructureDefinition/shr-entity-Group-extension"}],"isModifier":false,"mapping":[{"identity":"rim","map":"N/A"}]},{"id":"Extension:author.extension:device","path":"Extension.extension","sliceName":"device","definition":"A specific durable physical device used in diagnosis or treatment. The value is the coding for a type of device, for example, a CPAP machine. The same device might be used on multiple patients.","min":0,"max":"1","base":{"path":"Extension.extension","min":0,"max":"1"},"type":[{"code":"Extension","profile":"http://standardhealthrecord.org/fhir/StructureDefinition/shr-device-Device-extension"}],"isModifier":false,"mapping":[{"identity":"rim","map":"N/A"}]},{"id":"Extension:author.extension:participant","path":"Extension.extension","sliceName":"participant","definition":"An object (usually a Person, Party, or Organization but potentially a device or other Entity) that participates in a task or activity.","min":0,"max":"1","base":{"path":"Extension.extension","min":0,"max":"1"},"type":[{"code":"Extension","profile":"http://standardhealthrecord.org/fhir/StructureDefinition/shr-action-Participant-extension"}],"isModifier":false,"mapping":[{"identity":"rim","map":"N/A"}]},{"id":"Extension:author.extension:relatedperson","path":"Extension.extension","sliceName":"relatedperson","definition":"A person in a role defined in relationship to a patient","min":0,"max":"1","base":{"path":"Extension.extension","min":0,"max":"1"},"type":[{"code":"Extension","profile":"http://standardhealthrecord.org/fhir/StructureDefinition/shr-entity-RelatedPerson-extension"}],"isModifier":false,"mapping":[{"identity":"rim","map":"N/A"}]},{"id":"Extension:author.extension:organization","path":"Extension.extension","sliceName":"organization","definition":"A social or legal structure formed by human beings.","min":0,"max":"1","base":{"path":"Extension.extension","min":0,"max":"1"},"type":[{"code":"Extension","profile":"http://standardhealthrecord.org/fhir/StructureDefinition/shr-entity-Organization-extension"}],"isModifier":false,"mapping":[{"identity":"rim","map":"N/A"}]},{"id":"Extension:author.url","path":"Extension.url","representation":["xmlAttr"],"short":"identifies the meaning of the extension","definition":"Source of the definition for the extension code - a logical name or a URL.","comment":"The definition may point directly to a computable or human-readable definition of the extensibility codes, or it may be a logical URI as declared in some other specification. The definition SHALL be a URI for the Structure Definition defining the extension.","min":1,"max":"1","base":{"path":"Extension.url","min":1,"max":"1"},"type":[{"code":"uri"}],"fixedUri":"http://standardhealthrecord.org/fhir/StructureDefinition/shr-base-Author-extension","mapping":[{"identity":"rim","map":"N/A"}]},{"id":"Extension:author.value[x]","path":"Extension.value[x]","short":"Value of extension","definition":"Value of extension - may be a resource or one of a constrained set of the data types (see Extensibility in the spec for list).","min":0,"max":"0","base":{"path":"Extension.value[x]","min":0,"max":"1"},"type":[{"code":"base64Binary"},{"code":"boolean"},{"code":"code"},{"code":"date"},{"code":"dateTime"},{"code":"decimal"},{"code":"id"},{"code":"instant"},{"code":"integer"},{"code":"markdown"},{"code":"oid"},{"code":"positiveInt"},{"code":"string"},{"code":"time"},{"code":"unsignedInt"},{"code":"uri"},{"code":"Address"},{"code":"Age"},{"code":"Annotation"},{"code":"Attachment"},{"code":"CodeableConcept"},{"code":"Coding"},{"code":"ContactPoint"},{"code":"Count"},{"code":"Distance"},{"code":"Duration"},{"code":"HumanName"},{"code":"Identifier"},{"code":"Money"},{"code":"Period"},{"code":"Quantity"},{"code":"Range"},{"code":"Ratio"},{"code":"Reference"},{"code":"SampledData"},{"code":"Signature"},{"code":"Timing"},{"code":"Meta"}],"mapping":[{"identity":"rim","map":"N/A"}]}]},"differential":{"element":[{"id":"Extension:author","path":"Extension","short":"SHR Author Extension","definition":"The person or organization who created the entry and is responsible for (and may certify) the content.","min":0,"max":"*","constraint":[{"key":"choice-1","severity":"error","human":"shr-base-Author-extension SHALL have either extension('string') or extension('patient') or extension('group') or extension('device') or extension('participant') or extension('relatedperson') or extension('organization')","expression":"( extension('string').url | extension('patient').url | extension('group').url | extension('device').url | extension('participant').url | extension('relatedperson').url | extension('organization').url ).distinct().count() == 1"}]},{"id":"Extension:author.extension:string","path":"Extension.extension","sliceName":"string","definition":"The person or organization who created the entry and is responsible for (and may certify) the content.","min":0,"max":"1","type":[{"code":"Extension","profile":"http://standardhealthrecord.org/fhir/StructureDefinition/primitive-string-extension"}]},{"id":"Extension:author.extension:patient","path":"Extension.extension","sliceName":"patient","definition":"A person in the role of a patient, including extended demographic information about the subject of this health record.","min":0,"max":"1","type":[{"code":"Extension","profile":"http://standardhealthrecord.org/fhir/StructureDefinition/shr-entity-Patient-extension"}]},{"id":"Extension:author.extension:group","path":"Extension.extension","sliceName":"group","definition":"A set of entities (personnel, material, or places) to be considered together. May be a pool of like-type resources, a team, or combination of personnel, material and places.","min":0,"max":"1","type":[{"code":"Extension","profile":"http://standardhealthrecord.org/fhir/StructureDefinition/shr-entity-Group-extension"}]},{"id":"Extension:author.extension:device","path":"Extension.extension","sliceName":"device","definition":"A specific durable physical device used in diagnosis or treatment. The value is the coding for a type of device, for example, a CPAP machine. The same device might be used on multiple patients.","min":0,"max":"1","type":[{"code":"Extension","profile":"http://standardhealthrecord.org/fhir/StructureDefinition/shr-device-Device-extension"}]},{"id":"Extension:author.extension:participant","path":"Extension.extension","sliceName":"participant","definition":"An object (usually a Person, Party, or Organization but potentially a device or other Entity) that participates in a task or activity.","min":0,"max":"1","type":[{"code":"Extension","profile":"http://standardhealthrecord.org/fhir/StructureDefinition/shr-action-Participant-extension"}]},{"id":"Extension:author.extension:relatedperson","path":"Extension.extension","sliceName":"relatedperson","definition":"A person in a role defined in relationship to a patient","min":0,"max":"1","type":[{"code":"Extension","profile":"http://standardhealthrecord.org/fhir/StructureDefinition/shr-entity-RelatedPerson-extension"}]},{"id":"Extension:author.extension:organization","path":"Extension.extension","sliceName":"organization","definition":"A social or legal structure formed by human beings.","min":0,"max":"1","type":[{"code":"Extension","profile":"http://standardhealthrecord.org/fhir/StructureDefinition/shr-entity-Organization-extension"}]},{"id":"Extension:author.url","path":"Extension.url","type":[{"code":"uri"}],"fixedUri":"http://standardhealthrecord.org/fhir/StructureDefinition/shr-base-Author-extension"},{"id":"Extension:author.value[x]","path":"Extension.value[x]","min":0,"max":"0"}]}}