{"resourceType":"StructureDefinition","id":"shr-procedure-SurgicalProcedureRequestedAgainst","text":{"status":"generated","div":"<div xmlns=\"http://www.w3.org/1999/xhtml\">\n  <p><b>SHR SurgicalProcedureRequestedAgainst Profile</b></p>\n  <p/>\n  <p><b>SHR Mapping Summary</b></p>\n  <p><pre>shr.procedure.SurgicalProcedureRequestedAgainst maps to Basic:\n</pre></p>\n</div>"},"url":"http://standardhealthrecord.org/fhir/StructureDefinition/shr-procedure-SurgicalProcedureRequestedAgainst","identifier":[{"system":"http://standardhealthrecord.org","value":"shr.procedure.SurgicalProcedureRequestedAgainst"}],"version":"0.0.1","name":"SHR SurgicalProcedureRequestedAgainst Profile","status":"draft","date":"2017-12-12","publisher":"The MITRE Corporation: Standard Health Record Collaborative","contact":[{"telecom":[{"system":"url","value":"http://standardhealthrecord.org"}]}],"purpose":"Need some way to safely (without breaking interoperability) allow implementers to exchange content not supported by the initial set of declared resources.","fhirVersion":"3.0.1","mapping":[{"identity":"rim","uri":"http://hl7.org/v3","name":"RIM Mapping"},{"identity":"w5","uri":"http://hl7.org/fhir/w5","name":"W5 Mapping"}],"kind":"resource","abstract":false,"type":"Basic","baseDefinition":"http://hl7.org/fhir/StructureDefinition/Basic","derivation":"constraint","snapshot":{"element":[{"id":"Basic:shr-procedure-SurgicalProcedureRequestedAgainst","path":"Basic","short":"SHR SurgicalProcedureRequestedAgainst Profile","definition":"Basic is used for handling concepts not yet defined in FHIR, narrative-only resources that don't map to an existing resource, and custom resources not appropriate for inclusion in the FHIR specification.","alias":["Z-resource","Extension-resource","Custom-resource"],"min":0,"max":"*","constraint":[{"key":"dom-2","severity":"error","human":"If the resource is contained in another resource, it SHALL NOT contain nested Resources","expression":"contained.contained.empty()","xpath":"not(parent::f:contained and f:contained)","source":"DomainResource"},{"key":"dom-1","severity":"error","human":"If the resource is contained in another resource, it SHALL NOT contain any narrative","expression":"contained.text.empty()","xpath":"not(parent::f:contained and f:text)","source":"DomainResource"},{"key":"dom-4","severity":"error","human":"If a resource is contained in another resource, it SHALL NOT have a meta.versionId or a meta.lastUpdated","expression":"contained.meta.versionId.empty() and contained.meta.lastUpdated.empty()","xpath":"not(exists(f:contained/*/f:meta/f:versionId)) and not(exists(f:contained/*/f:meta/f:lastUpdated))","source":"DomainResource"},{"key":"dom-3","severity":"error","human":"If the resource is contained in another resource, it SHALL be referred to from elsewhere in the resource","expression":"contained.where(('#'+id in %resource.descendants().reference).not()).empty()","xpath":"not(exists(for $id in f:contained/*/@id return $id[not(ancestor::f:contained/parent::*/descendant::f:reference/@value=concat('#', $id))]))","source":"DomainResource"}],"mapping":[{"identity":"rim","map":"Entity. Role, or Act"},{"identity":"rim","map":"Act, Entity or Role"},{"identity":"w5","map":"infrastructure.structure"}]},{"id":"Basic:shr-procedure-SurgicalProcedureRequestedAgainst.id","path":"Basic.id","short":"Logical id of this artifact","definition":"The logical id of the resource, as used in the URL for the resource. Once assigned, this value never changes.","comment":"The only time that a resource does not have an id is when it is being submitted to the server using a create operation.","min":0,"max":"1","base":{"path":"Resource.id","min":0,"max":"1"},"type":[{"code":"id"}],"isSummary":true},{"id":"Basic:shr-procedure-SurgicalProcedureRequestedAgainst.meta","path":"Basic.meta","short":"Metadata about the resource","definition":"The metadata about the resource. This is content that is maintained by the infrastructure. Changes to the content may not always be associated with version changes to the resource.","min":0,"max":"1","base":{"path":"Resource.meta","min":0,"max":"1"},"type":[{"code":"Meta"}],"isSummary":true},{"id":"Basic:shr-procedure-SurgicalProcedureRequestedAgainst.implicitRules","path":"Basic.implicitRules","short":"A set of rules under which this content was created","definition":"A reference to a set of rules that were followed when the resource was constructed, and which must be understood when processing the content.","comment":"Asserting this rule set restricts the content to be only understood by a limited set of trading partners. This inherently limits the usefulness of the data in the long term. However, the existing health eco-system is highly fractured, and not yet ready to define, collect, and exchange data in a generally computable sense. Wherever possible, implementers and/or specification writers should avoid using this element. \n\nThis element is labelled as a modifier because the implicit rules may provide additional knowledge about the resource that modifies it's meaning or interpretation.","min":0,"max":"1","base":{"path":"Resource.implicitRules","min":0,"max":"1"},"type":[{"code":"uri"}],"isModifier":true,"isSummary":true},{"id":"Basic:shr-procedure-SurgicalProcedureRequestedAgainst.language","path":"Basic.language","short":"Language of the resource content","definition":"The base language in which the resource is written.","comment":"Language is provided to support indexing and accessibility (typically, services such as text to speech use the language tag). The html language tag in the narrative applies  to the narrative. The language tag on the resource may be used to specify the language of other presentations generated from the data in the resource  Not all the content has to be in the base language. The Resource.language should not be assumed to apply to the narrative automatically. If a language is specified, it should it also be specified on the div element in the html (see rules in HTML5 for information about the relationship between xml:lang and the html lang attribute).","min":0,"max":"1","base":{"path":"Resource.language","min":0,"max":"1"},"type":[{"code":"code"}],"binding":{"extension":[{"url":"http://hl7.org/fhir/StructureDefinition/elementdefinition-maxValueSet","valueReference":{"reference":"http://hl7.org/fhir/ValueSet/all-languages"}},{"url":"http://hl7.org/fhir/StructureDefinition/elementdefinition-bindingName","valueString":"Language"},{"url":"http://hl7.org/fhir/StructureDefinition/elementdefinition-isCommonBinding","valueBoolean":true}],"strength":"extensible","description":"A human language.","valueSetReference":{"reference":"http://hl7.org/fhir/ValueSet/languages"}}},{"id":"Basic:shr-procedure-SurgicalProcedureRequestedAgainst.text","path":"Basic.text","short":"Text summary of the resource, for human interpretation","definition":"A human-readable narrative that contains a summary of the resource, and may be used to represent the content of the resource to a human. The narrative need not encode all the structured data, but is required to contain sufficient detail to make it \"clinically safe\" for a human to just read the narrative. Resource definitions may define what content should be represented in the narrative to ensure clinical safety.","comment":"Contained resources do not have narrative. Resources that are not contained SHOULD have a narrative. In some cases, a resource may only have text with little or no additional discrete data (as long as all minOccurs=1 elements are satisfied).  This may be necessary for data from legacy systems where information is captured as a \"text blob\" or where text is additionally entered raw or narrated and encoded in formation is added later.","alias":["narrative","html","xhtml","display"],"min":0,"max":"1","base":{"path":"DomainResource.text","min":0,"max":"1"},"type":[{"code":"Narrative"}],"condition":["dom-1"],"mapping":[{"identity":"rim","map":"Act.text?"}]},{"id":"Basic:shr-procedure-SurgicalProcedureRequestedAgainst.contained","path":"Basic.contained","short":"Contained, inline Resources","definition":"These resources do not have an independent existence apart from the resource that contains them - they cannot be identified independently, and nor can they have their own independent transaction scope.","comment":"This should never be done when the content can be identified properly, as once identification is lost, it is extremely difficult (and context dependent) to restore it again.","alias":["inline resources","anonymous resources","contained resources"],"min":0,"max":"*","base":{"path":"DomainResource.contained","min":0,"max":"*"},"type":[{"code":"Resource"}],"mapping":[{"identity":"rim","map":"N/A"}]},{"id":"Basic:shr-procedure-SurgicalProcedureRequestedAgainst.extension","path":"Basic.extension","slicing":{"id":"345","discriminator":[{"type":"value","path":"url"}],"ordered":false,"rules":"open"},"short":"Additional Content defined by implementations","definition":"May be used to represent additional information that is not part of the basic definition of the resource. In order to make the use of extensions safe and manageable, there is a strict set of governance  applied to the definition and use of extensions. Though any implementer is allowed to define an extension, there is a set of requirements that SHALL be met as part of the definition of the extension.","comment":"There can be no stigma associated with the use of extensions by any application, project, or standard - regardless of the institution or jurisdiction that uses or defines the extensions.  The use of extensions is what allows the FHIR specification to retain a core level of simplicity for everyone.","alias":["extensions","user content"],"min":0,"max":"*","base":{"path":"DomainResource.extension","min":0,"max":"*"},"type":[{"code":"Extension"}],"mapping":[{"identity":"rim","map":"N/A"}]},{"id":"Basic:shr-procedure-SurgicalProcedureRequestedAgainst.extension:relatedencounter","path":"Basic.extension","sliceName":"relatedencounter","definition":"If content was generated during a patient encounter, related encounter is the encounter where the information was gained.","min":0,"max":"1","type":[{"code":"Extension","profile":"http://standardhealthrecord.org/fhir/StructureDefinition/shr-base-RelatedEncounter-extension"}]},{"id":"Basic:shr-procedure-SurgicalProcedureRequestedAgainst.extension:author","path":"Basic.extension","sliceName":"author","definition":"The person or organization who created the entry and is responsible for (and may certify) the content.","min":0,"max":"1","type":[{"code":"Extension","profile":"http://standardhealthrecord.org/fhir/StructureDefinition/shr-base-Author-extension"}]},{"id":"Basic:shr-procedure-SurgicalProcedureRequestedAgainst.extension:informant","path":"Basic.extension","sliceName":"informant","definition":"The person or entity that provided the information in the entry, as distinct from who created the entry, e.g. the subject (patient), medical professional, family member, device or software program.","min":0,"max":"1","type":[{"code":"Extension","profile":"http://standardhealthrecord.org/fhir/StructureDefinition/shr-base-Informant-extension"}]},{"id":"Basic:shr-procedure-SurgicalProcedureRequestedAgainst.extension:type","path":"Basic.extension","sliceName":"type","definition":"The most specific code (lowest level term) describing the kind or sort of thing being represented.","min":1,"max":"1","type":[{"code":"Extension","profile":"http://standardhealthrecord.org/fhir/StructureDefinition/shr-entity-Type-extension"}]},{"id":"Basic:shr-procedure-SurgicalProcedureRequestedAgainst.extension:type.id","path":"Basic.extension.id","representation":["xmlAttr"],"short":"xml:id (or equivalent in JSON)","definition":"unique id for the element within a resource (for internal references). This may be any string value that does not contain spaces.","min":0,"max":"1","base":{"path":"Element.id","min":0,"max":"1"},"type":[{"code":"string"}],"mapping":[{"identity":"rim","map":"N/A"}]},{"id":"Basic:shr-procedure-SurgicalProcedureRequestedAgainst.extension:type.extension:extension","path":"Basic.extension.extension","sliceName":"extension","short":"Extension","definition":"An Extension","min":0,"max":"0","base":{"path":"Element.extension","min":0,"max":"*"},"type":[{"code":"Extension"}]},{"id":"Basic:shr-procedure-SurgicalProcedureRequestedAgainst.extension:type.url","path":"Basic.extension.url","representation":["xmlAttr"],"short":"identifies the meaning of the extension","definition":"Source of the definition for the extension code - a logical name or a URL.","comment":"The definition may point directly to a computable or human-readable definition of the extensibility codes, or it may be a logical URI as declared in some other specification. The definition SHALL be a URI for the Structure Definition defining the extension.","min":1,"max":"1","base":{"path":"Extension.url","min":1,"max":"1"},"type":[{"code":"uri"}],"fixedUri":"http://standardhealthrecord.org/fhir/StructureDefinition/shr-entity-Type-extension","mapping":[{"identity":"rim","map":"N/A"}]},{"id":"Basic:shr-procedure-SurgicalProcedureRequestedAgainst.extension:type.valueCodeableConcept","path":"Basic.extension.valueCodeableConcept","short":"Value of extension","definition":"Value of extension - may be a resource or one of a constrained set of the data types (see Extensibility in the spec for list).","min":1,"max":"1","base":{"path":"Extension.value[x]","min":0,"max":"1"},"type":[{"code":"CodeableConcept"}],"binding":{"strength":"extensible","valueSetReference":{"reference":"http://hl7.org/fhir/us/core/ValueSet/us-core-procedure-code"}},"mapping":[{"identity":"rim","map":"N/A"}]},{"id":"Basic:shr-procedure-SurgicalProcedureRequestedAgainst.extension:category","path":"Basic.extension","sliceName":"category","definition":"A class or division of people or things having particular shared characteristics","min":0,"max":"1","type":[{"code":"Extension","profile":"http://standardhealthrecord.org/fhir/StructureDefinition/shr-core-Category-extension"}]},{"id":"Basic:shr-procedure-SurgicalProcedureRequestedAgainst.extension:requestedagainstcontext","path":"Basic.extension","sliceName":"requestedagainstcontext","definition":"Represents a recommendation or order from a practitioner or clinical decision support system to NOT perform an act.","min":1,"max":"1","type":[{"code":"Extension","profile":"http://standardhealthrecord.org/fhir/StructureDefinition/shr-action-RequestedAgainstContext-extension"}]},{"id":"Basic:shr-procedure-SurgicalProcedureRequestedAgainst.extension:subject","path":"Basic.extension","sliceName":"subject","definition":"The person or thing that this entry relates to, usually the Person of Record. However, not all entries have health information specifically about the patient, but in different contexts, could refer to a fetus, family member (living or dead), device, location, organization, finding, condition, or intervention.","min":1,"max":"1","type":[{"code":"Extension","profile":"http://standardhealthrecord.org/fhir/StructureDefinition/shr-base-Subject-extension"}]},{"id":"Basic:shr-procedure-SurgicalProcedureRequestedAgainst.extension:subject.id","path":"Basic.extension.id","representation":["xmlAttr"],"short":"xml:id (or equivalent in JSON)","definition":"unique id for the element within a resource (for internal references). This may be any string value that does not contain spaces.","min":0,"max":"1","base":{"path":"Element.id","min":0,"max":"1"},"type":[{"code":"string"}],"mapping":[{"identity":"rim","map":"N/A"}]},{"id":"Basic:shr-procedure-SurgicalProcedureRequestedAgainst.extension:subject.extension","path":"Basic.extension.extension","slicing":{"id":"24","discriminator":[{"type":"value","path":"url"}],"ordered":false,"rules":"open"},"short":"Extension","definition":"An Extension","min":0,"max":"*","base":{"path":"Element.extension","min":0,"max":"*"},"type":[{"code":"Extension"}]},{"id":"Basic:shr-procedure-SurgicalProcedureRequestedAgainst.extension:subject.extension:patient","path":"Basic.extension.extension","sliceName":"patient","definition":"A person in the role of a patient, including extended demographic information about the subject of this health record.","min":0,"max":"1","base":{"path":"Extension.extension","min":0,"max":"1"},"type":[{"code":"Extension","profile":"http://standardhealthrecord.org/fhir/StructureDefinition/shr-entity-Patient-extension"}],"isModifier":false,"mapping":[{"identity":"rim","map":"N/A"}]},{"id":"Basic:shr-procedure-SurgicalProcedureRequestedAgainst.extension:subject.extension:group","path":"Basic.extension.extension","sliceName":"group","definition":"A set of entities (personnel, material, or places) to be considered together. May be a pool of like-type resources, a team, or combination of personnel, material and places.","min":0,"max":"1","base":{"path":"Extension.extension","min":0,"max":"1"},"type":[{"code":"Extension","profile":"http://standardhealthrecord.org/fhir/StructureDefinition/shr-entity-Group-extension"}],"isModifier":false,"mapping":[{"identity":"rim","map":"N/A"}]},{"id":"Basic:shr-procedure-SurgicalProcedureRequestedAgainst.extension:subject.extension:device","path":"Basic.extension.extension","sliceName":"device","definition":"A specific durable physical device used in diagnosis or treatment. The value is the coding for a type of device, for example, a CPAP machine. The same device might be used on multiple patients.","min":0,"max":"1","base":{"path":"Extension.extension","min":0,"max":"1"},"type":[{"code":"Extension","profile":"http://standardhealthrecord.org/fhir/StructureDefinition/shr-device-Device-extension"}],"isModifier":false,"mapping":[{"identity":"rim","map":"N/A"}]},{"id":"Basic:shr-procedure-SurgicalProcedureRequestedAgainst.extension:subject.extension:location","path":"Basic.extension.extension","sliceName":"location","definition":"A position, site, or point in space where something can be found.","min":0,"max":"1","base":{"path":"Extension.extension","min":0,"max":"1"},"type":[{"code":"Extension","profile":"http://standardhealthrecord.org/fhir/StructureDefinition/shr-core-Location-extension"}],"isModifier":false,"mapping":[{"identity":"rim","map":"N/A"}]},{"id":"Basic:shr-procedure-SurgicalProcedureRequestedAgainst.extension:subject.extension:relatedperson","path":"Basic.extension.extension","sliceName":"relatedperson","definition":"A person in a role defined in relationship to a patient","min":0,"max":"1","base":{"path":"Extension.extension","min":0,"max":"1"},"type":[{"code":"Extension","profile":"http://standardhealthrecord.org/fhir/StructureDefinition/shr-entity-RelatedPerson-extension"}],"isModifier":false,"mapping":[{"identity":"rim","map":"N/A"}]},{"id":"Basic:shr-procedure-SurgicalProcedureRequestedAgainst.extension:subject.extension:organization","path":"Basic.extension.extension","sliceName":"organization","definition":"A social or legal structure formed by human beings.","min":0,"max":"1","base":{"path":"Extension.extension","min":0,"max":"1"},"type":[{"code":"Extension","profile":"http://standardhealthrecord.org/fhir/StructureDefinition/shr-entity-Organization-extension"}],"isModifier":false,"mapping":[{"identity":"rim","map":"N/A"}]},{"id":"Basic:shr-procedure-SurgicalProcedureRequestedAgainst.extension:subject.url","path":"Basic.extension.url","representation":["xmlAttr"],"short":"identifies the meaning of the extension","definition":"Source of the definition for the extension code - a logical name or a URL.","comment":"The definition may point directly to a computable or human-readable definition of the extensibility codes, or it may be a logical URI as declared in some other specification. The definition SHALL be a URI for the Structure Definition defining the extension.","min":1,"max":"1","base":{"path":"Extension.url","min":1,"max":"1"},"type":[{"code":"uri"}],"fixedUri":"http://standardhealthrecord.org/fhir/StructureDefinition/shr-base-Subject-extension","mapping":[{"identity":"rim","map":"N/A"}]},{"id":"Basic:shr-procedure-SurgicalProcedureRequestedAgainst.extension:subject.value[x]","path":"Basic.extension.value[x]","short":"Value of extension","definition":"Value of extension - may be a resource or one of a constrained set of the data types (see Extensibility in the spec for list).","min":0,"max":"0","base":{"path":"Extension.value[x]","min":0,"max":"1"},"type":[{"code":"base64Binary"},{"code":"boolean"},{"code":"code"},{"code":"date"},{"code":"dateTime"},{"code":"decimal"},{"code":"id"},{"code":"instant"},{"code":"integer"},{"code":"markdown"},{"code":"oid"},{"code":"positiveInt"},{"code":"string"},{"code":"time"},{"code":"unsignedInt"},{"code":"uri"},{"code":"Address"},{"code":"Age"},{"code":"Annotation"},{"code":"Attachment"},{"code":"CodeableConcept"},{"code":"Coding"},{"code":"ContactPoint"},{"code":"Count"},{"code":"Distance"},{"code":"Duration"},{"code":"HumanName"},{"code":"Identifier"},{"code":"Money"},{"code":"Period"},{"code":"Quantity"},{"code":"Range"},{"code":"Ratio"},{"code":"Reference"},{"code":"SampledData"},{"code":"Signature"},{"code":"Timing"},{"code":"Meta"}],"mapping":[{"identity":"rim","map":"N/A"}]},{"id":"Basic:shr-procedure-SurgicalProcedureRequestedAgainst.extension:bodysite","path":"Basic.extension","sliceName":"bodysite","definition":"A location or structure in the body, including tissues, regions, cavities, and spaces, for example, right elbow, or left ventricle of the heart.","min":0,"max":"*","type":[{"code":"Extension","profile":"http://standardhealthrecord.org/fhir/StructureDefinition/shr-entity-BodySite-extension"}]},{"id":"Basic:shr-procedure-SurgicalProcedureRequestedAgainst.extension:associatedstudy","path":"Basic.extension","sliceName":"associatedstudy","definition":"The clinical trial or other formal study related to this procedure.","min":0,"max":"1","type":[{"code":"Extension","profile":"http://standardhealthrecord.org/fhir/StructureDefinition/shr-procedure-AssociatedStudy-extension"}]},{"id":"Basic:shr-procedure-SurgicalProcedureRequestedAgainst.extension:partof","path":"Basic.extension","sliceName":"partof","definition":"The larger entity that this is a portion of.","min":0,"max":"1","type":[{"code":"Extension","profile":"http://standardhealthrecord.org/fhir/StructureDefinition/shr-entity-PartOf-extension"}]},{"id":"Basic:shr-procedure-SurgicalProcedureRequestedAgainst.extension:partof.id","path":"Basic.extension.id","representation":["xmlAttr"],"short":"xml:id (or equivalent in JSON)","definition":"unique id for the element within a resource (for internal references). This may be any string value that does not contain spaces.","min":0,"max":"1","base":{"path":"Element.id","min":0,"max":"1"},"type":[{"code":"string"}],"mapping":[{"identity":"rim","map":"N/A"}]},{"id":"Basic:shr-procedure-SurgicalProcedureRequestedAgainst.extension:partof.extension","path":"Basic.extension.extension","slicing":{"id":"336","discriminator":[{"type":"value","path":"url"}],"ordered":false,"rules":"open"},"short":"Extension","definition":"An Extension","min":0,"max":"*","base":{"path":"Element.extension","min":0,"max":"*"},"type":[{"code":"Extension"}]},{"id":"Basic:shr-procedure-SurgicalProcedureRequestedAgainst.extension:partof.extension:content","path":"Basic.extension.extension","sliceName":"content","definition":"A item that can constitute the payload of an Entry, aka an EntryElement.","min":1,"max":"1","base":{"path":"Extension.extension","min":0,"max":"1"},"type":[{"code":"Extension","profile":"http://standardhealthrecord.org/fhir/StructureDefinition/shr-base-Content-extension"}],"isModifier":false,"mapping":[{"identity":"rim","map":"N/A"}]},{"id":"Basic:shr-procedure-SurgicalProcedureRequestedAgainst.extension:partof.extension:content.id","path":"Basic.extension.extension.id","representation":["xmlAttr"],"short":"xml:id (or equivalent in JSON)","definition":"unique id for the element within a resource (for internal references). This may be any string value that does not contain spaces.","min":0,"max":"1","base":{"path":"Element.id","min":0,"max":"1"},"type":[{"code":"string"}],"mapping":[{"identity":"rim","map":"N/A"}]},{"id":"Basic:shr-procedure-SurgicalProcedureRequestedAgainst.extension:partof.extension:content.extension","path":"Basic.extension.extension.extension","slicing":{"id":"16","discriminator":[{"type":"value","path":"url"}],"ordered":false,"rules":"open"},"short":"Extension","definition":"An Extension","min":0,"max":"*","base":{"path":"Element.extension","min":0,"max":"*"},"type":[{"code":"Extension"}]},{"id":"Basic:shr-procedure-SurgicalProcedureRequestedAgainst.extension:partof.extension:content.extension:relatedencounter","path":"Basic.extension.extension.extension","sliceName":"relatedencounter","definition":"If content was generated during a patient encounter, related encounter is the encounter where the information was gained.","min":0,"max":"1","base":{"path":"Extension.extension","min":0,"max":"1"},"type":[{"code":"Extension","profile":"http://standardhealthrecord.org/fhir/StructureDefinition/shr-base-RelatedEncounter-extension"}],"isModifier":false,"mapping":[{"identity":"rim","map":"N/A"}]},{"id":"Basic:shr-procedure-SurgicalProcedureRequestedAgainst.extension:partof.extension:content.extension:author","path":"Basic.extension.extension.extension","sliceName":"author","definition":"The person or organization who created the entry and is responsible for (and may certify) the content.","min":0,"max":"1","base":{"path":"Extension.extension","min":0,"max":"1"},"type":[{"code":"Extension","profile":"http://standardhealthrecord.org/fhir/StructureDefinition/shr-base-Author-extension"}],"isModifier":false,"mapping":[{"identity":"rim","map":"N/A"}]},{"id":"Basic:shr-procedure-SurgicalProcedureRequestedAgainst.extension:partof.extension:content.extension:informant","path":"Basic.extension.extension.extension","sliceName":"informant","definition":"The person or entity that provided the information in the entry, as distinct from who created the entry, e.g. the subject (patient), medical professional, family member, device or software program.","min":0,"max":"1","base":{"path":"Extension.extension","min":0,"max":"1"},"type":[{"code":"Extension","profile":"http://standardhealthrecord.org/fhir/StructureDefinition/shr-base-Informant-extension"}],"isModifier":false,"mapping":[{"identity":"rim","map":"N/A"}]},{"id":"Basic:shr-procedure-SurgicalProcedureRequestedAgainst.extension:partof.extension:content.url","path":"Basic.extension.extension.url","representation":["xmlAttr"],"short":"identifies the meaning of the extension","definition":"Source of the definition for the extension code - a logical name or a URL.","comment":"The definition may point directly to a computable or human-readable definition of the extensibility codes, or it may be a logical URI as declared in some other specification. The definition SHALL be a URI for the Structure Definition defining the extension.","min":1,"max":"1","base":{"path":"Extension.url","min":1,"max":"1"},"type":[{"code":"uri"}],"fixedUri":"http://standardhealthrecord.org/fhir/StructureDefinition/shr-base-Content-extension","mapping":[{"identity":"rim","map":"N/A"}]},{"id":"Basic:shr-procedure-SurgicalProcedureRequestedAgainst.extension:partof.extension:content.value[x]","path":"Basic.extension.extension.value[x]","short":"Value of extension","definition":"Value of extension - may be a resource or one of a constrained set of the data types (see Extensibility in the spec for list).","min":0,"max":"0","base":{"path":"Extension.value[x]","min":0,"max":"1"},"type":[{"code":"base64Binary"},{"code":"boolean"},{"code":"code"},{"code":"date"},{"code":"dateTime"},{"code":"decimal"},{"code":"id"},{"code":"instant"},{"code":"integer"},{"code":"markdown"},{"code":"oid"},{"code":"positiveInt"},{"code":"string"},{"code":"time"},{"code":"unsignedInt"},{"code":"uri"},{"code":"Address"},{"code":"Age"},{"code":"Annotation"},{"code":"Attachment"},{"code":"CodeableConcept"},{"code":"Coding"},{"code":"ContactPoint"},{"code":"Count"},{"code":"Distance"},{"code":"Duration"},{"code":"HumanName"},{"code":"Identifier"},{"code":"Money"},{"code":"Period"},{"code":"Quantity"},{"code":"Range"},{"code":"Ratio"},{"code":"Reference"},{"code":"SampledData"},{"code":"Signature"},{"code":"Timing"},{"code":"Meta"}],"mapping":[{"identity":"rim","map":"N/A"}]},{"id":"Basic:shr-procedure-SurgicalProcedureRequestedAgainst.extension:partof.url","path":"Basic.extension.url","representation":["xmlAttr"],"short":"identifies the meaning of the extension","definition":"Source of the definition for the extension code - a logical name or a URL.","comment":"The definition may point directly to a computable or human-readable definition of the extensibility codes, or it may be a logical URI as declared in some other specification. The definition SHALL be a URI for the Structure Definition defining the extension.","min":1,"max":"1","base":{"path":"Extension.url","min":1,"max":"1"},"type":[{"code":"uri"}],"fixedUri":"http://standardhealthrecord.org/fhir/StructureDefinition/shr-entity-PartOf-extension","mapping":[{"identity":"rim","map":"N/A"}]},{"id":"Basic:shr-procedure-SurgicalProcedureRequestedAgainst.extension:partof.value[x]","path":"Basic.extension.value[x]","short":"Value of extension","definition":"Value of extension - may be a resource or one of a constrained set of the data types (see Extensibility in the spec for list).","min":0,"max":"0","base":{"path":"Extension.value[x]","min":0,"max":"1"},"type":[{"code":"base64Binary"},{"code":"boolean"},{"code":"code"},{"code":"date"},{"code":"dateTime"},{"code":"decimal"},{"code":"id"},{"code":"instant"},{"code":"integer"},{"code":"markdown"},{"code":"oid"},{"code":"positiveInt"},{"code":"string"},{"code":"time"},{"code":"unsignedInt"},{"code":"uri"},{"code":"Address"},{"code":"Age"},{"code":"Annotation"},{"code":"Attachment"},{"code":"CodeableConcept"},{"code":"Coding"},{"code":"ContactPoint"},{"code":"Count"},{"code":"Distance"},{"code":"Duration"},{"code":"HumanName"},{"code":"Identifier"},{"code":"Money"},{"code":"Period"},{"code":"Quantity"},{"code":"Range"},{"code":"Ratio"},{"code":"Reference"},{"code":"SampledData"},{"code":"Signature"},{"code":"Timing"},{"code":"Meta"}],"mapping":[{"identity":"rim","map":"N/A"}]},{"id":"Basic:shr-procedure-SurgicalProcedureRequestedAgainst.extension:annotation","path":"Basic.extension","sliceName":"annotation","definition":"An added or follow-up note, often after the fact, that contains metadata about who made the statement and when.","min":0,"max":"*","type":[{"code":"Extension","profile":"http://standardhealthrecord.org/fhir/StructureDefinition/shr-core-Annotation-extension"}]},{"id":"Basic:shr-procedure-SurgicalProcedureRequestedAgainst.extension:directsite","path":"Basic.extension","sliceName":"directsite","definition":"The site where the procedure is performed.","min":0,"max":"*","type":[{"code":"Extension","profile":"http://standardhealthrecord.org/fhir/StructureDefinition/shr-procedure-DirectSite-extension"}]},{"id":"Basic:shr-procedure-SurgicalProcedureRequestedAgainst.extension:directsitecode","path":"Basic.extension","sliceName":"directsitecode","definition":"The site where the procedure is performed.","min":0,"max":"*","type":[{"code":"Extension","profile":"http://standardhealthrecord.org/fhir/StructureDefinition/shr-procedure-DirectSiteCode-extension"}]},{"id":"Basic:shr-procedure-SurgicalProcedureRequestedAgainst.extension:indirectsite","path":"Basic.extension","sliceName":"indirectsite","definition":"The indirect site for this procedure.","min":0,"max":"*","type":[{"code":"Extension","profile":"http://standardhealthrecord.org/fhir/StructureDefinition/shr-procedure-IndirectSite-extension"}]},{"id":"Basic:shr-procedure-SurgicalProcedureRequestedAgainst.extension:indirectsitecode","path":"Basic.extension","sliceName":"indirectsitecode","definition":"The indirect site for this procedure.","min":0,"max":"*","type":[{"code":"Extension","profile":"http://standardhealthrecord.org/fhir/StructureDefinition/shr-procedure-IndirectSiteCode-extension"}]},{"id":"Basic:shr-procedure-SurgicalProcedureRequestedAgainst.extension:surgicalapproach","path":"Basic.extension","sliceName":"surgicalapproach","definition":"The technique used to reach the site of the procedure. Approaches may be through the skin or mucous membrane, through an orifice or external.","min":0,"max":"*","type":[{"code":"Extension","profile":"http://standardhealthrecord.org/fhir/StructureDefinition/shr-procedure-SurgicalApproach-extension"}]},{"id":"Basic:shr-procedure-SurgicalProcedureRequestedAgainst.extension:access","path":"Basic.extension","sliceName":"access","definition":"The route used to access the site of a procedure. It is used to distinguish open, closed, and percutaneous procedures.","min":0,"max":"*","type":[{"code":"Extension","profile":"http://standardhealthrecord.org/fhir/StructureDefinition/shr-procedure-Access-extension"}]},{"id":"Basic:shr-procedure-SurgicalProcedureRequestedAgainst.extension:usingdevice","path":"Basic.extension","sliceName":"usingdevice","definition":"The device used to perform the procedure.","min":0,"max":"*","type":[{"code":"Extension","profile":"http://standardhealthrecord.org/fhir/StructureDefinition/shr-procedure-UsingDevice-extension"}]},{"id":"Basic:shr-procedure-SurgicalProcedureRequestedAgainst.extension:usingdevicecode","path":"Basic.extension","sliceName":"usingdevicecode","definition":"The device used to perform the procedure.","min":0,"max":"*","type":[{"code":"Extension","profile":"http://standardhealthrecord.org/fhir/StructureDefinition/shr-procedure-UsingDeviceCode-extension"}]},{"id":"Basic:shr-procedure-SurgicalProcedureRequestedAgainst.extension:usingaccessdevice","path":"Basic.extension","sliceName":"usingaccessdevice","definition":"The access device used to perform the procedure.","min":0,"max":"*","type":[{"code":"Extension","profile":"http://standardhealthrecord.org/fhir/StructureDefinition/shr-procedure-UsingAccessDevice-extension"}]},{"id":"Basic:shr-procedure-SurgicalProcedureRequestedAgainst.extension:usingaccessdevicecode","path":"Basic.extension","sliceName":"usingaccessdevicecode","definition":"The access device used to perform the procedure.","min":0,"max":"*","type":[{"code":"Extension","profile":"http://standardhealthrecord.org/fhir/StructureDefinition/shr-procedure-UsingAccessDeviceCode-extension"}]},{"id":"Basic:shr-procedure-SurgicalProcedureRequestedAgainst.extension:indirectdevice","path":"Basic.extension","sliceName":"indirectdevice","definition":"An indirect device used for this procedure.","min":0,"max":"*","type":[{"code":"Extension","profile":"http://standardhealthrecord.org/fhir/StructureDefinition/shr-procedure-IndirectDevice-extension"}]},{"id":"Basic:shr-procedure-SurgicalProcedureRequestedAgainst.extension:indirectdevicecode","path":"Basic.extension","sliceName":"indirectdevicecode","definition":"An indirect device used for this procedure.","min":0,"max":"*","type":[{"code":"Extension","profile":"http://standardhealthrecord.org/fhir/StructureDefinition/shr-procedure-IndirectDeviceCode-extension"}]},{"id":"Basic:shr-procedure-SurgicalProcedureRequestedAgainst.modifierExtension","path":"Basic.modifierExtension","short":"Extensions that cannot be ignored","definition":"May be used to represent additional information that is not part of the basic definition of the resource, and that modifies the understanding of the element that contains it. Usually modifier elements provide negation or qualification. In order to make the use of extensions safe and manageable, there is a strict set of governance applied to the definition and use of extensions. Though any implementer is allowed to define an extension, there is a set of requirements that SHALL be met as part of the definition of the extension. Applications processing a resource are required to check for modifier extensions.","comment":"There can be no stigma associated with the use of extensions by any application, project, or standard - regardless of the institution or jurisdiction that uses or defines the extensions.  The use of extensions is what allows the FHIR specification to retain a core level of simplicity for everyone.","alias":["extensions","user content"],"min":0,"max":"*","base":{"path":"DomainResource.modifierExtension","min":0,"max":"*"},"type":[{"code":"Extension"}],"isModifier":true,"mapping":[{"identity":"rim","map":"N/A"}]},{"id":"Basic:shr-procedure-SurgicalProcedureRequestedAgainst.identifier","path":"Basic.identifier","short":"Business identifier","definition":"Identifier assigned to the resource for business purposes, outside the context of FHIR.","min":0,"max":"*","type":[{"code":"Identifier"}],"isSummary":true,"mapping":[{"identity":"rim","map":"./identifier"},{"identity":"w5","map":"id"}]},{"id":"Basic:shr-procedure-SurgicalProcedureRequestedAgainst.code","path":"Basic.code","short":"Kind of Resource","definition":"Identifies the 'type' of resource - equivalent to the resource name for other resources.","comment":"Because resource references will only be able to indicate 'Basic', the type of reference will need to be specified in a Profile identified as part of the resource.  Refer to the resource notes section for information on appropriate terminologies for this code.\n\nThis element is labeled as a modifier because the it defines the meaning of the resource and cannot be ignored.","requirements":"Must be able to distinguish different types of Basic resources.","min":1,"max":"1","type":[{"code":"CodeableConcept"}],"patternCodeableConcept":{"coding":[{"system":"http://standardhealthrecord.org/fhir/basic-resource-type","code":"shr-procedure-SurgicalProcedureRequestedAgainst"}]},"isModifier":true,"isSummary":true,"binding":{"extension":[{"url":"http://hl7.org/fhir/StructureDefinition/elementdefinition-bindingName","valueString":"BasicResourceType"}],"strength":"example","description":"Codes for identifying types of resources not yet defined by FHIR","valueSetReference":{"reference":"http://hl7.org/fhir/ValueSet/basic-resource-type"}},"mapping":[{"identity":"rim","map":"./code"},{"identity":"w5","map":"what"}]},{"id":"Basic:shr-procedure-SurgicalProcedureRequestedAgainst.subject","path":"Basic.subject","short":"Identifies the focus of this resource","definition":"Identifies the patient, practitioner, device or any other resource that is the \"focus\" of this resource.","comment":"Optional as not all potential resources will have subjects.  Resources associated with multiple subjects can handle this via extension.","requirements":"Needed for partitioning the resource by Patient.","min":0,"max":"1","type":[{"code":"Reference","targetProfile":"http://hl7.org/fhir/StructureDefinition/Resource"}],"isSummary":true,"mapping":[{"identity":"rim","map":"./participation[typeCode='SBJ'] (possibly through a ControlAct and Role)"},{"identity":"w5","map":"who.focus"}]},{"id":"Basic:shr-procedure-SurgicalProcedureRequestedAgainst.created","path":"Basic.created","short":"When created","definition":"Identifies when the resource was first created.","requirements":"Allows ordering resource instances by time.","min":0,"max":"1","type":[{"code":"date"}],"isSummary":true,"mapping":[{"identity":"rim","map":"./participation[typeCode='AUT']/time (possibly through a ControlAct and Role)"},{"identity":"w5","map":"when.recorded"}]},{"id":"Basic:shr-procedure-SurgicalProcedureRequestedAgainst.author","path":"Basic.author","short":"Who created","definition":"Indicates who was responsible for creating the resource instance.","requirements":"Needed for partitioning the resource.","min":0,"max":"1","type":[{"code":"Reference","targetProfile":"http://hl7.org/fhir/StructureDefinition/Practitioner"},{"code":"Reference","targetProfile":"http://hl7.org/fhir/StructureDefinition/Patient"},{"code":"Reference","targetProfile":"http://hl7.org/fhir/StructureDefinition/RelatedPerson"}],"isSummary":true,"mapping":[{"identity":"rim","map":"./participation[typeCode='SUB'] (possibly through a ControlAct and Role)"},{"identity":"w5","map":"who.author"}]}]},"differential":{"element":[{"id":"Basic:shr-procedure-SurgicalProcedureRequestedAgainst","path":"Basic","short":"SHR SurgicalProcedureRequestedAgainst Profile","definition":"Basic is used for handling concepts not yet defined in FHIR, narrative-only resources that don't map to an existing resource, and custom resources not appropriate for inclusion in the FHIR specification."},{"id":"Basic:shr-procedure-SurgicalProcedureRequestedAgainst.extension:relatedencounter","path":"Basic.extension","sliceName":"relatedencounter","definition":"If content was generated during a patient encounter, related encounter is the encounter where the information was gained.","min":0,"max":"1","type":[{"code":"Extension","profile":"http://standardhealthrecord.org/fhir/StructureDefinition/shr-base-RelatedEncounter-extension"}]},{"id":"Basic:shr-procedure-SurgicalProcedureRequestedAgainst.extension:author","path":"Basic.extension","sliceName":"author","definition":"The person or organization who created the entry and is responsible for (and may certify) the content.","min":0,"max":"1","type":[{"code":"Extension","profile":"http://standardhealthrecord.org/fhir/StructureDefinition/shr-base-Author-extension"}]},{"id":"Basic:shr-procedure-SurgicalProcedureRequestedAgainst.extension:informant","path":"Basic.extension","sliceName":"informant","definition":"The person or entity that provided the information in the entry, as distinct from who created the entry, e.g. the subject (patient), medical professional, family member, device or software program.","min":0,"max":"1","type":[{"code":"Extension","profile":"http://standardhealthrecord.org/fhir/StructureDefinition/shr-base-Informant-extension"}]},{"id":"Basic:shr-procedure-SurgicalProcedureRequestedAgainst.extension:type","path":"Basic.extension","sliceName":"type","definition":"The most specific code (lowest level term) describing the kind or sort of thing being represented.","min":1,"max":"1","type":[{"code":"Extension","profile":"http://standardhealthrecord.org/fhir/StructureDefinition/shr-entity-Type-extension"}]},{"id":"Basic:shr-procedure-SurgicalProcedureRequestedAgainst.extension:type.valueCodeableConcept","path":"Basic.extension.valueCodeableConcept","binding":{"strength":"extensible","valueSetReference":{"reference":"http://hl7.org/fhir/us/core/ValueSet/us-core-procedure-code"}}},{"id":"Basic:shr-procedure-SurgicalProcedureRequestedAgainst.extension:category","path":"Basic.extension","sliceName":"category","definition":"A class or division of people or things having particular shared characteristics","min":0,"max":"1","type":[{"code":"Extension","profile":"http://standardhealthrecord.org/fhir/StructureDefinition/shr-core-Category-extension"}]},{"id":"Basic:shr-procedure-SurgicalProcedureRequestedAgainst.extension:requestedagainstcontext","path":"Basic.extension","sliceName":"requestedagainstcontext","definition":"Represents a recommendation or order from a practitioner or clinical decision support system to NOT perform an act.","min":1,"max":"1","type":[{"code":"Extension","profile":"http://standardhealthrecord.org/fhir/StructureDefinition/shr-action-RequestedAgainstContext-extension"}]},{"id":"Basic:shr-procedure-SurgicalProcedureRequestedAgainst.extension:subject","path":"Basic.extension","sliceName":"subject","definition":"The person or thing that this entry relates to, usually the Person of Record. However, not all entries have health information specifically about the patient, but in different contexts, could refer to a fetus, family member (living or dead), device, location, organization, finding, condition, or intervention.","min":1,"max":"1","type":[{"code":"Extension","profile":"http://standardhealthrecord.org/fhir/StructureDefinition/shr-base-Subject-extension"}]},{"id":"Basic:shr-procedure-SurgicalProcedureRequestedAgainst.extension:bodysite","path":"Basic.extension","sliceName":"bodysite","definition":"A location or structure in the body, including tissues, regions, cavities, and spaces, for example, right elbow, or left ventricle of the heart.","min":0,"max":"*","type":[{"code":"Extension","profile":"http://standardhealthrecord.org/fhir/StructureDefinition/shr-entity-BodySite-extension"}]},{"id":"Basic:shr-procedure-SurgicalProcedureRequestedAgainst.extension:associatedstudy","path":"Basic.extension","sliceName":"associatedstudy","definition":"The clinical trial or other formal study related to this procedure.","min":0,"max":"1","type":[{"code":"Extension","profile":"http://standardhealthrecord.org/fhir/StructureDefinition/shr-procedure-AssociatedStudy-extension"}]},{"id":"Basic:shr-procedure-SurgicalProcedureRequestedAgainst.extension:partof","path":"Basic.extension","sliceName":"partof","definition":"The larger entity that this is a portion of.","min":0,"max":"1","type":[{"code":"Extension","profile":"http://standardhealthrecord.org/fhir/StructureDefinition/shr-entity-PartOf-extension"}]},{"id":"Basic:shr-procedure-SurgicalProcedureRequestedAgainst.extension:annotation","path":"Basic.extension","sliceName":"annotation","definition":"An added or follow-up note, often after the fact, that contains metadata about who made the statement and when.","min":0,"max":"*","type":[{"code":"Extension","profile":"http://standardhealthrecord.org/fhir/StructureDefinition/shr-core-Annotation-extension"}]},{"id":"Basic:shr-procedure-SurgicalProcedureRequestedAgainst.extension:directsite","path":"Basic.extension","sliceName":"directsite","definition":"The site where the procedure is performed.","min":0,"max":"*","type":[{"code":"Extension","profile":"http://standardhealthrecord.org/fhir/StructureDefinition/shr-procedure-DirectSite-extension"}]},{"id":"Basic:shr-procedure-SurgicalProcedureRequestedAgainst.extension:directsitecode","path":"Basic.extension","sliceName":"directsitecode","definition":"The site where the procedure is performed.","min":0,"max":"*","type":[{"code":"Extension","profile":"http://standardhealthrecord.org/fhir/StructureDefinition/shr-procedure-DirectSiteCode-extension"}]},{"id":"Basic:shr-procedure-SurgicalProcedureRequestedAgainst.extension:indirectsite","path":"Basic.extension","sliceName":"indirectsite","definition":"The indirect site for this procedure.","min":0,"max":"*","type":[{"code":"Extension","profile":"http://standardhealthrecord.org/fhir/StructureDefinition/shr-procedure-IndirectSite-extension"}]},{"id":"Basic:shr-procedure-SurgicalProcedureRequestedAgainst.extension:indirectsitecode","path":"Basic.extension","sliceName":"indirectsitecode","definition":"The indirect site for this procedure.","min":0,"max":"*","type":[{"code":"Extension","profile":"http://standardhealthrecord.org/fhir/StructureDefinition/shr-procedure-IndirectSiteCode-extension"}]},{"id":"Basic:shr-procedure-SurgicalProcedureRequestedAgainst.extension:surgicalapproach","path":"Basic.extension","sliceName":"surgicalapproach","definition":"The technique used to reach the site of the procedure. Approaches may be through the skin or mucous membrane, through an orifice or external.","min":0,"max":"*","type":[{"code":"Extension","profile":"http://standardhealthrecord.org/fhir/StructureDefinition/shr-procedure-SurgicalApproach-extension"}]},{"id":"Basic:shr-procedure-SurgicalProcedureRequestedAgainst.extension:access","path":"Basic.extension","sliceName":"access","definition":"The route used to access the site of a procedure. It is used to distinguish open, closed, and percutaneous procedures.","min":0,"max":"*","type":[{"code":"Extension","profile":"http://standardhealthrecord.org/fhir/StructureDefinition/shr-procedure-Access-extension"}]},{"id":"Basic:shr-procedure-SurgicalProcedureRequestedAgainst.extension:usingdevice","path":"Basic.extension","sliceName":"usingdevice","definition":"The device used to perform the procedure.","min":0,"max":"*","type":[{"code":"Extension","profile":"http://standardhealthrecord.org/fhir/StructureDefinition/shr-procedure-UsingDevice-extension"}]},{"id":"Basic:shr-procedure-SurgicalProcedureRequestedAgainst.extension:usingdevicecode","path":"Basic.extension","sliceName":"usingdevicecode","definition":"The device used to perform the procedure.","min":0,"max":"*","type":[{"code":"Extension","profile":"http://standardhealthrecord.org/fhir/StructureDefinition/shr-procedure-UsingDeviceCode-extension"}]},{"id":"Basic:shr-procedure-SurgicalProcedureRequestedAgainst.extension:usingaccessdevice","path":"Basic.extension","sliceName":"usingaccessdevice","definition":"The access device used to perform the procedure.","min":0,"max":"*","type":[{"code":"Extension","profile":"http://standardhealthrecord.org/fhir/StructureDefinition/shr-procedure-UsingAccessDevice-extension"}]},{"id":"Basic:shr-procedure-SurgicalProcedureRequestedAgainst.extension:usingaccessdevicecode","path":"Basic.extension","sliceName":"usingaccessdevicecode","definition":"The access device used to perform the procedure.","min":0,"max":"*","type":[{"code":"Extension","profile":"http://standardhealthrecord.org/fhir/StructureDefinition/shr-procedure-UsingAccessDeviceCode-extension"}]},{"id":"Basic:shr-procedure-SurgicalProcedureRequestedAgainst.extension:indirectdevice","path":"Basic.extension","sliceName":"indirectdevice","definition":"An indirect device used for this procedure.","min":0,"max":"*","type":[{"code":"Extension","profile":"http://standardhealthrecord.org/fhir/StructureDefinition/shr-procedure-IndirectDevice-extension"}]},{"id":"Basic:shr-procedure-SurgicalProcedureRequestedAgainst.extension:indirectdevicecode","path":"Basic.extension","sliceName":"indirectdevicecode","definition":"An indirect device used for this procedure.","min":0,"max":"*","type":[{"code":"Extension","profile":"http://standardhealthrecord.org/fhir/StructureDefinition/shr-procedure-IndirectDeviceCode-extension"}]},{"id":"Basic:shr-procedure-SurgicalProcedureRequestedAgainst.code","path":"Basic.code","patternCodeableConcept":{"coding":[{"system":"http://standardhealthrecord.org/fhir/basic-resource-type","code":"shr-procedure-SurgicalProcedureRequestedAgainst"}]}}]}}