{"resourceType":"StructureDefinition","id":"shr-core-GeneralizedAge-extension","text":{"status":"generated","div":"<div xmlns=\"http://www.w3.org/1999/xhtml\">\n  <p><b>SHR GeneralizedAge Extension</b></p>\n  <p>Qualitative or quantitative, exact or inexact description of age.</p>\n</div>"},"url":"http://standardhealthrecord.org/fhir/StructureDefinition/shr-core-GeneralizedAge-extension","identifier":[{"system":"http://standardhealthrecord.org","value":"shr.core.GeneralizedAge"}],"version":"0.0.1","name":"SHR GeneralizedAge Extension","title":"SHR GeneralizedAge Extension","status":"draft","date":"2018-02-27","publisher":"The MITRE Corporation: Standard Health Record Collaborative","contact":[{"telecom":[{"system":"url","value":"http://standardhealthrecord.org"}]}],"description":"Qualitative or quantitative, exact or inexact description of age.","fhirVersion":"3.0.1","kind":"complex-type","abstract":false,"contextType":"resource","context":["*"],"type":"Extension","baseDefinition":"http://hl7.org/fhir/StructureDefinition/Extension","derivation":"constraint","snapshot":{"element":[{"id":"Extension:generalizedage","path":"Extension","short":"SHR GeneralizedAge Extension","definition":"Qualitative or quantitative, exact or inexact description of age.","min":0,"max":"*","base":{"path":"Extension","min":0,"max":"1"},"condition":["ele-1"],"constraint":[{"key":"ele-1","severity":"error","human":"All FHIR elements must have a @value or children","expression":"children().count() > id.count()","xpath":"@value|f:*|h:div","source":"Element"},{"key":"ext-1","severity":"error","human":"Must have either extensions or value[x], not both","expression":"extension.exists() != value.exists()","xpath":"exists(f:extension)!=exists(f:*[starts-with(local-name(.), 'value')])","source":"Extension"},{"key":"choice-1","severity":"error","human":"shr-core-GeneralizedAge-extension SHALL have either extension('age') or extension('agerange') or extension('agegroup')","expression":"( extension('age').url | extension('agerange').url | extension('agegroup').url ).distinct().count() == 1"}]},{"id":"Extension:generalizedage.id","path":"Extension.id","representation":["xmlAttr"],"short":"xml:id (or equivalent in JSON)","definition":"unique id for the element within a resource (for internal references). This may be any string value that does not contain spaces.","min":0,"max":"1","base":{"path":"Element.id","min":0,"max":"1"},"type":[{"code":"string"}],"mapping":[{"identity":"rim","map":"N/A"}]},{"id":"Extension:generalizedage.extension","path":"Extension.extension","slicing":{"id":"1","discriminator":[{"type":"value","path":"url"}],"ordered":false,"rules":"open"},"short":"Extension","definition":"An Extension","min":0,"max":"*","base":{"path":"Element.extension","min":0,"max":"*"},"type":[{"code":"Extension"}]},{"id":"Extension:generalizedage.extension:age","path":"Extension.extension","sliceName":"age","definition":"How long something has existed in time.","min":0,"max":"1","base":{"path":"Extension.extension","min":0,"max":"1"},"type":[{"code":"Extension","profile":"http://standardhealthrecord.org/fhir/StructureDefinition/shr-core-Age-extension"}],"isModifier":false,"mapping":[{"identity":"rim","map":"N/A"}]},{"id":"Extension:generalizedage.extension:agerange","path":"Extension.extension","sliceName":"agerange","definition":"A quantitative range of ages. One of the two ages must be specified.","min":0,"max":"1","base":{"path":"Extension.extension","min":0,"max":"1"},"type":[{"code":"Extension","profile":"http://standardhealthrecord.org/fhir/StructureDefinition/shr-core-AgeRange-extension"}],"isModifier":false,"mapping":[{"identity":"rim","map":"N/A"}]},{"id":"Extension:generalizedage.extension:agegroup","path":"Extension.extension","sliceName":"agegroup","definition":"Subgroups of populations based on age.","min":0,"max":"1","base":{"path":"Extension.extension","min":0,"max":"1"},"type":[{"code":"Extension","profile":"http://standardhealthrecord.org/fhir/StructureDefinition/shr-core-AgeGroup-extension"}],"isModifier":false,"mapping":[{"identity":"rim","map":"N/A"}]},{"id":"Extension:generalizedage.url","path":"Extension.url","representation":["xmlAttr"],"short":"identifies the meaning of the extension","definition":"Source of the definition for the extension code - a logical name or a URL.","comment":"The definition may point directly to a computable or human-readable definition of the extensibility codes, or it may be a logical URI as declared in some other specification. The definition SHALL be a URI for the Structure Definition defining the extension.","min":1,"max":"1","base":{"path":"Extension.url","min":1,"max":"1"},"type":[{"code":"uri"}],"fixedUri":"http://standardhealthrecord.org/fhir/StructureDefinition/shr-core-GeneralizedAge-extension","mapping":[{"identity":"rim","map":"N/A"}]},{"id":"Extension:generalizedage.value[x]","path":"Extension.value[x]","short":"Value of extension","definition":"Value of extension - may be a resource or one of a constrained set of the data types (see Extensibility in the spec for list).","min":0,"max":"0","base":{"path":"Extension.value[x]","min":0,"max":"1"},"type":[{"code":"base64Binary"},{"code":"boolean"},{"code":"code"},{"code":"date"},{"code":"dateTime"},{"code":"decimal"},{"code":"id"},{"code":"instant"},{"code":"integer"},{"code":"markdown"},{"code":"oid"},{"code":"positiveInt"},{"code":"string"},{"code":"time"},{"code":"unsignedInt"},{"code":"uri"},{"code":"Address"},{"code":"Age"},{"code":"Annotation"},{"code":"Attachment"},{"code":"CodeableConcept"},{"code":"Coding"},{"code":"ContactPoint"},{"code":"Count"},{"code":"Distance"},{"code":"Duration"},{"code":"HumanName"},{"code":"Identifier"},{"code":"Money"},{"code":"Period"},{"code":"Quantity"},{"code":"Range"},{"code":"Ratio"},{"code":"Reference"},{"code":"SampledData"},{"code":"Signature"},{"code":"Timing"},{"code":"Meta"}],"mapping":[{"identity":"rim","map":"N/A"}]}]},"differential":{"element":[{"id":"Extension:generalizedage","path":"Extension","short":"SHR GeneralizedAge Extension","definition":"Qualitative or quantitative, exact or inexact description of age.","min":0,"max":"*","constraint":[{"key":"choice-1","severity":"error","human":"shr-core-GeneralizedAge-extension SHALL have either extension('age') or extension('agerange') or extension('agegroup')","expression":"( extension('age').url | extension('agerange').url | extension('agegroup').url ).distinct().count() == 1"}]},{"id":"Extension:generalizedage.extension:age","path":"Extension.extension","sliceName":"age","definition":"How long something has existed in time.","min":0,"max":"1","type":[{"code":"Extension","profile":"http://standardhealthrecord.org/fhir/StructureDefinition/shr-core-Age-extension"}]},{"id":"Extension:generalizedage.extension:agerange","path":"Extension.extension","sliceName":"agerange","definition":"A quantitative range of ages. One of the two ages must be specified.","min":0,"max":"1","type":[{"code":"Extension","profile":"http://standardhealthrecord.org/fhir/StructureDefinition/shr-core-AgeRange-extension"}]},{"id":"Extension:generalizedage.extension:agegroup","path":"Extension.extension","sliceName":"agegroup","definition":"Subgroups of populations based on age.","min":0,"max":"1","type":[{"code":"Extension","profile":"http://standardhealthrecord.org/fhir/StructureDefinition/shr-core-AgeGroup-extension"}]},{"id":"Extension:generalizedage.url","path":"Extension.url","type":[{"code":"uri"}],"fixedUri":"http://standardhealthrecord.org/fhir/StructureDefinition/shr-core-GeneralizedAge-extension"},{"id":"Extension:generalizedage.value[x]","path":"Extension.value[x]","min":0,"max":"0"}]}}