{
  "resourceType": "StructureDefinition",
  "id": "shr-medication-MedicationNotPrescribed",
  "text": {
    "status": "generated",
    "div": "<div xmlns=\"http://www.w3.org/1999/xhtml\">\n  <p><b>SHR MedicationNotPrescribed Profile</b></p>\n  <p>A record of a medication NOT prescribed. Recorded only when deviating from the normal expectation, care plan, or standard of care.</p>\n  <p><b>SHR Mapping Summary</b></p>\n  <p><pre>shr.medication.MedicationNotPrescribed maps to MedicationRequest:\n  Medication maps to medication[x].Reference\n  Reason maps to reasonCode\n  RequestStatus maps to status\n  RequestedPerformanceTime maps to dispenseRequest.validityPeriod\n  RequestedPerformer.Organization maps to dispenseRequest.performer\n  PerformerInstructions maps to note.text\n  NumberOfRepeatsAllowed maps to dispenseRequest.numberOfRepeatsAllowed\n  QuantityPerDispense maps to dispenseRequest.quantity\n  SupplyDuration maps to dispenseRequest.expectedSupplyDuration\n  Dosage.AmountPerDose.Quantity maps to dosageInstruction.dose[x].SimpleQuantity\n  Dosage.AmountPerDose.TBD &quot;Range&quot; maps to dosageInstruction.dose[x].Range\n  Dosage.TimingOfDoses maps to dosageInstruction.timing\n  Dosage.DoseAsNeededIndicator maps to dosageInstruction.asNeeded[x].boolean\n  Dosage.DoseInstructionsText maps to dosageInstruction.text\n  Dosage.AdditionalDoseInstruction maps to dosageInstruction.additionalInstructions\n  Dosage.RouteIntoBody maps to dosageInstruction.route\n  Dosage.AdministrationMethod maps to dosageInstruction.method\n  Dosage.AdministrationBodySite maps to dosageInstruction.site\n  Dosage.MaximumDosePerTimePeriod maps to dosageInstruction.maxDosePerPeriod\n</pre></p>\n</div>"
  },
  "url": "http://standardhealthrecord.org/fhir/StructureDefinition/shr-medication-MedicationNotPrescribed",
  "identifier": [
    {
      "system": "http://standardhealthrecord.org",
      "value": "shr.medication.MedicationNotPrescribed"
    }
  ],
  "name": "SHR MedicationNotPrescribed Profile",
  "status": "draft",
  "publisher": "The MITRE Corporation: Standard Health Record Collaborative",
  "contact": [
    {
      "telecom": [
        {
          "system": "url",
          "value": "http://www.standardhealthrecord.org"
        }
      ]
    }
  ],
  "date": "2017-04-06T15:42:38.458Z",
  "description": "A record of a medication NOT prescribed. Recorded only when deviating from the normal expectation, care plan, or standard of care.",
  "fhirVersion": "1.8.0",
  "mapping": [
    {
      "identity": "script10.6",
      "uri": "http://ncpdp.org/SCRIPT10_6",
      "name": "Mapping to NCPDP SCRIPT 10.6"
    },
    {
      "identity": "rim",
      "uri": "http://hl7.org/v3",
      "name": "RIM Mapping"
    },
    {
      "identity": "w5",
      "uri": "http://hl7.org/fhir/w5",
      "name": "W5 Mapping"
    },
    {
      "identity": "v2",
      "uri": "http://hl7.org/v2",
      "name": "HL7 v2 Mapping"
    }
  ],
  "kind": "resource",
  "abstract": false,
  "type": "MedicationRequest",
  "baseDefinition": "http://hl7.org/fhir/StructureDefinition/MedicationRequest",
  "derivation": "constraint",
  "snapshot": {
    "element": [
      {
        "id": "MedicationRequest:shr-medication-MedicationNotPrescribed",
        "path": "MedicationRequest",
        "short": "SHR MedicationNotPrescribed Profile",
        "definition": "A record of a medication NOT prescribed. Recorded only when deviating from the normal expectation, care plan, or standard of care.",
        "alias": [
          "Prescription",
          "Order"
        ],
        "min": 0,
        "max": "*",
        "constraint": [
          {
            "key": "dom-2",
            "severity": "error",
            "human": "If the resource is contained in another resource, it SHALL NOT contain nested Resources",
            "expression": "contained.contained.empty()",
            "xpath": "not(parent::f:contained and f:contained)",
            "source": "DomainResource"
          },
          {
            "key": "dom-1",
            "severity": "error",
            "human": "If the resource is contained in another resource, it SHALL NOT contain any narrative",
            "expression": "contained.text.empty()",
            "xpath": "not(parent::f:contained and f:text)",
            "source": "DomainResource"
          },
          {
            "key": "dom-4",
            "severity": "error",
            "human": "If a resource is contained in another resource, it SHALL NOT have a meta.versionId or a meta.lastUpdated",
            "expression": "contained.meta.versionId.empty() and contained.meta.lastUpdated.empty()",
            "xpath": "not(exists(f:contained/*/f:meta/f:versionId)) and not(exists(f:contained/*/f:meta/f:lastUpdated))",
            "source": "DomainResource"
          },
          {
            "key": "dom-3",
            "severity": "error",
            "human": "If the resource is contained in another resource, it SHALL be referred to from elsewhere in the resource",
            "expression": "contained.where(('#'+id in %resource.descendants().reference).not()).empty()",
            "xpath": "not(exists(for $id in f:contained/*/@id return $id[not(ancestor::f:contained/parent::*/descendant::f:reference/@value=concat('#', $id))]))",
            "source": "DomainResource"
          }
        ],
        "mapping": [
          {
            "identity": "rim",
            "map": "Entity. Role, or Act"
          },
          {
            "identity": "script10.6",
            "map": "Message/Body/NewRx"
          },
          {
            "identity": "rim",
            "map": "CombinedMedicationRequest"
          },
          {
            "identity": "w5",
            "map": "clinical.medication"
          }
        ]
      },
      {
        "id": "MedicationRequest:shr-medication-MedicationNotPrescribed.id",
        "path": "MedicationRequest.id",
        "short": "Logical id of this artifact",
        "definition": "The logical id of the resource, as used in the URL for the resource. Once assigned, this value never changes.",
        "comments": "The only time that a resource does not have an id is when it is being submitted to the server using a create operation.",
        "min": 0,
        "max": "1",
        "base": {
          "path": "Resource.id",
          "min": 0,
          "max": "1"
        },
        "type": [
          {
            "code": "id"
          }
        ],
        "isSummary": true
      },
      {
        "id": "MedicationRequest:shr-medication-MedicationNotPrescribed.meta",
        "path": "MedicationRequest.meta",
        "short": "Metadata about the resource",
        "definition": "The metadata about the resource. This is content that is maintained by the infrastructure. Changes to the content may not always be associated with version changes to the resource.",
        "min": 0,
        "max": "1",
        "base": {
          "path": "Resource.meta",
          "min": 0,
          "max": "1"
        },
        "type": [
          {
            "code": "Meta"
          }
        ],
        "isSummary": true
      },
      {
        "id": "MedicationRequest:shr-medication-MedicationNotPrescribed.implicitRules",
        "path": "MedicationRequest.implicitRules",
        "short": "A set of rules under which this content was created",
        "definition": "A reference to a set of rules that were followed when the resource was constructed, and which must be understood when processing the content.",
        "comments": "Asserting this rule set restricts the content to be only understood by a limited set of trading partners. This inherently limits the usefulness of the data in the long term. However, the existing health eco-system is highly fractured, and not yet ready to define, collect, and exchange data in a generally computable sense. Wherever possible, implementers and/or specification writers should avoid using this element as much as possible.",
        "min": 0,
        "max": "1",
        "base": {
          "path": "Resource.implicitRules",
          "min": 0,
          "max": "1"
        },
        "type": [
          {
            "code": "uri"
          }
        ],
        "isModifier": true,
        "isSummary": true
      },
      {
        "id": "MedicationRequest:shr-medication-MedicationNotPrescribed.language",
        "path": "MedicationRequest.language",
        "short": "Language of the resource content",
        "definition": "The base language in which the resource is written.",
        "comments": "Language is provided to support indexing and accessibility (typically, services such as text to speech use the language tag). The html language tag in the narrative applies  to the narrative. The language tag on the resource may be used to specify the language of other presentations generated from the data in the resource  Not all the content has to be in the base language. The Resource.language should not be assumed to apply to the narrative automatically. If a language is specified, it should it also be specified on the div element in the html (see rules in HTML5 for information about the relationship between xml:lang and the html lang attribute).",
        "min": 0,
        "max": "1",
        "base": {
          "path": "Resource.language",
          "min": 0,
          "max": "1"
        },
        "type": [
          {
            "code": "code"
          }
        ],
        "binding": {
          "extension": [
            {
              "url": "http://hl7.org/fhir/StructureDefinition/elementdefinition-maxValueSet",
              "valueReference": {
                "reference": "http://hl7.org/fhir/ValueSet/all-languages"
              }
            }
          ],
          "strength": "extensible",
          "description": "A human language.",
          "valueSetReference": {
            "reference": "http://hl7.org/fhir/ValueSet/languages"
          }
        }
      },
      {
        "id": "MedicationRequest:shr-medication-MedicationNotPrescribed.text",
        "path": "MedicationRequest.text",
        "short": "Text summary of the resource, for human interpretation",
        "definition": "A human-readable narrative that contains a summary of the resource, and may be used to represent the content of the resource to a human. The narrative need not encode all the structured data, but is required to contain sufficient detail to make it \"clinically safe\" for a human to just read the narrative. Resource definitions may define what content should be represented in the narrative to ensure clinical safety.",
        "comments": "Contained resources do not have narrative. Resources that are not contained SHOULD have a narrative. In some cases, a resource may only have text with little or no additional discrete data (as long as all minOccurs=1 elements are satisfied).  This may be necessary for data from legacy systems where information is captured as a \"text blob\" or where text is additionally entered raw or narrated and encoded in formation is added later.",
        "alias": [
          "narrative",
          "html",
          "xhtml",
          "display"
        ],
        "min": 0,
        "max": "1",
        "base": {
          "path": "DomainResource.text",
          "min": 0,
          "max": "1"
        },
        "type": [
          {
            "code": "Narrative"
          }
        ],
        "condition": [
          "dom-1"
        ],
        "mapping": [
          {
            "identity": "rim",
            "map": "Act.text?"
          }
        ]
      },
      {
        "id": "MedicationRequest:shr-medication-MedicationNotPrescribed.contained",
        "path": "MedicationRequest.contained",
        "short": "Contained, inline Resources",
        "definition": "These resources do not have an independent existence apart from the resource that contains them - they cannot be identified independently, and nor can they have their own independent transaction scope.",
        "comments": "This should never be done when the content can be identified properly, as once identification is lost, it is extremely difficult (and context dependent) to restore it again.",
        "alias": [
          "inline resources",
          "anonymous resources",
          "contained resources"
        ],
        "min": 0,
        "max": "*",
        "base": {
          "path": "DomainResource.contained",
          "min": 0,
          "max": "*"
        },
        "type": [
          {
            "code": "Resource"
          }
        ],
        "mapping": [
          {
            "identity": "rim",
            "map": "N/A"
          }
        ]
      },
      {
        "id": "MedicationRequest:shr-medication-MedicationNotPrescribed.extension",
        "path": "MedicationRequest.extension",
        "slicing": {
          "id": "150",
          "discriminator": [
            "url"
          ],
          "ordered": false,
          "rules": "open"
        },
        "short": "Additional Content defined by implementations",
        "definition": "May be used to represent additional information that is not part of the basic definition of the resource. In order to make the use of extensions safe and manageable, there is a strict set of governance  applied to the definition and use of extensions. Though any implementer is allowed to define an extension, there is a set of requirements that SHALL be met as part of the definition of the extension.",
        "comments": "There can be no stigma associated with the use of extensions by any application, project, or standard - regardless of the institution or jurisdiction that uses or defines the extensions.  The use of extensions is what allows the FHIR specification to retain a core level of simplicity for everyone.",
        "alias": [
          "extensions",
          "user content"
        ],
        "min": 0,
        "max": "*",
        "base": {
          "path": "DomainResource.extension",
          "min": 0,
          "max": "*"
        },
        "type": [
          {
            "code": "Extension"
          }
        ],
        "mapping": [
          {
            "identity": "rim",
            "map": "N/A"
          }
        ]
      },
      {
        "id": "MedicationRequest:shr-medication-MedicationNotPrescribed.extension:actioncode",
        "path": "MedicationRequest.extension",
        "sliceName": "actioncode",
        "definition": "The code for the action, such as an intervention or test, to be carried out.",
        "alias": [
          "extensions",
          "user content"
        ],
        "min": 1,
        "max": "1",
        "base": {
          "path": "DomainResource.extension",
          "min": 0,
          "max": "*"
        },
        "type": [
          {
            "code": "Extension",
            "profile": "http://standardhealthrecord.org/fhir/StructureDefinition/shr-base-ActionCode-extension"
          }
        ],
        "mustSupport": false,
        "isModifier": false,
        "isSummary": false,
        "mapping": [
          {
            "identity": "rim",
            "map": "N/A"
          }
        ]
      },
      {
        "id": "MedicationRequest:shr-medication-MedicationNotPrescribed.extension:occurrencetime",
        "path": "MedicationRequest.extension",
        "sliceName": "occurrencetime",
        "definition": "The point in time or span of time in which something happens.",
        "alias": [
          "extensions",
          "user content"
        ],
        "min": 0,
        "max": "1",
        "base": {
          "path": "DomainResource.extension",
          "min": 0,
          "max": "*"
        },
        "type": [
          {
            "code": "Extension",
            "profile": "http://standardhealthrecord.org/fhir/StructureDefinition/shr-core-OccurrenceTime-extension"
          }
        ],
        "mustSupport": false,
        "isModifier": false,
        "isSummary": false,
        "mapping": [
          {
            "identity": "rim",
            "map": "N/A"
          }
        ]
      },
      {
        "id": "MedicationRequest:shr-medication-MedicationNotPrescribed.extension:participant",
        "path": "MedicationRequest.extension",
        "sliceName": "participant",
        "definition": "A statement about an actor who did (or did not) participate in a certain task or activity. Unlike a HealthcareInvolvement which continues over period of time, the participant is associated with doing or not doing a specific task, such admitting a patient, performing a procedure, or taking a measurement.",
        "alias": [
          "extensions",
          "user content"
        ],
        "min": 0,
        "max": "*",
        "base": {
          "path": "DomainResource.extension",
          "min": 0,
          "max": "*"
        },
        "type": [
          {
            "code": "Extension",
            "profile": "http://standardhealthrecord.org/fhir/StructureDefinition/shr-actor-Participant-extension"
          }
        ],
        "mustSupport": false,
        "isModifier": false,
        "isSummary": false,
        "mapping": [
          {
            "identity": "rim",
            "map": "N/A"
          }
        ]
      },
      {
        "id": "MedicationRequest:shr-medication-MedicationNotPrescribed.extension:priorityofrequest",
        "path": "MedicationRequest.extension",
        "sliceName": "priorityofrequest",
        "definition": "Urgency level for which results must be reported to the requestor or responsible individual.",
        "alias": [
          "extensions",
          "user content"
        ],
        "min": 0,
        "max": "1",
        "base": {
          "path": "DomainResource.extension",
          "min": 0,
          "max": "*"
        },
        "type": [
          {
            "code": "Extension",
            "profile": "http://standardhealthrecord.org/fhir/StructureDefinition/shr-base-PriorityOfRequest-extension"
          }
        ],
        "mustSupport": false,
        "isModifier": false,
        "isSummary": false,
        "mapping": [
          {
            "identity": "rim",
            "map": "N/A"
          }
        ]
      },
      {
        "id": "MedicationRequest:shr-medication-MedicationNotPrescribed.extension:patientinstructions",
        "path": "MedicationRequest.extension",
        "sliceName": "patientinstructions",
        "definition": "Information for the patient, such as, where to get the test, how to prepare for the test, etc.",
        "alias": [
          "extensions",
          "user content"
        ],
        "min": 0,
        "max": "1",
        "base": {
          "path": "DomainResource.extension",
          "min": 0,
          "max": "*"
        },
        "type": [
          {
            "code": "Extension",
            "profile": "http://standardhealthrecord.org/fhir/StructureDefinition/shr-base-PatientInstructions-extension"
          }
        ],
        "mustSupport": false,
        "isModifier": false,
        "isSummary": false,
        "mapping": [
          {
            "identity": "rim",
            "map": "N/A"
          }
        ]
      },
      {
        "id": "MedicationRequest:shr-medication-MedicationNotPrescribed.modifierExtension",
        "path": "MedicationRequest.modifierExtension",
        "slicing": {
          "id": "151",
          "discriminator": [
            "url"
          ],
          "ordered": false,
          "rules": "open"
        },
        "short": "Extensions that cannot be ignored",
        "definition": "May be used to represent additional information that is not part of the basic definition of the resource, and that modifies the understanding of the element that contains it. Usually modifier elements provide negation or qualification. In order to make the use of extensions safe and manageable, there is a strict set of governance applied to the definition and use of extensions. Though any implementer is allowed to define an extension, there is a set of requirements that SHALL be met as part of the definition of the extension. Applications processing a resource are required to check for modifier extensions.",
        "comments": "There can be no stigma associated with the use of extensions by any application, project, or standard - regardless of the institution or jurisdiction that uses or defines the extensions.  The use of extensions is what allows the FHIR specification to retain a core level of simplicity for everyone.",
        "alias": [
          "extensions",
          "user content"
        ],
        "min": 0,
        "max": "*",
        "base": {
          "path": "DomainResource.modifierExtension",
          "min": 0,
          "max": "*"
        },
        "type": [
          {
            "code": "Extension"
          }
        ],
        "isModifier": true,
        "mapping": [
          {
            "identity": "rim",
            "map": "N/A"
          }
        ]
      },
      {
        "id": "MedicationRequest:shr-medication-MedicationNotPrescribed.modifierExtension:nonoccurrencemodifier",
        "path": "MedicationRequest.modifierExtension",
        "sliceName": "nonoccurrencemodifier",
        "definition": "When true, indicates either that the event or action documented in the entry did not occur, or the the thing documented is absent or does not exist.",
        "alias": [
          "extensions",
          "user content"
        ],
        "min": 0,
        "max": "1",
        "base": {
          "path": "DomainResource.modifierExtension",
          "min": 0,
          "max": "*"
        },
        "type": [
          {
            "code": "Extension",
            "profile": "http://standardhealthrecord.org/fhir/StructureDefinition/shr-base-NonOccurrenceModifier-extension"
          }
        ],
        "mustSupport": true,
        "isModifier": true,
        "isSummary": false,
        "mapping": [
          {
            "identity": "rim",
            "map": "N/A"
          }
        ]
      },
      {
        "id": "MedicationRequest:shr-medication-MedicationNotPrescribed.modifierExtension:medicationnotprescribedmodifier",
        "path": "MedicationRequest.modifierExtension",
        "sliceName": "medicationnotprescribedmodifier",
        "definition": "True, if the medication should not, or was not prescribed for a particular reason.",
        "alias": [
          "extensions",
          "user content"
        ],
        "min": 1,
        "max": "1",
        "base": {
          "path": "DomainResource.modifierExtension",
          "min": 0,
          "max": "*"
        },
        "type": [
          {
            "code": "Extension",
            "profile": "http://standardhealthrecord.org/fhir/StructureDefinition/shr-medication-MedicationNotPrescribedModifier-extension"
          }
        ],
        "mustSupport": true,
        "isModifier": true,
        "isSummary": false,
        "mapping": [
          {
            "identity": "rim",
            "map": "N/A"
          }
        ]
      },
      {
        "id": "MedicationRequest:shr-medication-MedicationNotPrescribed.modifierExtension:medicationnotprescribedmodifier.id",
        "path": "MedicationRequest.modifierExtension.id",
        "representation": [
          "xmlAttr"
        ],
        "short": "xml:id (or equivalent in JSON)",
        "definition": "unique id for the element within a resource (for internal references). This may be any string value that does not contain spaces.",
        "min": 0,
        "max": "1",
        "base": {
          "path": "Element.id",
          "min": 0,
          "max": "1"
        },
        "type": [
          {
            "code": "string"
          }
        ],
        "mapping": [
          {
            "identity": "rim",
            "map": "N/A"
          }
        ]
      },
      {
        "id": "MedicationRequest:shr-medication-MedicationNotPrescribed.modifierExtension:medicationnotprescribedmodifier.extension",
        "path": "MedicationRequest.modifierExtension.extension",
        "slicing": {
          "id": "22",
          "discriminator": [
            "url"
          ],
          "ordered": false,
          "rules": "open"
        },
        "short": "Extension",
        "definition": "An Extension",
        "min": 0,
        "max": "*",
        "base": {
          "path": "Element.extension",
          "min": 0,
          "max": "*"
        },
        "type": [
          {
            "code": "Extension"
          }
        ]
      },
      {
        "id": "MedicationRequest:shr-medication-MedicationNotPrescribed.modifierExtension:medicationnotprescribedmodifier.extension:boolean",
        "path": "MedicationRequest.modifierExtension.extension",
        "sliceName": "boolean",
        "definition": "True, if the medication should not, or was not prescribed for a particular reason.",
        "min": 1,
        "max": "1",
        "base": {
          "path": "Extension.extension",
          "min": 0,
          "max": "1"
        },
        "type": [
          {
            "code": "Extension",
            "profile": "http://standardhealthrecord.org/fhir/StructureDefinition/primitive-boolean-extension"
          }
        ],
        "isModifier": false,
        "mapping": [
          {
            "identity": "rim",
            "map": "N/A"
          }
        ]
      },
      {
        "id": "MedicationRequest:shr-medication-MedicationNotPrescribed.modifierExtension:medicationnotprescribedmodifier.extension:boolean.id",
        "path": "MedicationRequest.modifierExtension.extension.id",
        "representation": [
          "xmlAttr"
        ],
        "short": "xml:id (or equivalent in JSON)",
        "definition": "unique id for the element within a resource (for internal references). This may be any string value that does not contain spaces.",
        "min": 0,
        "max": "1",
        "base": {
          "path": "Element.id",
          "min": 0,
          "max": "1"
        },
        "type": [
          {
            "code": "string"
          }
        ],
        "mapping": [
          {
            "identity": "rim",
            "map": "N/A"
          }
        ]
      },
      {
        "id": "MedicationRequest:shr-medication-MedicationNotPrescribed.modifierExtension:medicationnotprescribedmodifier.extension:boolean.extension:extension",
        "path": "MedicationRequest.modifierExtension.extension.extension",
        "sliceName": "extension",
        "short": "Extension",
        "definition": "An Extension",
        "min": 0,
        "max": "0",
        "base": {
          "path": "Element.extension",
          "min": 0,
          "max": "*"
        },
        "type": [
          {
            "code": "Extension"
          }
        ]
      },
      {
        "id": "MedicationRequest:shr-medication-MedicationNotPrescribed.modifierExtension:medicationnotprescribedmodifier.extension:boolean.url",
        "path": "MedicationRequest.modifierExtension.extension.url",
        "representation": [
          "xmlAttr"
        ],
        "short": "identifies the meaning of the extension",
        "definition": "Source of the definition for the extension code - a logical name or a URL.",
        "comments": "The definition may point directly to a computable or human-readable definition of the extensibility codes, or it may be a logical URI as declared in some other specification. The definition SHALL be a URI for the Structure Definition defining the extension.",
        "min": 1,
        "max": "1",
        "base": {
          "path": "Extension.url",
          "min": 1,
          "max": "1"
        },
        "type": [
          {
            "code": "uri"
          }
        ],
        "fixedUri": "http://standardhealthrecord.org/fhir/StructureDefinition/primitive-boolean-extension",
        "mapping": [
          {
            "identity": "rim",
            "map": "N/A"
          }
        ]
      },
      {
        "id": "MedicationRequest:shr-medication-MedicationNotPrescribed.modifierExtension:medicationnotprescribedmodifier.extension:boolean.valueBoolean",
        "path": "MedicationRequest.modifierExtension.extension.valueBoolean",
        "short": "Value of extension",
        "definition": "Value of extension - may be a resource or one of a constrained set of the data types (see Extensibility in the spec for list).",
        "min": 1,
        "max": "1",
        "base": {
          "path": "Extension.value[x]",
          "min": 0,
          "max": "1"
        },
        "type": [
          {
            "code": "boolean"
          }
        ],
        "fixedBoolean": true,
        "mapping": [
          {
            "identity": "rim",
            "map": "N/A"
          }
        ]
      },
      {
        "id": "MedicationRequest:shr-medication-MedicationNotPrescribed.modifierExtension:medicationnotprescribedmodifier.extension:reason",
        "path": "MedicationRequest.modifierExtension.extension",
        "sliceName": "reason",
        "definition": "The justification for an action or non-action, conclusion, opinion, etc.",
        "min": 0,
        "max": "1",
        "base": {
          "path": "Extension.extension",
          "min": 0,
          "max": "1"
        },
        "type": [
          {
            "code": "Extension",
            "profile": "http://standardhealthrecord.org/fhir/StructureDefinition/shr-core-Reason-extension"
          }
        ],
        "isModifier": false,
        "mapping": [
          {
            "identity": "rim",
            "map": "N/A"
          }
        ]
      },
      {
        "id": "MedicationRequest:shr-medication-MedicationNotPrescribed.modifierExtension:medicationnotprescribedmodifier.extension:reason.id",
        "path": "MedicationRequest.modifierExtension.extension.id",
        "representation": [
          "xmlAttr"
        ],
        "short": "xml:id (or equivalent in JSON)",
        "definition": "unique id for the element within a resource (for internal references). This may be any string value that does not contain spaces.",
        "min": 0,
        "max": "1",
        "base": {
          "path": "Element.id",
          "min": 0,
          "max": "1"
        },
        "type": [
          {
            "code": "string"
          }
        ],
        "mapping": [
          {
            "identity": "rim",
            "map": "N/A"
          }
        ]
      },
      {
        "id": "MedicationRequest:shr-medication-MedicationNotPrescribed.modifierExtension:medicationnotprescribedmodifier.extension:reason.extension:extension",
        "path": "MedicationRequest.modifierExtension.extension.extension",
        "sliceName": "extension",
        "short": "Extension",
        "definition": "An Extension",
        "min": 0,
        "max": "0",
        "base": {
          "path": "Element.extension",
          "min": 0,
          "max": "*"
        },
        "type": [
          {
            "code": "Extension"
          }
        ]
      },
      {
        "id": "MedicationRequest:shr-medication-MedicationNotPrescribed.modifierExtension:medicationnotprescribedmodifier.extension:reason.url",
        "path": "MedicationRequest.modifierExtension.extension.url",
        "representation": [
          "xmlAttr"
        ],
        "short": "identifies the meaning of the extension",
        "definition": "Source of the definition for the extension code - a logical name or a URL.",
        "comments": "The definition may point directly to a computable or human-readable definition of the extensibility codes, or it may be a logical URI as declared in some other specification. The definition SHALL be a URI for the Structure Definition defining the extension.",
        "min": 1,
        "max": "1",
        "base": {
          "path": "Extension.url",
          "min": 1,
          "max": "1"
        },
        "type": [
          {
            "code": "uri"
          }
        ],
        "fixedUri": "http://standardhealthrecord.org/fhir/StructureDefinition/shr-core-Reason-extension",
        "mapping": [
          {
            "identity": "rim",
            "map": "N/A"
          }
        ]
      },
      {
        "id": "MedicationRequest:shr-medication-MedicationNotPrescribed.modifierExtension:medicationnotprescribedmodifier.extension:reason.value[x]",
        "path": "MedicationRequest.modifierExtension.extension.value[x]",
        "short": "Value of extension",
        "definition": "Value of extension - may be a resource or one of a constrained set of the data types (see Extensibility in the spec for list).",
        "min": 1,
        "max": "1",
        "base": {
          "path": "Extension.value[x]",
          "min": 0,
          "max": "1"
        },
        "type": [
          {
            "code": "string"
          },
          {
            "code": "CodeableConcept",
            "profile": "http://standardhealthrecord.org/fhir/StructureDefinition/shr-core-CodeableConcept"
          }
        ],
        "binding": {
          "strength": "required",
          "valueSetReference": {
            "reference": "http://standardhealthrecord.org/fhir/ValueSet/shr-medication-ReasonMedicationNotUsedVS"
          }
        },
        "mapping": [
          {
            "identity": "rim",
            "map": "N/A"
          }
        ]
      },
      {
        "id": "MedicationRequest:shr-medication-MedicationNotPrescribed.modifierExtension:medicationnotprescribedmodifier.url",
        "path": "MedicationRequest.modifierExtension.url",
        "representation": [
          "xmlAttr"
        ],
        "short": "identifies the meaning of the extension",
        "definition": "Source of the definition for the extension code - a logical name or a URL.",
        "comments": "The definition may point directly to a computable or human-readable definition of the extensibility codes, or it may be a logical URI as declared in some other specification. The definition SHALL be a URI for the Structure Definition defining the extension.",
        "min": 1,
        "max": "1",
        "base": {
          "path": "Extension.url",
          "min": 1,
          "max": "1"
        },
        "type": [
          {
            "code": "uri"
          }
        ],
        "fixedUri": "http://standardhealthrecord.org/fhir/StructureDefinition/shr-medication-MedicationNotPrescribedModifier-extension",
        "mapping": [
          {
            "identity": "rim",
            "map": "N/A"
          }
        ]
      },
      {
        "id": "MedicationRequest:shr-medication-MedicationNotPrescribed.modifierExtension:medicationnotprescribedmodifier.value[x]",
        "path": "MedicationRequest.modifierExtension.value[x]",
        "short": "Value of extension",
        "definition": "Value of extension - may be a resource or one of a constrained set of the data types (see Extensibility in the spec for list).",
        "min": 0,
        "max": "0",
        "base": {
          "path": "Extension.value[x]",
          "min": 0,
          "max": "1"
        },
        "type": [
          {
            "code": "base64Binary"
          },
          {
            "code": "boolean"
          },
          {
            "code": "code"
          },
          {
            "code": "date"
          },
          {
            "code": "dateTime"
          },
          {
            "code": "decimal"
          },
          {
            "code": "id"
          },
          {
            "code": "instant"
          },
          {
            "code": "integer"
          },
          {
            "code": "markdown"
          },
          {
            "code": "oid"
          },
          {
            "code": "positiveInt"
          },
          {
            "code": "string"
          },
          {
            "code": "time"
          },
          {
            "code": "unsignedInt"
          },
          {
            "code": "uri"
          },
          {
            "code": "Address"
          },
          {
            "code": "Age"
          },
          {
            "code": "Annotation"
          },
          {
            "code": "Attachment"
          },
          {
            "code": "CodeableConcept"
          },
          {
            "code": "Coding"
          },
          {
            "code": "ContactPoint"
          },
          {
            "code": "Count"
          },
          {
            "code": "Distance"
          },
          {
            "code": "Duration"
          },
          {
            "code": "HumanName"
          },
          {
            "code": "Identifier"
          },
          {
            "code": "Money"
          },
          {
            "code": "Period"
          },
          {
            "code": "Quantity"
          },
          {
            "code": "Range"
          },
          {
            "code": "Ratio"
          },
          {
            "code": "Reference"
          },
          {
            "code": "SampledData"
          },
          {
            "code": "Signature"
          },
          {
            "code": "Timing"
          },
          {
            "code": "Meta"
          }
        ],
        "mapping": [
          {
            "identity": "rim",
            "map": "N/A"
          }
        ]
      },
      {
        "id": "MedicationRequest:shr-medication-MedicationNotPrescribed.identifier",
        "path": "MedicationRequest.identifier",
        "short": "External identifier",
        "definition": "External identifier - one that would be used by another non-FHIR system - for example a re-imbursement system might issue its own id for each prescription that is created.  This is particularly important where FHIR only provides part of an entire workflow process where records have to be tracked through an entire system.",
        "min": 0,
        "max": "*",
        "type": [
          {
            "code": "Identifier"
          }
        ],
        "mapping": [
          {
            "identity": "script10.6",
            "map": "Message/Header/PrescriberOrderNumber"
          },
          {
            "identity": "v2",
            "map": "ORC-2-Placer Order Number / ORC-3-Filler Order Number"
          },
          {
            "identity": "rim",
            "map": "id"
          },
          {
            "identity": "w5",
            "map": "id"
          }
        ]
      },
      {
        "id": "MedicationRequest:shr-medication-MedicationNotPrescribed.definition",
        "path": "MedicationRequest.definition",
        "short": "Protocol or definition",
        "definition": "Protocol or definition followed by this request.",
        "min": 0,
        "max": "*",
        "type": [
          {
            "code": "Reference",
            "targetProfile": "http://hl7.org/fhir/StructureDefinition/ActivityDefinition"
          },
          {
            "code": "Reference",
            "targetProfile": "http://hl7.org/fhir/StructureDefinition/PlanDefinition"
          }
        ],
        "isSummary": true
      },
      {
        "id": "MedicationRequest:shr-medication-MedicationNotPrescribed.basedOn",
        "path": "MedicationRequest.basedOn",
        "short": "What request fulfills",
        "definition": "Plan/proposal/order fulfilled by this request.",
        "min": 0,
        "max": "*",
        "type": [
          {
            "code": "Reference",
            "targetProfile": "http://hl7.org/fhir/StructureDefinition/CarePlan"
          },
          {
            "code": "Reference",
            "targetProfile": "http://hl7.org/fhir/StructureDefinition/DiagnosticRequest"
          },
          {
            "code": "Reference",
            "targetProfile": "http://hl7.org/fhir/StructureDefinition/MedicationRequest"
          },
          {
            "code": "Reference",
            "targetProfile": "http://hl7.org/fhir/StructureDefinition/ProcedureRequest"
          },
          {
            "code": "Reference",
            "targetProfile": "http://hl7.org/fhir/StructureDefinition/ReferralRequest"
          }
        ],
        "isSummary": true
      },
      {
        "id": "MedicationRequest:shr-medication-MedicationNotPrescribed.requisition",
        "path": "MedicationRequest.requisition",
        "short": "Identifier of composite",
        "definition": "Composite request this is part of.",
        "min": 0,
        "max": "1",
        "type": [
          {
            "code": "Identifier"
          }
        ],
        "isSummary": true
      },
      {
        "id": "MedicationRequest:shr-medication-MedicationNotPrescribed.status",
        "path": "MedicationRequest.status",
        "short": "active | on-hold | cancelled | completed | entered-in-error | stopped | draft",
        "definition": "A code specifying the state of the order.  Generally this will be active or completed state.",
        "min": 1,
        "max": "1",
        "type": [
          {
            "code": "code"
          }
        ],
        "isModifier": true,
        "isSummary": true,
        "binding": {
          "strength": "required",
          "description": "A coded concept specifying the state of the prescribing event. Describes the lifecycle of the prescription",
          "valueSetReference": {
            "reference": "http://hl7.org/fhir/ValueSet/medication-request-status"
          }
        },
        "mapping": [
          {
            "identity": "script10.6",
            "map": "no mapping"
          },
          {
            "identity": "rim",
            "map": "statusCode"
          },
          {
            "identity": "w5",
            "map": "status"
          }
        ]
      },
      {
        "id": "MedicationRequest:shr-medication-MedicationNotPrescribed.stage",
        "path": "MedicationRequest.stage",
        "short": "proposal | plan | original-order",
        "definition": "Whether the request is a proposal, plan, or an original order.",
        "comments": "It is expected that the type of requester will be restricted for different stages of a MedicationRequest.  For example, Proposals can be created by a patient, relatedPerson, Practitioner or Device.  Plans can be created by Practitioners, Patients, RelatedPersons and Devices.  Original orders can be created by a Practitioner only.",
        "min": 1,
        "max": "1",
        "type": [
          {
            "code": "CodeableConcept"
          }
        ],
        "isModifier": true,
        "isSummary": true,
        "binding": {
          "strength": "example",
          "description": "The kind of medication order",
          "valueSetReference": {
            "reference": "http://hl7.org/fhir/ValueSet/medication-request-stage"
          }
        },
        "mapping": [
          {
            "identity": "w5",
            "map": "class"
          }
        ]
      },
      {
        "id": "MedicationRequest:shr-medication-MedicationNotPrescribed.medication[x]",
        "path": "MedicationRequest.medication[x]",
        "short": "Medication to be taken",
        "definition": "Identifies the medication being administered. This is a link to a resource that represents the medication which may be the details of the medication or simply an attribute carrying a code that identifies the medication from a known list of medications.",
        "comments": "If only a code is specified, then it needs to be a code for a specific product.  If more information is required, then the use of the medication resource is recommended.  Note: do not use Medication.name to describe the prescribed medication. When the only available information is a text description of the medication, Medication.code.text should be used.",
        "min": 1,
        "max": "1",
        "type": [
          {
            "code": "Reference",
            "targetProfile": "http://standardhealthrecord.org/fhir/StructureDefinition/shr-medication-Medication"
          }
        ],
        "isSummary": true,
        "binding": {
          "strength": "example",
          "description": "A coded concept identifying substance or product that can be ordered.",
          "valueSetReference": {
            "reference": "http://hl7.org/fhir/ValueSet/medication-codes"
          }
        },
        "mapping": [
          {
            "identity": "script10.6",
            "map": "Message/Body/NewRx/MedicationPrescribed\r\rMedication.code.coding.code = Message/Body/NewRx/MedicationPrescribed/DrugCoded/ProductCode\r\rMedication.code.coding.system = Message/Body/NewRx/MedicationPrescribed/DrugCoded/ProductCodeQualifier\r\rMedication.code.coding.display = Message/Body/NewRx/MedicationPrescribed/DrugDescription"
          },
          {
            "identity": "v2",
            "map": "RXE-2-Give Code / RXO-1-Requested Give Code / RXC-2-Component Code"
          },
          {
            "identity": "rim",
            "map": "consumable.administrableMedication"
          },
          {
            "identity": "w5",
            "map": "what"
          }
        ]
      },
      {
        "id": "MedicationRequest:shr-medication-MedicationNotPrescribed.patient",
        "path": "MedicationRequest.patient",
        "short": "Who prescription is for",
        "definition": "A link to a resource representing the person to whom the medication will be given.",
        "comments": "The patient on a medicationRequest is mandatory.  For the secondary use case where the actual patient is not provided, there still must be an anonymyzed patient specified.",
        "min": 1,
        "max": "1",
        "type": [
          {
            "code": "Reference",
            "targetProfile": "http://hl7.org/fhir/StructureDefinition/Patient"
          }
        ],
        "isSummary": true,
        "mapping": [
          {
            "identity": "script10.6",
            "map": "Message/Body/NewRx/Patient\r\r(need detail to link to specific patient … Patient.Identification in SCRIPT)"
          },
          {
            "identity": "v2",
            "map": "PID-3-Patient ID List"
          },
          {
            "identity": "rim",
            "map": "subject.role"
          },
          {
            "identity": "w5",
            "map": "who.focus"
          }
        ]
      },
      {
        "id": "MedicationRequest:shr-medication-MedicationNotPrescribed.context",
        "path": "MedicationRequest.context",
        "short": "Created during encounter/admission/stay",
        "definition": "A link to a resource that identifies the particular occurrence or set oc occurences of contact between patient and health care provider.",
        "comments": "SubstanceAdministration->component->EncounterEvent.",
        "min": 0,
        "max": "1",
        "type": [
          {
            "code": "Reference",
            "targetProfile": "http://hl7.org/fhir/StructureDefinition/Encounter"
          },
          {
            "code": "Reference",
            "targetProfile": "http://hl7.org/fhir/StructureDefinition/EpisodeOfCare"
          }
        ],
        "mapping": [
          {
            "identity": "script10.6",
            "map": "no mapping"
          },
          {
            "identity": "v2",
            "map": "PV1-19-Visit Number"
          },
          {
            "identity": "rim",
            "map": "componentOf.patientEncounter"
          },
          {
            "identity": "w5",
            "map": "context"
          }
        ]
      },
      {
        "id": "MedicationRequest:shr-medication-MedicationNotPrescribed.supportingInformation",
        "path": "MedicationRequest.supportingInformation",
        "short": "Information to support ordering of the medication",
        "definition": "Include additional information (for example, patient height and weight) that supports the ordering of the medication.",
        "min": 0,
        "max": "*",
        "type": [
          {
            "code": "Reference",
            "targetProfile": "http://hl7.org/fhir/StructureDefinition/Resource"
          }
        ],
        "mapping": [
          {
            "identity": "w5",
            "map": "context"
          }
        ]
      },
      {
        "id": "MedicationRequest:shr-medication-MedicationNotPrescribed.dateWritten",
        "path": "MedicationRequest.dateWritten",
        "short": "When prescription was initially authorized",
        "definition": "The date (and perhaps time) when the prescription was initially written.",
        "min": 0,
        "max": "1",
        "type": [
          {
            "code": "dateTime"
          }
        ],
        "isSummary": true,
        "mapping": [
          {
            "identity": "script10.6",
            "map": "Message/Body/NewRx/MedicationPrescribed/WrittenDate"
          },
          {
            "identity": "v2",
            "map": "RXE-32-Original Order Date/Time / ORC-9-Date/Time of Transaction"
          },
          {
            "identity": "rim",
            "map": "author.time"
          },
          {
            "identity": "w5",
            "map": "when.recorded"
          }
        ]
      },
      {
        "id": "MedicationRequest:shr-medication-MedicationNotPrescribed.requester",
        "path": "MedicationRequest.requester",
        "short": "Who ordered the initial medication(s)",
        "definition": "The healthcare professional responsible for authorizing the initial prescription.",
        "comments": "It is expected that the type of requester will be restricted for different stages of a MedicationRequest.  For example, Proposals can be created by a patient, relatedPerson, Practitioner or Device.  Plans can be created by Practitioners, Patients, RelatedPersons and Devices.  Original orders can be created by a Practitioner only.",
        "min": 0,
        "max": "1",
        "type": [
          {
            "code": "Reference",
            "targetProfile": "http://hl7.org/fhir/StructureDefinition/Practitioner"
          },
          {
            "code": "Reference",
            "targetProfile": "http://hl7.org/fhir/StructureDefinition/Organization"
          },
          {
            "code": "Reference",
            "targetProfile": "http://hl7.org/fhir/StructureDefinition/Patient"
          },
          {
            "code": "Reference",
            "targetProfile": "http://hl7.org/fhir/StructureDefinition/RelatedPerson"
          },
          {
            "code": "Reference",
            "targetProfile": "http://hl7.org/fhir/StructureDefinition/Device"
          }
        ],
        "isSummary": true,
        "mapping": [
          {
            "identity": "script10.6",
            "map": "Message/Body/NewRx/Prescriber\r\r(need detail to link to specific prescriber … Prescriber.Identification in SCRIPT)"
          },
          {
            "identity": "v2",
            "map": "RXE-13-Ordering Provider's DEA Number / RXO-14-Ordering Provider's DEA Number / RXE-14-Pharmacist/Treatment Supplier's Verifier ID / RXO-15-Pharmacist/Treatment Supplier's Verifier ID / ORC-12-Ordering Provider / PRT-5-Participation Person: PRT-4-Participation='OP' (all but last deprecated)"
          },
          {
            "identity": "rim",
            "map": "author.role"
          },
          {
            "identity": "w5",
            "map": "who.actor"
          }
        ]
      },
      {
        "id": "MedicationRequest:shr-medication-MedicationNotPrescribed.reasonCode",
        "path": "MedicationRequest.reasonCode",
        "short": "Reason or indication for writing the prescription",
        "definition": "Can be the reason or the indication for writing the prescription.",
        "comments": "This could be a diagnosis code. If a full condition record exists or additional detail is needed, use reasonReference.",
        "min": 0,
        "max": "1",
        "type": [
          {
            "code": "CodeableConcept",
            "profile": "http://standardhealthrecord.org/fhir/StructureDefinition/shr-core-CodeableConcept"
          }
        ],
        "binding": {
          "strength": "example",
          "description": "A coded concept indicating why the medication was ordered.",
          "valueSetReference": {
            "reference": "http://hl7.org/fhir/ValueSet/condition-code"
          }
        },
        "mapping": [
          {
            "identity": "script10.6",
            "map": "Message/Body/NewRx/MedicationPrescribed/Diagnosis/Primary/Value"
          },
          {
            "identity": "v2",
            "map": "ORC-16-Order Control Code Reason /RXE-27-Give Indication/RXO-20-Indication / RXD-21-Indication / RXG-22-Indication / RXA-19-Indication"
          },
          {
            "identity": "rim",
            "map": "reason.observation.reasonCode"
          },
          {
            "identity": "w5",
            "map": "why"
          }
        ]
      },
      {
        "id": "MedicationRequest:shr-medication-MedicationNotPrescribed.reasonReference",
        "path": "MedicationRequest.reasonReference",
        "short": "Condition or Observation that supports why the prescription is being written",
        "definition": "Condition or observation that supports why the prescription is being written.",
        "comments": "This is a reference to a condition that is the reason for the medication order.  If only a code exists, use reasonCode.",
        "min": 0,
        "max": "*",
        "type": [
          {
            "code": "Reference",
            "targetProfile": "http://hl7.org/fhir/StructureDefinition/Condition"
          },
          {
            "code": "Reference",
            "targetProfile": "http://hl7.org/fhir/StructureDefinition/Observation"
          }
        ],
        "mapping": [
          {
            "identity": "script10.6",
            "map": "no mapping"
          },
          {
            "identity": "rim",
            "map": "reason.observation[code=ASSERTION].value"
          },
          {
            "identity": "w5",
            "map": "why"
          }
        ]
      },
      {
        "id": "MedicationRequest:shr-medication-MedicationNotPrescribed.note",
        "path": "MedicationRequest.note",
        "short": "Information about the prescription",
        "definition": "Extra information about the prescription that could not be conveyed by the other attributes.",
        "min": 0,
        "max": "*",
        "type": [
          {
            "code": "Annotation"
          }
        ],
        "mapping": [
          {
            "identity": "script10.6",
            "map": "Message/Body/NewRx/MedicationPrescribed/Note"
          },
          {
            "identity": "rim",
            "map": ".inboundRelationship[typeCode=SUBJ]/source[classCode=OBS,moodCode=EVN,code=\"annotation\"].value"
          }
        ]
      },
      {
        "id": "MedicationRequest:shr-medication-MedicationNotPrescribed.category",
        "path": "MedicationRequest.category",
        "short": "Type of medication usage",
        "definition": "Indicates where type of medication order and where the medication is expected to be consumed or administered.",
        "min": 0,
        "max": "1",
        "type": [
          {
            "code": "CodeableConcept"
          }
        ],
        "binding": {
          "strength": "example",
          "description": "A coded concept identifying where the medication ordered is expected to be consumed or administered",
          "valueSetReference": {
            "reference": "http://hl7.org/fhir/ValueSet/medication-request-category"
          }
        },
        "mapping": [
          {
            "identity": "script10.6",
            "map": "Message/Body/NewRx/MedicationPrescribed/Directions\r\ror \r\rMessage/Body/NewRx/MedicationPrescribed/StructuredSIG"
          },
          {
            "identity": "rim",
            "map": "not mapped"
          }
        ]
      },
      {
        "id": "MedicationRequest:shr-medication-MedicationNotPrescribed.dosageInstruction",
        "path": "MedicationRequest.dosageInstruction",
        "short": "How the medication should be taken",
        "definition": "Indicates how the medication is to be used by the patient.",
        "min": 0,
        "max": "*",
        "type": [
          {
            "code": "DosageInstruction"
          }
        ]
      },
      {
        "id": "MedicationRequest:shr-medication-MedicationNotPrescribed.dispenseRequest",
        "path": "MedicationRequest.dispenseRequest",
        "short": "Medication supply authorization",
        "definition": "Indicates the specific details for the dispense or medication supply part of a medication order (also known as a Medication Prescription).  Note that this information is NOT always sent with the order.  There may be in some settings (e.g. hospitals) institutional or system support for completing the dispense details in the pharmacy department.",
        "min": 0,
        "max": "1",
        "type": [
          {
            "code": "BackboneElement"
          }
        ],
        "constraint": [
          {
            "key": "ele-1",
            "severity": "error",
            "human": "All FHIR elements must have a @value or children",
            "expression": "children().count() > id.count()",
            "xpath": "@value|f:*|h:div",
            "source": "Element"
          }
        ],
        "mapping": [
          {
            "identity": "script10.6",
            "map": "Message/Body/NewRx/MedicationPrescribed/ExpirationDate"
          },
          {
            "identity": "rim",
            "map": "component.supplyEvent"
          }
        ]
      },
      {
        "id": "MedicationRequest:shr-medication-MedicationNotPrescribed.dispenseRequest.id",
        "path": "MedicationRequest.dispenseRequest.id",
        "representation": [
          "xmlAttr"
        ],
        "short": "xml:id (or equivalent in JSON)",
        "definition": "unique id for the element within a resource (for internal references). This may be any string value that does not contain spaces.",
        "min": 0,
        "max": "1",
        "base": {
          "path": "Element.id",
          "min": 0,
          "max": "1"
        },
        "type": [
          {
            "code": "string"
          }
        ],
        "mapping": [
          {
            "identity": "rim",
            "map": "n/a"
          }
        ]
      },
      {
        "id": "MedicationRequest:shr-medication-MedicationNotPrescribed.dispenseRequest.extension",
        "path": "MedicationRequest.dispenseRequest.extension",
        "short": "Additional Content defined by implementations",
        "definition": "May be used to represent additional information that is not part of the basic definition of the element. In order to make the use of extensions safe and manageable, there is a strict set of governance  applied to the definition and use of extensions. Though any implementer is allowed to define an extension, there is a set of requirements that SHALL be met as part of the definition of the extension.",
        "comments": "There can be no stigma associated with the use of extensions by any application, project, or standard - regardless of the institution or jurisdiction that uses or defines the extensions.  The use of extensions is what allows the FHIR specification to retain a core level of simplicity for everyone.",
        "alias": [
          "extensions",
          "user content"
        ],
        "min": 0,
        "max": "*",
        "base": {
          "path": "Element.extension",
          "min": 0,
          "max": "*"
        },
        "type": [
          {
            "code": "Extension"
          }
        ],
        "mapping": [
          {
            "identity": "rim",
            "map": "n/a"
          }
        ]
      },
      {
        "id": "MedicationRequest:shr-medication-MedicationNotPrescribed.dispenseRequest.modifierExtension",
        "path": "MedicationRequest.dispenseRequest.modifierExtension",
        "short": "Extensions that cannot be ignored",
        "definition": "May be used to represent additional information that is not part of the basic definition of the element, and that modifies the understanding of the element that contains it. Usually modifier elements provide negation or qualification. In order to make the use of extensions safe and manageable, there is a strict set of governance applied to the definition and use of extensions. Though any implementer is allowed to define an extension, there is a set of requirements that SHALL be met as part of the definition of the extension. Applications processing a resource are required to check for modifier extensions.",
        "comments": "There can be no stigma associated with the use of extensions by any application, project, or standard - regardless of the institution or jurisdiction that uses or defines the extensions.  The use of extensions is what allows the FHIR specification to retain a core level of simplicity for everyone.",
        "alias": [
          "extensions",
          "user content",
          "modifiers"
        ],
        "min": 0,
        "max": "*",
        "base": {
          "path": "BackboneElement.modifierExtension",
          "min": 0,
          "max": "*"
        },
        "type": [
          {
            "code": "Extension"
          }
        ],
        "isModifier": true,
        "isSummary": true,
        "mapping": [
          {
            "identity": "rim",
            "map": "N/A"
          }
        ]
      },
      {
        "id": "MedicationRequest:shr-medication-MedicationNotPrescribed.dispenseRequest.validityPeriod",
        "path": "MedicationRequest.dispenseRequest.validityPeriod",
        "short": "Time period supply is authorized for",
        "definition": "This indicates the validity period of a prescription (stale dating the Prescription).",
        "comments": "It reflects the prescriber perspective for the validity of the prescription. Dispenses must not be made against the prescription outside of this period. The lower-bound of the Dispensing Window signifies the earliest date that the prescription can be filled for the first time. If an upper-bound is not specified then the Prescription is open-ended or will default to a stale-date based on regulations.",
        "requirements": "Indicates when the Prescription becomes valid, and when it ceases to be a dispensable Prescription.",
        "min": 0,
        "max": "1",
        "type": [
          {
            "code": "Period",
            "profile": "http://standardhealthrecord.org/fhir/StructureDefinition/shr-core-TimePeriod"
          }
        ],
        "mapping": [
          {
            "identity": "script10.6",
            "map": "Message/Body/NewRx/MedicationPrescribed/Refills"
          },
          {
            "identity": "rim",
            "map": "effectiveTime"
          }
        ]
      },
      {
        "id": "MedicationRequest:shr-medication-MedicationNotPrescribed.dispenseRequest.numberOfRepeatsAllowed",
        "path": "MedicationRequest.dispenseRequest.numberOfRepeatsAllowed",
        "short": "Number of refills authorized",
        "definition": "An integer indicating the number of times, in addition to the original dispense, (aka refills or repeats) that the patient can receive the prescribed medication. Usage Notes: This integer does NOT include the original order dispense. This means that if an order indicates dispense 30 tablets plus \"3 repeats\", then the order can be dispensed a total of 4 times and the patient can receive a total of 120 tablets.",
        "comments": "If displaying \"number of authorized fills\", add 1 to this number.",
        "min": 0,
        "max": "1",
        "type": [
          {
            "code": "positiveInt"
          }
        ],
        "mapping": [
          {
            "identity": "script10.6",
            "map": "Message/Body/NewRx/MedicationPrescribed/Quantity"
          },
          {
            "identity": "v2",
            "map": "RXE-12-Number of Refills"
          },
          {
            "identity": "rim",
            "map": "repeatNumber"
          }
        ]
      },
      {
        "id": "MedicationRequest:shr-medication-MedicationNotPrescribed.dispenseRequest.quantity",
        "path": "MedicationRequest.dispenseRequest.quantity",
        "short": "Amount of medication to supply per dispense",
        "definition": "The amount that is to be dispensed for one fill.",
        "min": 0,
        "max": "1",
        "type": [
          {
            "code": "Quantity",
            "profile": "http://standardhealthrecord.org/fhir/StructureDefinition/shr-core-Quantity"
          }
        ],
        "mapping": [
          {
            "identity": "script10.6",
            "map": "Message/Body/NewRx/MedicationPrescribed/DaysSupply"
          },
          {
            "identity": "v2",
            "map": "RXD-4-Actual Dispense Amount / RXD-5.1-Actual Dispense Units.code / RXD-5.3-Actual Dispense Units.name of coding system"
          },
          {
            "identity": "rim",
            "map": "quantity"
          }
        ]
      },
      {
        "id": "MedicationRequest:shr-medication-MedicationNotPrescribed.dispenseRequest.expectedSupplyDuration",
        "path": "MedicationRequest.dispenseRequest.expectedSupplyDuration",
        "short": "Number of days supply per dispense",
        "definition": "Identifies the period time over which the supplied product is expected to be used, or the length of time the dispense is expected to last.",
        "comments": "In some situations, this attribute may be used instead of quantity to identify the amount supplied by how long it is expected to last, rather than the physical quantity issued, e.g. 90 days supply of medication (based on an ordered dosage) When possible, it is always better to specify quantity, as this tends to be more precise. expectedSupplyDuration will always be an estimate that can be influenced by external factors.",
        "min": 0,
        "max": "1",
        "type": [
          {
            "code": "Duration",
            "profile": "http://standardhealthrecord.org/fhir/StructureDefinition/shr-core-Duration"
          }
        ],
        "mapping": [
          {
            "identity": "script10.6",
            "map": "Message/Body/NewRx/MedicationPrescribed/Substitutions"
          },
          {
            "identity": "rim",
            "map": "expectedUseTime"
          }
        ]
      },
      {
        "id": "MedicationRequest:shr-medication-MedicationNotPrescribed.dispenseRequest.performer",
        "path": "MedicationRequest.dispenseRequest.performer",
        "short": "Intended dispenser",
        "definition": "Indicates the intended dispensing Organization specified by the prescriber.",
        "min": 0,
        "max": "1",
        "type": [
          {
            "code": "Reference",
            "targetProfile": "http://standardhealthrecord.org/fhir/StructureDefinition/shr-actor-Organization"
          }
        ],
        "mapping": [
          {
            "identity": "w5",
            "map": "who"
          }
        ]
      },
      {
        "id": "MedicationRequest:shr-medication-MedicationNotPrescribed.substitution",
        "path": "MedicationRequest.substitution",
        "short": "Any restrictions on medication substitution",
        "definition": "Indicates whether or not substitution can or should be part of the dispense. In some cases substitution must happen, in other cases substitution must not happen, and in others it does not matter. This block explains the prescriber's intent. If nothing is specified substitution may be done.",
        "min": 0,
        "max": "1",
        "type": [
          {
            "code": "BackboneElement"
          }
        ],
        "constraint": [
          {
            "key": "ele-1",
            "severity": "error",
            "human": "All FHIR elements must have a @value or children",
            "expression": "children().count() > id.count()",
            "xpath": "@value|f:*|h:div",
            "source": "Element"
          }
        ],
        "mapping": [
          {
            "identity": "script10.6",
            "map": "specific values within Message/Body/NewRx/MedicationPrescribed/Substitutions"
          },
          {
            "identity": "rim",
            "map": "subjectOf.substitutionPersmission"
          }
        ]
      },
      {
        "id": "MedicationRequest:shr-medication-MedicationNotPrescribed.substitution.id",
        "path": "MedicationRequest.substitution.id",
        "representation": [
          "xmlAttr"
        ],
        "short": "xml:id (or equivalent in JSON)",
        "definition": "unique id for the element within a resource (for internal references). This may be any string value that does not contain spaces.",
        "min": 0,
        "max": "1",
        "base": {
          "path": "Element.id",
          "min": 0,
          "max": "1"
        },
        "type": [
          {
            "code": "string"
          }
        ],
        "mapping": [
          {
            "identity": "rim",
            "map": "n/a"
          }
        ]
      },
      {
        "id": "MedicationRequest:shr-medication-MedicationNotPrescribed.substitution.extension",
        "path": "MedicationRequest.substitution.extension",
        "short": "Additional Content defined by implementations",
        "definition": "May be used to represent additional information that is not part of the basic definition of the element. In order to make the use of extensions safe and manageable, there is a strict set of governance  applied to the definition and use of extensions. Though any implementer is allowed to define an extension, there is a set of requirements that SHALL be met as part of the definition of the extension.",
        "comments": "There can be no stigma associated with the use of extensions by any application, project, or standard - regardless of the institution or jurisdiction that uses or defines the extensions.  The use of extensions is what allows the FHIR specification to retain a core level of simplicity for everyone.",
        "alias": [
          "extensions",
          "user content"
        ],
        "min": 0,
        "max": "*",
        "base": {
          "path": "Element.extension",
          "min": 0,
          "max": "*"
        },
        "type": [
          {
            "code": "Extension"
          }
        ],
        "mapping": [
          {
            "identity": "rim",
            "map": "n/a"
          }
        ]
      },
      {
        "id": "MedicationRequest:shr-medication-MedicationNotPrescribed.substitution.modifierExtension",
        "path": "MedicationRequest.substitution.modifierExtension",
        "short": "Extensions that cannot be ignored",
        "definition": "May be used to represent additional information that is not part of the basic definition of the element, and that modifies the understanding of the element that contains it. Usually modifier elements provide negation or qualification. In order to make the use of extensions safe and manageable, there is a strict set of governance applied to the definition and use of extensions. Though any implementer is allowed to define an extension, there is a set of requirements that SHALL be met as part of the definition of the extension. Applications processing a resource are required to check for modifier extensions.",
        "comments": "There can be no stigma associated with the use of extensions by any application, project, or standard - regardless of the institution or jurisdiction that uses or defines the extensions.  The use of extensions is what allows the FHIR specification to retain a core level of simplicity for everyone.",
        "alias": [
          "extensions",
          "user content",
          "modifiers"
        ],
        "min": 0,
        "max": "*",
        "base": {
          "path": "BackboneElement.modifierExtension",
          "min": 0,
          "max": "*"
        },
        "type": [
          {
            "code": "Extension"
          }
        ],
        "isModifier": true,
        "isSummary": true,
        "mapping": [
          {
            "identity": "rim",
            "map": "N/A"
          }
        ]
      },
      {
        "id": "MedicationRequest:shr-medication-MedicationNotPrescribed.substitution.allowed",
        "path": "MedicationRequest.substitution.allowed",
        "short": "Whether substitution is allowed or not",
        "definition": "True if the prescriber allows a different drug to be dispensed from what was prescribed.",
        "min": 1,
        "max": "1",
        "type": [
          {
            "code": "boolean"
          }
        ],
        "isModifier": true,
        "mapping": [
          {
            "identity": "script10.6",
            "map": "specific values within Message/Body/NewRx/MedicationPrescribed/Substitutions"
          },
          {
            "identity": "v2",
            "map": "RXO-9-Allow Substitutions / RXE-9-Substitution Status"
          },
          {
            "identity": "rim",
            "map": "code"
          }
        ]
      },
      {
        "id": "MedicationRequest:shr-medication-MedicationNotPrescribed.substitution.reason",
        "path": "MedicationRequest.substitution.reason",
        "short": "Why should (not) substitution be made",
        "definition": "Indicates the reason for the substitution, or why substitution must or must not be performed.",
        "min": 0,
        "max": "1",
        "type": [
          {
            "code": "CodeableConcept"
          }
        ],
        "binding": {
          "strength": "example",
          "description": "A coded concept describing the reason that a different medication should (or should not) be substituted from what was prescribed.",
          "valueSetReference": {
            "reference": "http://hl7.org/fhir/ValueSet/v3-SubstanceAdminSubstitutionReason"
          }
        },
        "mapping": [
          {
            "identity": "script10.6",
            "map": "not mapped"
          },
          {
            "identity": "v2",
            "map": "RXE-9 Substition status"
          },
          {
            "identity": "rim",
            "map": "reasonCode"
          }
        ]
      },
      {
        "id": "MedicationRequest:shr-medication-MedicationNotPrescribed.priorPrescription",
        "path": "MedicationRequest.priorPrescription",
        "short": "An order/prescription that this supersedes",
        "definition": "A link to a resource representing an earlier order related order or prescription.",
        "min": 0,
        "max": "1",
        "type": [
          {
            "code": "Reference",
            "targetProfile": "http://hl7.org/fhir/StructureDefinition/MedicationRequest"
          }
        ],
        "mapping": [
          {
            "identity": "script10.6",
            "map": "not mapped"
          },
          {
            "identity": "rim",
            "map": ".outboundRelationship[typeCode=?RPLC or ?SUCC]/target[classCode=SBADM,moodCode=RQO]"
          }
        ]
      },
      {
        "id": "MedicationRequest:shr-medication-MedicationNotPrescribed.eventHistory",
        "path": "MedicationRequest.eventHistory",
        "short": "A list of events of interest in the lifecycle",
        "definition": "A summary of the events of interest that have occurred as the request is processed; e.g. when the order was verified or when it was completed.",
        "comments": "See usage notes in Request pattern in request history.",
        "min": 0,
        "max": "*",
        "type": [
          {
            "code": "Reference",
            "targetProfile": "http://hl7.org/fhir/StructureDefinition/Provenance"
          }
        ]
      }
    ]
  },
  "differential": {
    "element": [
      {
        "id": "MedicationRequest:shr-medication-MedicationNotPrescribed",
        "path": "MedicationRequest",
        "short": "SHR MedicationNotPrescribed Profile",
        "definition": "A record of a medication NOT prescribed. Recorded only when deviating from the normal expectation, care plan, or standard of care."
      },
      {
        "id": "MedicationRequest:shr-medication-MedicationNotPrescribed.extension:actioncode",
        "path": "MedicationRequest.extension",
        "sliceName": "actioncode",
        "min": 1,
        "max": "1",
        "type": [
          {
            "code": "Extension",
            "profile": "http://standardhealthrecord.org/fhir/StructureDefinition/shr-base-ActionCode-extension"
          }
        ],
        "mustSupport": false,
        "isModifier": false,
        "isSummary": false
      },
      {
        "id": "MedicationRequest:shr-medication-MedicationNotPrescribed.extension:occurrencetime",
        "path": "MedicationRequest.extension",
        "sliceName": "occurrencetime",
        "min": 0,
        "max": "1",
        "type": [
          {
            "code": "Extension",
            "profile": "http://standardhealthrecord.org/fhir/StructureDefinition/shr-core-OccurrenceTime-extension"
          }
        ],
        "mustSupport": false,
        "isModifier": false,
        "isSummary": false
      },
      {
        "id": "MedicationRequest:shr-medication-MedicationNotPrescribed.extension:participant",
        "path": "MedicationRequest.extension",
        "sliceName": "participant",
        "min": 0,
        "max": "*",
        "type": [
          {
            "code": "Extension",
            "profile": "http://standardhealthrecord.org/fhir/StructureDefinition/shr-actor-Participant-extension"
          }
        ],
        "mustSupport": false,
        "isModifier": false,
        "isSummary": false
      },
      {
        "id": "MedicationRequest:shr-medication-MedicationNotPrescribed.extension:priorityofrequest",
        "path": "MedicationRequest.extension",
        "sliceName": "priorityofrequest",
        "min": 0,
        "max": "1",
        "type": [
          {
            "code": "Extension",
            "profile": "http://standardhealthrecord.org/fhir/StructureDefinition/shr-base-PriorityOfRequest-extension"
          }
        ],
        "mustSupport": false,
        "isModifier": false,
        "isSummary": false
      },
      {
        "id": "MedicationRequest:shr-medication-MedicationNotPrescribed.extension:patientinstructions",
        "path": "MedicationRequest.extension",
        "sliceName": "patientinstructions",
        "min": 0,
        "max": "1",
        "type": [
          {
            "code": "Extension",
            "profile": "http://standardhealthrecord.org/fhir/StructureDefinition/shr-base-PatientInstructions-extension"
          }
        ],
        "mustSupport": false,
        "isModifier": false,
        "isSummary": false
      },
      {
        "id": "MedicationRequest:shr-medication-MedicationNotPrescribed.modifierExtension:nonoccurrencemodifier",
        "path": "MedicationRequest.modifierExtension",
        "sliceName": "nonoccurrencemodifier",
        "min": 0,
        "max": "1",
        "type": [
          {
            "code": "Extension",
            "profile": "http://standardhealthrecord.org/fhir/StructureDefinition/shr-base-NonOccurrenceModifier-extension"
          }
        ],
        "mustSupport": true,
        "isModifier": true,
        "isSummary": false
      },
      {
        "id": "MedicationRequest:shr-medication-MedicationNotPrescribed.modifierExtension:medicationnotprescribedmodifier",
        "path": "MedicationRequest.modifierExtension",
        "sliceName": "medicationnotprescribedmodifier",
        "min": 1,
        "max": "1",
        "type": [
          {
            "code": "Extension",
            "profile": "http://standardhealthrecord.org/fhir/StructureDefinition/shr-medication-MedicationNotPrescribedModifier-extension"
          }
        ],
        "fixedBoolean": true,
        "mustSupport": true,
        "isModifier": true,
        "isSummary": false
      },
      {
        "id": "MedicationRequest:shr-medication-MedicationNotPrescribed.status",
        "path": "MedicationRequest.status",
        "min": 1,
        "max": "1"
      },
      {
        "id": "MedicationRequest:shr-medication-MedicationNotPrescribed.medication[x]",
        "path": "MedicationRequest.medication[x]",
        "type": [
          {
            "code": "Reference",
            "targetProfile": "http://standardhealthrecord.org/fhir/StructureDefinition/shr-medication-Medication"
          }
        ]
      },
      {
        "id": "MedicationRequest:shr-medication-MedicationNotPrescribed.reasonCode",
        "path": "MedicationRequest.reasonCode",
        "min": 0,
        "max": "1",
        "type": [
          {
            "code": "CodeableConcept",
            "profile": "http://standardhealthrecord.org/fhir/StructureDefinition/shr-core-CodeableConcept"
          }
        ]
      },
      {
        "id": "MedicationRequest:shr-medication-MedicationNotPrescribed.dispenseRequest",
        "path": "MedicationRequest.dispenseRequest"
      },
      {
        "id": "MedicationRequest:shr-medication-MedicationNotPrescribed.dispenseRequest.validityPeriod",
        "path": "MedicationRequest.dispenseRequest.validityPeriod",
        "type": [
          {
            "code": "Period",
            "profile": "http://standardhealthrecord.org/fhir/StructureDefinition/shr-core-TimePeriod"
          }
        ]
      },
      {
        "id": "MedicationRequest:shr-medication-MedicationNotPrescribed.dispenseRequest.quantity",
        "path": "MedicationRequest.dispenseRequest.quantity",
        "type": [
          {
            "code": "Quantity",
            "profile": "http://standardhealthrecord.org/fhir/StructureDefinition/shr-core-Quantity"
          }
        ]
      },
      {
        "id": "MedicationRequest:shr-medication-MedicationNotPrescribed.dispenseRequest.expectedSupplyDuration",
        "path": "MedicationRequest.dispenseRequest.expectedSupplyDuration",
        "type": [
          {
            "code": "Duration",
            "profile": "http://standardhealthrecord.org/fhir/StructureDefinition/shr-core-Duration"
          }
        ]
      },
      {
        "id": "MedicationRequest:shr-medication-MedicationNotPrescribed.dispenseRequest.performer",
        "path": "MedicationRequest.dispenseRequest.performer",
        "type": [
          {
            "code": "Reference",
            "targetProfile": "http://standardhealthrecord.org/fhir/StructureDefinition/shr-actor-Organization"
          }
        ]
      }
    ]
  }
}