{"resourceType":"StructureDefinition","id":"shr-entity-DriversLicenseNumber-extension","text":{"status":"generated","div":"<div xmlns=\"http://www.w3.org/1999/xhtml\">\n  <p><b>SHR DriversLicenseNumber Extension</b></p>\n  <p>Identifying information from a drivers license.</p>\n</div>"},"url":"http://standardhealthrecord.org/fhir/StructureDefinition/shr-entity-DriversLicenseNumber-extension","identifier":[{"system":"http://standardhealthrecord.org","value":"shr.entity.DriversLicenseNumber"}],"version":"0.0.1","name":"SHR DriversLicenseNumber Extension","title":"SHR DriversLicenseNumber Extension","status":"draft","date":"2018-02-27","publisher":"The MITRE Corporation: Standard Health Record Collaborative","contact":[{"telecom":[{"system":"url","value":"http://standardhealthrecord.org"}]}],"description":"Identifying information from a drivers license.","fhirVersion":"3.0.1","kind":"complex-type","abstract":false,"contextType":"resource","context":["*"],"type":"Extension","baseDefinition":"http://hl7.org/fhir/StructureDefinition/Extension","derivation":"constraint","snapshot":{"element":[{"id":"Extension:driverslicensenumber","path":"Extension","short":"SHR DriversLicenseNumber Extension","definition":"Identifying information from a drivers license.","min":0,"max":"*","base":{"path":"Extension","min":0,"max":"1"},"condition":["ele-1"],"constraint":[{"key":"ele-1","severity":"error","human":"All FHIR elements must have a @value or children","expression":"children().count() > id.count()","xpath":"@value|f:*|h:div","source":"Element"},{"key":"ext-1","severity":"error","human":"Must have either extensions or value[x], not both","expression":"extension.exists() != value.exists()","xpath":"exists(f:extension)!=exists(f:*[starts-with(local-name(.), 'value')])","source":"Extension"}]},{"id":"Extension:driverslicensenumber.id","path":"Extension.id","representation":["xmlAttr"],"short":"xml:id (or equivalent in JSON)","definition":"unique id for the element within a resource (for internal references). This may be any string value that does not contain spaces.","min":0,"max":"1","base":{"path":"Element.id","min":0,"max":"1"},"type":[{"code":"string"}],"mapping":[{"identity":"rim","map":"N/A"}]},{"id":"Extension:driverslicensenumber.extension","path":"Extension.extension","slicing":{"id":"1","discriminator":[{"type":"value","path":"url"}],"ordered":false,"rules":"open"},"short":"Extension","definition":"An Extension","min":0,"max":"*","base":{"path":"Element.extension","min":0,"max":"*"},"type":[{"code":"Extension"}]},{"id":"Extension:driverslicensenumber.extension:string","path":"Extension.extension","sliceName":"string","definition":"Identifying information from a drivers license.","min":1,"max":"1","base":{"path":"Extension.extension","min":0,"max":"1"},"type":[{"code":"Extension","profile":"http://standardhealthrecord.org/fhir/StructureDefinition/primitive-string-extension"}],"isModifier":false,"mapping":[{"identity":"rim","map":"N/A"}]},{"id":"Extension:driverslicensenumber.extension:stateofissue","path":"Extension.extension","sliceName":"stateofissue","definition":"A state or country acting as an assuing authority for a document.","min":0,"max":"1","base":{"path":"Extension.extension","min":0,"max":"1"},"type":[{"code":"Extension","profile":"http://standardhealthrecord.org/fhir/StructureDefinition/shr-entity-StateOfIssue-extension"}],"isModifier":false,"mapping":[{"identity":"rim","map":"N/A"}]},{"id":"Extension:driverslicensenumber.extension:effectivetimeperiod","path":"Extension.extension","sliceName":"effectivetimeperiod","definition":"The date and time span for which something is active, valid, or in force.","min":0,"max":"1","base":{"path":"Extension.extension","min":0,"max":"1"},"type":[{"code":"Extension","profile":"http://standardhealthrecord.org/fhir/StructureDefinition/shr-core-EffectiveTimePeriod-extension"}],"isModifier":false,"mapping":[{"identity":"rim","map":"N/A"}]},{"id":"Extension:driverslicensenumber.url","path":"Extension.url","representation":["xmlAttr"],"short":"identifies the meaning of the extension","definition":"Source of the definition for the extension code - a logical name or a URL.","comment":"The definition may point directly to a computable or human-readable definition of the extensibility codes, or it may be a logical URI as declared in some other specification. The definition SHALL be a URI for the Structure Definition defining the extension.","min":1,"max":"1","base":{"path":"Extension.url","min":1,"max":"1"},"type":[{"code":"uri"}],"fixedUri":"http://standardhealthrecord.org/fhir/StructureDefinition/shr-entity-DriversLicenseNumber-extension","mapping":[{"identity":"rim","map":"N/A"}]},{"id":"Extension:driverslicensenumber.value[x]","path":"Extension.value[x]","short":"Value of extension","definition":"Value of extension - may be a resource or one of a constrained set of the data types (see Extensibility in the spec for list).","min":0,"max":"0","base":{"path":"Extension.value[x]","min":0,"max":"1"},"type":[{"code":"base64Binary"},{"code":"boolean"},{"code":"code"},{"code":"date"},{"code":"dateTime"},{"code":"decimal"},{"code":"id"},{"code":"instant"},{"code":"integer"},{"code":"markdown"},{"code":"oid"},{"code":"positiveInt"},{"code":"string"},{"code":"time"},{"code":"unsignedInt"},{"code":"uri"},{"code":"Address"},{"code":"Age"},{"code":"Annotation"},{"code":"Attachment"},{"code":"CodeableConcept"},{"code":"Coding"},{"code":"ContactPoint"},{"code":"Count"},{"code":"Distance"},{"code":"Duration"},{"code":"HumanName"},{"code":"Identifier"},{"code":"Money"},{"code":"Period"},{"code":"Quantity"},{"code":"Range"},{"code":"Ratio"},{"code":"Reference"},{"code":"SampledData"},{"code":"Signature"},{"code":"Timing"},{"code":"Meta"}],"mapping":[{"identity":"rim","map":"N/A"}]}]},"differential":{"element":[{"id":"Extension:driverslicensenumber","path":"Extension","short":"SHR DriversLicenseNumber Extension","definition":"Identifying information from a drivers license.","min":0,"max":"*"},{"id":"Extension:driverslicensenumber.extension:string","path":"Extension.extension","sliceName":"string","definition":"Identifying information from a drivers license.","min":1,"max":"1","type":[{"code":"Extension","profile":"http://standardhealthrecord.org/fhir/StructureDefinition/primitive-string-extension"}]},{"id":"Extension:driverslicensenumber.extension:stateofissue","path":"Extension.extension","sliceName":"stateofissue","definition":"A state or country acting as an assuing authority for a document.","min":0,"max":"1","type":[{"code":"Extension","profile":"http://standardhealthrecord.org/fhir/StructureDefinition/shr-entity-StateOfIssue-extension"}]},{"id":"Extension:driverslicensenumber.extension:effectivetimeperiod","path":"Extension.extension","sliceName":"effectivetimeperiod","definition":"The date and time span for which something is active, valid, or in force.","min":0,"max":"1","type":[{"code":"Extension","profile":"http://standardhealthrecord.org/fhir/StructureDefinition/shr-core-EffectiveTimePeriod-extension"}]},{"id":"Extension:driverslicensenumber.url","path":"Extension.url","type":[{"code":"uri"}],"fixedUri":"http://standardhealthrecord.org/fhir/StructureDefinition/shr-entity-DriversLicenseNumber-extension"},{"id":"Extension:driverslicensenumber.value[x]","path":"Extension.value[x]","min":0,"max":"0"}]}}