{"resourceType":"StructureDefinition","id":"cimi-statement-ClinicalNote","text":{"status":"generated","div":"<div xmlns=\"http://www.w3.org/1999/xhtml\">\n  <p><b>SHR ClinicalNote Profile</b></p>\n  <p>An entry concerning a patient where the result is a narrative text. Can be related to a specific Focus, such as a condition; and evidence and interpretation from FindingTopic.</p>\n  <p><b>SHR Mapping Summary</b></p>\n  <p><pre>cimi.statement.ClinicalNote maps to Basic:\n</pre></p>\n</div>"},"url":"http://standardhealthrecord.org/fhir/StructureDefinition/cimi-statement-ClinicalNote","identifier":[{"system":"http://standardhealthrecord.org","value":"cimi.statement.ClinicalNote"}],"version":"0.1.0","name":"ClinicalNoteProfile","title":"SHR ClinicalNote Profile","status":"draft","date":"2018-08-21T00:00:00-04:00","publisher":"The MITRE Corporation: Standard Health Record Collaborative","contact":[{"telecom":[{"system":"url","value":"http://standardhealthrecord.org"}]}],"description":"An entry concerning a patient where the result is a narrative text. Can be related to a specific Focus, such as a condition; and evidence and interpretation from FindingTopic.","purpose":"Need some way to safely (without breaking interoperability) allow implementers to exchange content not supported by the initial set of declared resources.","fhirVersion":"3.0.1","mapping":[{"identity":"rim","uri":"http://hl7.org/v3","name":"RIM Mapping"},{"identity":"w5","uri":"http://hl7.org/fhir/w5","name":"W5 Mapping"}],"kind":"resource","abstract":false,"type":"Basic","baseDefinition":"http://hl7.org/fhir/StructureDefinition/Basic","derivation":"constraint","snapshot":{"element":[{"id":"Basic:cimi-statement-ClinicalNote","path":"Basic","short":"SHR ClinicalNote Profile","definition":"An entry concerning a patient where the result is a narrative text. Can be related to a specific Focus, such as a condition; and evidence and interpretation from FindingTopic.","alias":["Z-resource","Extension-resource","Custom-resource"],"min":0,"max":"*","constraint":[{"key":"dom-2","severity":"error","human":"If the resource is contained in another resource, it SHALL NOT contain nested Resources","expression":"contained.contained.empty()","xpath":"not(parent::f:contained and f:contained)","source":"DomainResource"},{"key":"dom-1","severity":"error","human":"If the resource is contained in another resource, it SHALL NOT contain any narrative","expression":"contained.text.empty()","xpath":"not(parent::f:contained and f:text)","source":"DomainResource"},{"key":"dom-4","severity":"error","human":"If a resource is contained in another resource, it SHALL NOT have a meta.versionId or a meta.lastUpdated","expression":"contained.meta.versionId.empty() and contained.meta.lastUpdated.empty()","xpath":"not(exists(f:contained/*/f:meta/f:versionId)) and not(exists(f:contained/*/f:meta/f:lastUpdated))","source":"DomainResource"},{"key":"dom-3","severity":"error","human":"If the resource is contained in another resource, it SHALL be referred to from elsewhere in the resource","expression":"contained.where(('#'+id in %resource.descendants().reference).not()).empty()","xpath":"not(exists(for $id in f:contained/*/@id return $id[not(ancestor::f:contained/parent::*/descendant::f:reference/@value=concat('#', $id))]))","source":"DomainResource"}],"mapping":[{"identity":"rim","map":"Entity. Role, or Act"},{"identity":"rim","map":"Act, Entity or Role"},{"identity":"w5","map":"infrastructure.structure"}]},{"id":"Basic:cimi-statement-ClinicalNote.id","path":"Basic.id","short":"Logical id of this artifact","definition":"The logical id of the resource, as used in the URL for the resource. Once assigned, this value never changes.","comment":"The only time that a resource does not have an id is when it is being submitted to the server using a create operation.","min":0,"max":"1","base":{"path":"Resource.id","min":0,"max":"1"},"type":[{"code":"id"}],"isSummary":true},{"id":"Basic:cimi-statement-ClinicalNote.meta","path":"Basic.meta","short":"Metadata about the resource","definition":"The metadata about the resource. This is content that is maintained by the infrastructure. Changes to the content may not always be associated with version changes to the resource.","min":0,"max":"1","base":{"path":"Resource.meta","min":0,"max":"1"},"type":[{"code":"Meta"}],"isSummary":true},{"id":"Basic:cimi-statement-ClinicalNote.implicitRules","path":"Basic.implicitRules","short":"A set of rules under which this content was created","definition":"A reference to a set of rules that were followed when the resource was constructed, and which must be understood when processing the content.","comment":"Asserting this rule set restricts the content to be only understood by a limited set of trading partners. This inherently limits the usefulness of the data in the long term. However, the existing health eco-system is highly fractured, and not yet ready to define, collect, and exchange data in a generally computable sense. Wherever possible, implementers and/or specification writers should avoid using this element. \n\nThis element is labelled as a modifier because the implicit rules may provide additional knowledge about the resource that modifies it's meaning or interpretation.","min":0,"max":"1","base":{"path":"Resource.implicitRules","min":0,"max":"1"},"type":[{"code":"uri"}],"isModifier":true,"isSummary":true},{"id":"Basic:cimi-statement-ClinicalNote.language","path":"Basic.language","short":"Language of the resource content","definition":"The base language in which the resource is written.","comment":"Language is provided to support indexing and accessibility (typically, services such as text to speech use the language tag). The html language tag in the narrative applies  to the narrative. The language tag on the resource may be used to specify the language of other presentations generated from the data in the resource  Not all the content has to be in the base language. The Resource.language should not be assumed to apply to the narrative automatically. If a language is specified, it should it also be specified on the div element in the html (see rules in HTML5 for information about the relationship between xml:lang and the html lang attribute).","min":0,"max":"1","base":{"path":"Resource.language","min":0,"max":"1"},"type":[{"code":"code"}],"binding":{"extension":[{"url":"http://hl7.org/fhir/StructureDefinition/elementdefinition-maxValueSet","valueReference":{"reference":"http://hl7.org/fhir/ValueSet/all-languages"}},{"url":"http://hl7.org/fhir/StructureDefinition/elementdefinition-bindingName","valueString":"Language"},{"url":"http://hl7.org/fhir/StructureDefinition/elementdefinition-isCommonBinding","valueBoolean":true}],"strength":"extensible","description":"A human language.","valueSetReference":{"reference":"http://hl7.org/fhir/ValueSet/languages"}}},{"id":"Basic:cimi-statement-ClinicalNote.text","path":"Basic.text","short":"Text summary of the resource, for human interpretation","definition":"A human-readable narrative that contains a summary of the resource, and may be used to represent the content of the resource to a human. The narrative need not encode all the structured data, but is required to contain sufficient detail to make it \"clinically safe\" for a human to just read the narrative. Resource definitions may define what content should be represented in the narrative to ensure clinical safety.","comment":"Contained resources do not have narrative. Resources that are not contained SHOULD have a narrative. In some cases, a resource may only have text with little or no additional discrete data (as long as all minOccurs=1 elements are satisfied).  This may be necessary for data from legacy systems where information is captured as a \"text blob\" or where text is additionally entered raw or narrated and encoded in formation is added later.","alias":["narrative","html","xhtml","display"],"min":0,"max":"1","base":{"path":"DomainResource.text","min":0,"max":"1"},"type":[{"code":"Narrative"}],"condition":["dom-1"],"mapping":[{"identity":"rim","map":"Act.text?"}]},{"id":"Basic:cimi-statement-ClinicalNote.contained","path":"Basic.contained","short":"Contained, inline Resources","definition":"These resources do not have an independent existence apart from the resource that contains them - they cannot be identified independently, and nor can they have their own independent transaction scope.","comment":"This should never be done when the content can be identified properly, as once identification is lost, it is extremely difficult (and context dependent) to restore it again.","alias":["inline resources","anonymous resources","contained resources"],"min":0,"max":"*","base":{"path":"DomainResource.contained","min":0,"max":"*"},"type":[{"code":"Resource"}],"mapping":[{"identity":"rim","map":"N/A"}]},{"id":"Basic:cimi-statement-ClinicalNote.extension","path":"Basic.extension","slicing":{"id":"1","discriminator":[{"type":"value","path":"url"}],"ordered":false,"rules":"open"},"short":"Additional Content defined by implementations","definition":"May be used to represent additional information that is not part of the basic definition of the resource. In order to make the use of extensions safe and manageable, there is a strict set of governance  applied to the definition and use of extensions. Though any implementer is allowed to define an extension, there is a set of requirements that SHALL be met as part of the definition of the extension.","comment":"There can be no stigma associated with the use of extensions by any application, project, or standard - regardless of the institution or jurisdiction that uses or defines the extensions.  The use of extensions is what allows the FHIR specification to retain a core level of simplicity for everyone.","alias":["extensions","user content"],"min":0,"max":"*","base":{"path":"DomainResource.extension","min":0,"max":"*"},"type":[{"code":"Extension"}],"mapping":[{"identity":"rim","map":"N/A"}]},{"id":"Basic:cimi-statement-ClinicalNote.extension:subjectofinformation","path":"Basic.extension","sliceName":"subjectofinformation","definition":"The person or thing that this entry relates to, usually the Person of Record (see Entry). However, not all entries have health information specifically about the patient, but in different contexts, could refer to a fetus, family member (living or dead), device, location, organization, behavior, finding, condition, wound, or intervention.\nCIMI alignment: SubjectOfInformation is not a Participation -- unlike CIMI. There's no action to participate in. Participant has extra unnecessary attributes, such as 'onBehalfOf'.","min":1,"max":"1","type":[{"code":"Extension","profile":"http://standardhealthrecord.org/fhir/StructureDefinition/cimi-core-SubjectOfInformation-extension"}]},{"id":"Basic:cimi-statement-ClinicalNote.extension:sourceofinformation","path":"Basic.extension","sliceName":"sourceofinformation","definition":"The person or entity that provided the information in the entry, e.g. the subject (patient), medical professional, family member, device or software program, as distinct from who recorded the entry.","min":0,"max":"1","type":[{"code":"Extension","profile":"http://standardhealthrecord.org/fhir/StructureDefinition/cimi-core-SourceOfInformation-extension"}]},{"id":"Basic:cimi-statement-ClinicalNote.extension:annotation","path":"Basic.extension","sliceName":"annotation","definition":"An added or follow-up note, often after the fact, that contains metadata about who made the statement and when.","min":0,"max":"*","type":[{"code":"Extension","profile":"http://standardhealthrecord.org/fhir/StructureDefinition/cimi-element-Annotation-extension"}]},{"id":"Basic:cimi-statement-ClinicalNote.extension:recordstatus","path":"Basic.extension","sliceName":"recordstatus","definition":"Concept indicating the state of this record, e.g., 'entered in error'.","min":0,"max":"1","type":[{"code":"Extension","profile":"http://standardhealthrecord.org/fhir/StructureDefinition/cimi-core-RecordStatus-extension"}]},{"id":"Basic:cimi-statement-ClinicalNote.extension:recorded","path":"Basic.extension","sliceName":"recorded","definition":"The person who entered the order on behalf of another individual for example in the case of a verbal or a telephone order.","min":0,"max":"1","type":[{"code":"Extension","profile":"http://standardhealthrecord.org/fhir/StructureDefinition/cimi-core-Recorded-extension"}]},{"id":"Basic:cimi-statement-ClinicalNote.extension:signed","path":"Basic.extension","sliceName":"signed","definition":"Provenance information specific to the signing of the clinical statement.","min":0,"max":"1","type":[{"code":"Extension","profile":"http://standardhealthrecord.org/fhir/StructureDefinition/cimi-core-Signed-extension"}]},{"id":"Basic:cimi-statement-ClinicalNote.extension:cosigned","path":"Basic.extension","sliceName":"cosigned","definition":"Provenance information specific to the cosigning of the clinical statement.","min":0,"max":"*","type":[{"code":"Extension","profile":"http://standardhealthrecord.org/fhir/StructureDefinition/cimi-core-Cosigned-extension"}]},{"id":"Basic:cimi-statement-ClinicalNote.extension:verified","path":"Basic.extension","sliceName":"verified","definition":"Provenance information specific to the verification process associated with this statement (e.g., verifier, when verified, etc.)","min":0,"max":"*","type":[{"code":"Extension","profile":"http://standardhealthrecord.org/fhir/StructureDefinition/cimi-core-Verified-extension"}]},{"id":"Basic:cimi-statement-ClinicalNote.extension:findingtopic","path":"Basic.extension","sliceName":"findingtopic","definition":"Base class - independent of context - for all kinds of determinations: questions/answers, conditions, observations, allergies, and other findings.\n\nThe subject of a finding can be the entire patient, or an entity such as a location body structure, intervention, or condition. Things observed about the subject can include social and behavioral factors, subjective and objective observations, and assessments.\n\nCIMI Alignment: In CIMI V0.0.4, FindingTopic has four attributes: result, description, multimedia, and intepretation. The model assumes the result of the finding, and interpretationof that result, are not part of the topic (the question), but part of the result (the answer), and therefore appears in the context (RecordedContext and PresenceContext).","min":1,"max":"1","type":[{"code":"Extension","profile":"http://standardhealthrecord.org/fhir/StructureDefinition/cimi-topic-FindingTopic-extension"}]},{"id":"Basic:cimi-statement-ClinicalNote.extension:findingtopic.id","path":"Basic.extension.id","representation":["xmlAttr"],"short":"xml:id (or equivalent in JSON)","definition":"unique id for the element within a resource (for internal references). This may be any string value that does not contain spaces.","min":0,"max":"1","base":{"path":"Element.id","min":0,"max":"1"},"type":[{"code":"string"}],"mapping":[{"identity":"rim","map":"N/A"}]},{"id":"Basic:cimi-statement-ClinicalNote.extension:findingtopic.extension","path":"Basic.extension.extension","slicing":{"id":"1","discriminator":[{"type":"value","path":"url"}],"ordered":false,"rules":"open"},"short":"Extension","definition":"An Extension","min":0,"max":"*","base":{"path":"Element.extension","min":0,"max":"*"},"type":[{"code":"Extension"}]},{"id":"Basic:cimi-statement-ClinicalNote.extension:findingtopic.extension:topiccode","path":"Basic.extension.extension","sliceName":"topiccode","definition":"The concept representing the finding or action that is the topic of the statement.\n\nFor action topics, the TopicCode represents the action being described. For findings, the TopicCode represents the 'question' or property being investigated. For evaluation result findings, the TopicCode contains a concept for an observable entity, such as systolic blood pressure. For assertion findings, the TopicCode contains a code representing the condition, allergy, or other item being asserted. In all cases, the TopicCode describes the topic independent of the context of the action or the finding.","min":1,"max":"1","base":{"path":"Extension.extension","min":0,"max":"1"},"type":[{"code":"Extension","profile":"http://standardhealthrecord.org/fhir/StructureDefinition/cimi-topic-TopicCode-extension"}],"isModifier":false,"mapping":[{"identity":"rim","map":"N/A"}]},{"id":"Basic:cimi-statement-ClinicalNote.extension:findingtopic.extension:findingmethod","path":"Basic.extension.extension","sliceName":"findingmethod","definition":"The technique used to create the finding; for example, the specific imaging technique, lab test code, or assessment vehicle.\n\nCIMI Alignment: In CIMI V0.0.4, this attribute was called 'method'. The value set binding reflects CIMI's preference for LOINC codes.","min":0,"max":"1","base":{"path":"Extension.extension","min":0,"max":"1"},"type":[{"code":"Extension","profile":"http://standardhealthrecord.org/fhir/StructureDefinition/cimi-topic-FindingMethod-extension"}],"isModifier":false,"mapping":[{"identity":"rim","map":"N/A"}]},{"id":"Basic:cimi-statement-ClinicalNote.extension:findingtopic.extension:details","path":"Basic.extension.extension","sliceName":"details","definition":"An text note containing additional details, explanation, description, comment, or summarization. Details can discuss, support, explain changes to, or dispute information.","min":0,"max":"1","base":{"path":"Extension.extension","min":0,"max":"1"},"type":[{"code":"Extension","profile":"http://standardhealthrecord.org/fhir/StructureDefinition/shr-core-Details-extension"}],"isModifier":false,"mapping":[{"identity":"rim","map":"N/A"}]},{"id":"Basic:cimi-statement-ClinicalNote.extension:findingtopic.extension:details.id","path":"Basic.extension.extension.id","representation":["xmlAttr"],"short":"xml:id (or equivalent in JSON)","definition":"unique id for the element within a resource (for internal references). This may be any string value that does not contain spaces.","min":0,"max":"1","base":{"path":"Element.id","min":0,"max":"1"},"type":[{"code":"string"}],"mapping":[{"identity":"rim","map":"N/A"}]},{"id":"Basic:cimi-statement-ClinicalNote.extension:findingtopic.extension:details.extension:extension","path":"Basic.extension.extension.extension","sliceName":"extension","short":"Extension","definition":"An Extension","min":0,"max":"0","base":{"path":"Element.extension","min":0,"max":"*"},"type":[{"code":"Extension"}]},{"id":"Basic:cimi-statement-ClinicalNote.extension:findingtopic.extension:details.url","path":"Basic.extension.extension.url","representation":["xmlAttr"],"short":"identifies the meaning of the extension","definition":"Source of the definition for the extension code - a logical name or a URL.","comment":"The definition may point directly to a computable or human-readable definition of the extensibility codes, or it may be a logical URI as declared in some other specification. The definition SHALL be a URI for the Structure Definition defining the extension.","min":1,"max":"1","base":{"path":"Extension.url","min":1,"max":"1"},"type":[{"code":"uri"}],"fixedUri":"http://standardhealthrecord.org/fhir/StructureDefinition/shr-core-Details-extension","mapping":[{"identity":"rim","map":"N/A"}]},{"id":"Basic:cimi-statement-ClinicalNote.extension:findingtopic.extension:details.valueString","path":"Basic.extension.extension.valueString","short":"Value of extension","definition":"Value of extension - may be a resource or one of a constrained set of the data types (see Extensibility in the spec for list).","min":1,"max":"1","base":{"path":"Extension.value[x]","min":0,"max":"1"},"type":[{"code":"string"}],"mapping":[{"identity":"rim","map":"N/A"}]},{"id":"Basic:cimi-statement-ClinicalNote.extension:findingtopic.url","path":"Basic.extension.url","representation":["xmlAttr"],"short":"identifies the meaning of the extension","definition":"Source of the definition for the extension code - a logical name or a URL.","comment":"The definition may point directly to a computable or human-readable definition of the extensibility codes, or it may be a logical URI as declared in some other specification. The definition SHALL be a URI for the Structure Definition defining the extension.","min":1,"max":"1","base":{"path":"Extension.url","min":1,"max":"1"},"type":[{"code":"uri"}],"fixedUri":"http://standardhealthrecord.org/fhir/StructureDefinition/cimi-topic-FindingTopic-extension","mapping":[{"identity":"rim","map":"N/A"}]},{"id":"Basic:cimi-statement-ClinicalNote.extension:findingtopic.value[x]","path":"Basic.extension.value[x]","short":"Value of extension","definition":"Value of extension - may be a resource or one of a constrained set of the data types (see Extensibility in the spec for list).","min":0,"max":"0","base":{"path":"Extension.value[x]","min":0,"max":"1"},"type":[{"code":"base64Binary"},{"code":"boolean"},{"code":"code"},{"code":"date"},{"code":"dateTime"},{"code":"decimal"},{"code":"id"},{"code":"instant"},{"code":"integer"},{"code":"markdown"},{"code":"oid"},{"code":"positiveInt"},{"code":"string"},{"code":"time"},{"code":"unsignedInt"},{"code":"uri"},{"code":"Address"},{"code":"Age"},{"code":"Annotation"},{"code":"Attachment"},{"code":"CodeableConcept"},{"code":"Coding"},{"code":"ContactPoint"},{"code":"Count"},{"code":"Distance"},{"code":"Duration"},{"code":"HumanName"},{"code":"Identifier"},{"code":"Money"},{"code":"Period"},{"code":"Quantity"},{"code":"Range"},{"code":"Ratio"},{"code":"Reference"},{"code":"SampledData"},{"code":"Signature"},{"code":"Timing"},{"code":"Meta"}],"mapping":[{"identity":"rim","map":"N/A"}]},{"id":"Basic:cimi-statement-ClinicalNote.extension:recordedcontext","path":"Basic.extension","sliceName":"recordedcontext","definition":"Context for recording a finding, usually a Panel, used to indicate an evaluation has been made.\n\nFor example, measurement of blood pressure that has been made simply exists (although the value can be present or absent, accurate or inaccurate). The RecordedContext indicates the information presented stands on its own as presented. It can also apply to clinical notes.","min":1,"max":"1","type":[{"code":"Extension","profile":"http://standardhealthrecord.org/fhir/StructureDefinition/cimi-context-RecordedContext-extension"}]},{"id":"Basic:cimi-statement-ClinicalNote.modifierExtension","path":"Basic.modifierExtension","short":"Extensions that cannot be ignored","definition":"May be used to represent additional information that is not part of the basic definition of the resource, and that modifies the understanding of the element that contains it. Usually modifier elements provide negation or qualification. In order to make the use of extensions safe and manageable, there is a strict set of governance applied to the definition and use of extensions. Though any implementer is allowed to define an extension, there is a set of requirements that SHALL be met as part of the definition of the extension. Applications processing a resource are required to check for modifier extensions.","comment":"There can be no stigma associated with the use of extensions by any application, project, or standard - regardless of the institution or jurisdiction that uses or defines the extensions.  The use of extensions is what allows the FHIR specification to retain a core level of simplicity for everyone.","alias":["extensions","user content"],"min":0,"max":"*","base":{"path":"DomainResource.modifierExtension","min":0,"max":"*"},"type":[{"code":"Extension"}],"isModifier":true,"mapping":[{"identity":"rim","map":"N/A"}]},{"id":"Basic:cimi-statement-ClinicalNote.identifier","path":"Basic.identifier","short":"Business identifier","definition":"Identifier assigned to the resource for business purposes, outside the context of FHIR.","min":0,"max":"*","type":[{"code":"Identifier"}],"isSummary":true,"mapping":[{"identity":"rim","map":"./identifier"},{"identity":"w5","map":"id"}]},{"id":"Basic:cimi-statement-ClinicalNote.code","path":"Basic.code","short":"Kind of Resource","definition":"Identifies the 'type' of resource - equivalent to the resource name for other resources.","comment":"Because resource references will only be able to indicate 'Basic', the type of reference will need to be specified in a Profile identified as part of the resource.  Refer to the resource notes section for information on appropriate terminologies for this code.\n\nThis element is labeled as a modifier because the it defines the meaning of the resource and cannot be ignored.","requirements":"Must be able to distinguish different types of Basic resources.","min":1,"max":"1","type":[{"code":"CodeableConcept"}],"patternCodeableConcept":{"coding":[{"system":"http://standardhealthrecord.org/fhir/basic-resource-type","code":"cimi-statement-ClinicalNote"}]},"isModifier":true,"isSummary":true,"binding":{"extension":[{"url":"http://hl7.org/fhir/StructureDefinition/elementdefinition-bindingName","valueString":"BasicResourceType"}],"strength":"example","description":"Codes for identifying types of resources not yet defined by FHIR","valueSetReference":{"reference":"http://hl7.org/fhir/ValueSet/basic-resource-type"}},"mapping":[{"identity":"rim","map":"./code"},{"identity":"w5","map":"what"}]},{"id":"Basic:cimi-statement-ClinicalNote.subject","path":"Basic.subject","short":"Identifies the focus of this resource","definition":"Identifies the patient, practitioner, device or any other resource that is the \"focus\" of this resource.","comment":"Optional as not all potential resources will have subjects.  Resources associated with multiple subjects can handle this via extension.","requirements":"Needed for partitioning the resource by Patient.","min":0,"max":"1","type":[{"code":"Reference","targetProfile":"http://hl7.org/fhir/StructureDefinition/Resource"}],"isSummary":true,"mapping":[{"identity":"rim","map":"./participation[typeCode='SBJ'] (possibly through a ControlAct and Role)"},{"identity":"w5","map":"who.focus"}]},{"id":"Basic:cimi-statement-ClinicalNote.created","path":"Basic.created","short":"When created","definition":"Identifies when the resource was first created.","requirements":"Allows ordering resource instances by time.","min":0,"max":"1","type":[{"code":"date"}],"isSummary":true,"mapping":[{"identity":"rim","map":"./participation[typeCode='AUT']/time (possibly through a ControlAct and Role)"},{"identity":"w5","map":"when.recorded"}]},{"id":"Basic:cimi-statement-ClinicalNote.author","path":"Basic.author","short":"Who created","definition":"Indicates who was responsible for creating the resource instance.","requirements":"Needed for partitioning the resource.","min":0,"max":"1","type":[{"code":"Reference","targetProfile":"http://hl7.org/fhir/StructureDefinition/Practitioner"},{"code":"Reference","targetProfile":"http://hl7.org/fhir/StructureDefinition/Patient"},{"code":"Reference","targetProfile":"http://hl7.org/fhir/StructureDefinition/RelatedPerson"}],"isSummary":true,"mapping":[{"identity":"rim","map":"./participation[typeCode='SUB'] (possibly through a ControlAct and Role)"},{"identity":"w5","map":"who.author"}]}]},"differential":{"element":[{"id":"Basic:cimi-statement-ClinicalNote","path":"Basic","short":"SHR ClinicalNote Profile","definition":"An entry concerning a patient where the result is a narrative text. Can be related to a specific Focus, such as a condition; and evidence and interpretation from FindingTopic."},{"id":"Basic:cimi-statement-ClinicalNote.extension:subjectofinformation","path":"Basic.extension","sliceName":"subjectofinformation","definition":"The person or thing that this entry relates to, usually the Person of Record (see Entry). However, not all entries have health information specifically about the patient, but in different contexts, could refer to a fetus, family member (living or dead), device, location, organization, behavior, finding, condition, wound, or intervention.\nCIMI alignment: SubjectOfInformation is not a Participation -- unlike CIMI. There's no action to participate in. Participant has extra unnecessary attributes, such as 'onBehalfOf'.","min":1,"max":"1","type":[{"code":"Extension","profile":"http://standardhealthrecord.org/fhir/StructureDefinition/cimi-core-SubjectOfInformation-extension"}]},{"id":"Basic:cimi-statement-ClinicalNote.extension:sourceofinformation","path":"Basic.extension","sliceName":"sourceofinformation","definition":"The person or entity that provided the information in the entry, e.g. the subject (patient), medical professional, family member, device or software program, as distinct from who recorded the entry.","min":0,"max":"1","type":[{"code":"Extension","profile":"http://standardhealthrecord.org/fhir/StructureDefinition/cimi-core-SourceOfInformation-extension"}]},{"id":"Basic:cimi-statement-ClinicalNote.extension:annotation","path":"Basic.extension","sliceName":"annotation","definition":"An added or follow-up note, often after the fact, that contains metadata about who made the statement and when.","min":0,"max":"*","type":[{"code":"Extension","profile":"http://standardhealthrecord.org/fhir/StructureDefinition/cimi-element-Annotation-extension"}]},{"id":"Basic:cimi-statement-ClinicalNote.extension:recordstatus","path":"Basic.extension","sliceName":"recordstatus","definition":"Concept indicating the state of this record, e.g., 'entered in error'.","min":0,"max":"1","type":[{"code":"Extension","profile":"http://standardhealthrecord.org/fhir/StructureDefinition/cimi-core-RecordStatus-extension"}]},{"id":"Basic:cimi-statement-ClinicalNote.extension:recorded","path":"Basic.extension","sliceName":"recorded","definition":"The person who entered the order on behalf of another individual for example in the case of a verbal or a telephone order.","min":0,"max":"1","type":[{"code":"Extension","profile":"http://standardhealthrecord.org/fhir/StructureDefinition/cimi-core-Recorded-extension"}]},{"id":"Basic:cimi-statement-ClinicalNote.extension:signed","path":"Basic.extension","sliceName":"signed","definition":"Provenance information specific to the signing of the clinical statement.","min":0,"max":"1","type":[{"code":"Extension","profile":"http://standardhealthrecord.org/fhir/StructureDefinition/cimi-core-Signed-extension"}]},{"id":"Basic:cimi-statement-ClinicalNote.extension:cosigned","path":"Basic.extension","sliceName":"cosigned","definition":"Provenance information specific to the cosigning of the clinical statement.","min":0,"max":"*","type":[{"code":"Extension","profile":"http://standardhealthrecord.org/fhir/StructureDefinition/cimi-core-Cosigned-extension"}]},{"id":"Basic:cimi-statement-ClinicalNote.extension:verified","path":"Basic.extension","sliceName":"verified","definition":"Provenance information specific to the verification process associated with this statement (e.g., verifier, when verified, etc.)","min":0,"max":"*","type":[{"code":"Extension","profile":"http://standardhealthrecord.org/fhir/StructureDefinition/cimi-core-Verified-extension"}]},{"id":"Basic:cimi-statement-ClinicalNote.extension:findingtopic","path":"Basic.extension","sliceName":"findingtopic","definition":"Base class - independent of context - for all kinds of determinations: questions/answers, conditions, observations, allergies, and other findings.\n\nThe subject of a finding can be the entire patient, or an entity such as a location body structure, intervention, or condition. Things observed about the subject can include social and behavioral factors, subjective and objective observations, and assessments.\n\nCIMI Alignment: In CIMI V0.0.4, FindingTopic has four attributes: result, description, multimedia, and intepretation. The model assumes the result of the finding, and interpretationof that result, are not part of the topic (the question), but part of the result (the answer), and therefore appears in the context (RecordedContext and PresenceContext).","min":1,"max":"1","type":[{"code":"Extension","profile":"http://standardhealthrecord.org/fhir/StructureDefinition/cimi-topic-FindingTopic-extension"}]},{"id":"Basic:cimi-statement-ClinicalNote.extension:recordedcontext","path":"Basic.extension","sliceName":"recordedcontext","definition":"Context for recording a finding, usually a Panel, used to indicate an evaluation has been made.\n\nFor example, measurement of blood pressure that has been made simply exists (although the value can be present or absent, accurate or inaccurate). The RecordedContext indicates the information presented stands on its own as presented. It can also apply to clinical notes.","min":1,"max":"1","type":[{"code":"Extension","profile":"http://standardhealthrecord.org/fhir/StructureDefinition/cimi-context-RecordedContext-extension"}]},{"id":"Basic:cimi-statement-ClinicalNote.code","path":"Basic.code","patternCodeableConcept":{"coding":[{"system":"http://standardhealthrecord.org/fhir/basic-resource-type","code":"cimi-statement-ClinicalNote"}]}}]}}