{"resourceType":"StructureDefinition","id":"shr-core-GeneralizedLikelihood-extension","text":{"status":"generated","div":"<div xmlns=\"http://www.w3.org/1999/xhtml\">\n  <p><b>SHR GeneralizedLikelihood Extension</b></p>\n  <p>Quantitative or qualitative measure of likelihood.</p>\n</div>"},"url":"http://standardhealthrecord.org/fhir/StructureDefinition/shr-core-GeneralizedLikelihood-extension","identifier":[{"system":"http://standardhealthrecord.org","value":"shr.core.GeneralizedLikelihood"}],"version":"0.0.1","name":"SHR GeneralizedLikelihood Extension","title":"SHR GeneralizedLikelihood Extension","status":"draft","date":"2017-05-09T18:19:21.994Z","publisher":"The MITRE Corporation: Standard Health Record Collaborative","contact":[{"telecom":[{"system":"url","value":"http://www.standardhealthrecord.org"}]}],"description":"Quantitative or qualitative measure of likelihood.","fhirVersion":"3.0.0","kind":"complex-type","abstract":false,"contextType":"resource","context":["*"],"type":"Extension","baseDefinition":"http://hl7.org/fhir/StructureDefinition/Extension","derivation":"constraint","snapshot":{"element":[{"id":"Extension:generalizedlikelihood","path":"Extension","short":"SHR GeneralizedLikelihood Extension","definition":"Quantitative or qualitative measure of likelihood.","min":0,"max":"*","base":{"path":"Extension","min":0,"max":"1"},"condition":["ele-1"],"constraint":[{"key":"ele-1","severity":"error","human":"All FHIR elements must have a @value or children","expression":"children().count() > id.count()","xpath":"@value|f:*|h:div","source":"Element"},{"key":"ext-1","severity":"error","human":"Must have either extensions or value[x], not both","expression":"extension.exists() != value.exists()","xpath":"exists(f:extension)!=exists(f:*[starts-with(local-name(.), 'value')])","source":"Extension"},{"key":"choice-1","severity":"error","human":"shr-core-GeneralizedLikelihood-extension SHALL have either extension('likelihood') or extension('qualitativelikelihood')","expression":"( extension('likelihood').url | extension('qualitativelikelihood').url ).distinct().count() == 1"}]},{"id":"Extension:generalizedlikelihood.id","path":"Extension.id","representation":["xmlAttr"],"short":"xml:id (or equivalent in JSON)","definition":"unique id for the element within a resource (for internal references). This may be any string value that does not contain spaces.","min":0,"max":"1","base":{"path":"Element.id","min":0,"max":"1"},"type":[{"code":"string"}],"mapping":[{"identity":"rim","map":"N/A"}]},{"id":"Extension:generalizedlikelihood.extension","path":"Extension.extension","slicing":{"id":"18","discriminator":[{"type":"value","path":"url"}],"ordered":false,"rules":"open"},"short":"Extension","definition":"An Extension","min":0,"max":"*","base":{"path":"Element.extension","min":0,"max":"*"},"type":[{"code":"Extension"}]},{"id":"Extension:generalizedlikelihood.extension:likelihood","path":"Extension.extension","sliceName":"likelihood","definition":"A measure of the expectation of the occurrence of a particular event, as a percentage.","min":0,"max":"1","base":{"path":"Extension.extension","min":0,"max":"1"},"type":[{"code":"Extension","profile":"http://standardhealthrecord.org/fhir/StructureDefinition/shr-core-Likelihood-extension"}],"isModifier":false,"mapping":[{"identity":"rim","map":"N/A"}]},{"id":"Extension:generalizedlikelihood.extension:qualitativelikelihood","path":"Extension.extension","sliceName":"qualitativelikelihood","definition":"A qualitative (subjective) likelihood.","min":0,"max":"1","base":{"path":"Extension.extension","min":0,"max":"1"},"type":[{"code":"Extension","profile":"http://standardhealthrecord.org/fhir/StructureDefinition/shr-core-QualitativeLikelihood-extension"}],"isModifier":false,"mapping":[{"identity":"rim","map":"N/A"}]},{"id":"Extension:generalizedlikelihood.url","path":"Extension.url","representation":["xmlAttr"],"short":"identifies the meaning of the extension","definition":"Source of the definition for the extension code - a logical name or a URL.","min":1,"max":"1","base":{"path":"Extension.url","min":1,"max":"1"},"type":[{"code":"uri"}],"fixedUri":"http://standardhealthrecord.org/fhir/StructureDefinition/shr-core-GeneralizedLikelihood-extension","mapping":[{"identity":"rim","map":"N/A"}]},{"id":"Extension:generalizedlikelihood.value[x]","path":"Extension.value[x]","short":"Value of extension","definition":"Value of extension - may be a resource or one of a constrained set of the data types (see Extensibility in the spec for list).","min":0,"max":"0","base":{"path":"Extension.value[x]","min":0,"max":"1"},"type":[{"code":"base64Binary"},{"code":"boolean"},{"code":"code"},{"code":"date"},{"code":"dateTime"},{"code":"decimal"},{"code":"id"},{"code":"instant"},{"code":"integer"},{"code":"markdown"},{"code":"oid"},{"code":"positiveInt"},{"code":"string"},{"code":"time"},{"code":"unsignedInt"},{"code":"uri"},{"code":"Address"},{"code":"Age"},{"code":"Annotation"},{"code":"Attachment"},{"code":"CodeableConcept"},{"code":"Coding"},{"code":"ContactPoint"},{"code":"Count"},{"code":"Distance"},{"code":"Duration"},{"code":"HumanName"},{"code":"Identifier"},{"code":"Money"},{"code":"Period"},{"code":"Quantity"},{"code":"Range"},{"code":"Ratio"},{"code":"Reference"},{"code":"SampledData"},{"code":"Signature"},{"code":"Timing"},{"code":"Meta"}],"mapping":[{"identity":"rim","map":"N/A"}]}]},"differential":{"element":[{"id":"Extension:generalizedlikelihood","path":"Extension","short":"SHR GeneralizedLikelihood Extension","definition":"Quantitative or qualitative measure of likelihood.","min":0,"max":"*","constraint":[{"key":"choice-1","severity":"error","human":"shr-core-GeneralizedLikelihood-extension SHALL have either extension('likelihood') or extension('qualitativelikelihood')","expression":"( extension('likelihood').url | extension('qualitativelikelihood').url ).distinct().count() == 1"}]},{"id":"Extension:generalizedlikelihood.extension:likelihood","path":"Extension.extension","sliceName":"likelihood","definition":"A measure of the expectation of the occurrence of a particular event, as a percentage.","min":0,"max":"1","type":[{"code":"Extension","profile":"http://standardhealthrecord.org/fhir/StructureDefinition/shr-core-Likelihood-extension"}]},{"id":"Extension:generalizedlikelihood.extension:qualitativelikelihood","path":"Extension.extension","sliceName":"qualitativelikelihood","definition":"A qualitative (subjective) likelihood.","min":0,"max":"1","type":[{"code":"Extension","profile":"http://standardhealthrecord.org/fhir/StructureDefinition/shr-core-QualitativeLikelihood-extension"}]},{"id":"Extension:generalizedlikelihood.url","path":"Extension.url","type":[{"code":"uri"}],"fixedUri":"http://standardhealthrecord.org/fhir/StructureDefinition/shr-core-GeneralizedLikelihood-extension"},{"id":"Extension:generalizedlikelihood.value[x]","path":"Extension.value[x]","min":0,"max":"0"}]}}