{"resourceType":"ValueSet","id":"shr-core-YesNoVS","text":{"status":"generated","div":"<div xmlns=\"http://www.w3.org/1999/xhtml\">\n<p><b>SHR YesNoVS ValueSet</b></p>\n<p>Code set indicating yes or no.</p>\n</div>"},"url":"http://standardhealthrecord.org/shr/core/vs/YesNoVS","identifier":[{"system":"http://standardhealthrecord.org","value":"shr.core.YesNoVS"}],"version":"0.1.0","name":"YesNoVS","title":"SHR YesNoVS ValueSet","status":"draft","date":"2018-08-22T00:00:00-04:00","publisher":"The MITRE Corporation: Standard Health Record Collaborative","contact":[{"telecom":[{"system":"url","value":"http://standardhealthrecord.org"}]}],"description":"Code set indicating yes or no.","compose":{"include":[{"system":"http://standardhealthrecord.org/shr/core/cs/YesNoCS","concept":[{"code":"yes","display":"Yes, or true"},{"code":"no","display":"No, or false"}]}]}}