{"resourceType":"ValueSet","id":"shr-core-SemiquantitativeFrequencyVS","text":{"status":"generated","div":"<div xmlns=\"http://www.w3.org/1999/xhtml\">\n<p><b>SHR SemiquantitativeFrequencyVS ValueSet</b></p>\n<p/>\n</div>"},"url":"http://standardhealthrecord.org/shr/core/vs/SemiquantitativeFrequencyVS","identifier":[{"system":"http://standardhealthrecord.org","value":"shr.core.SemiquantitativeFrequencyVS"}],"version":"0.1.0","name":"SemiquantitativeFrequencyVS","title":"SHR SemiquantitativeFrequencyVS ValueSet","status":"draft","date":"2018-08-22T00:00:00-04:00","publisher":"The MITRE Corporation: Standard Health Record Collaborative","contact":[{"telecom":[{"system":"url","value":"http://standardhealthrecord.org"}]}],"compose":{"include":[{"system":"http://standardhealthrecord.org/shr/core/cs/SemiquantitativeFrequencyCS","concept":[{"code":"never","display":"Never"},{"code":"less_than_yearly","display":"Less than yearly"},{"code":"yearly","display":"Yearly"},{"code":"mot_yearly","display":"More than once yearly"},{"code":"monthly","display":"Monthly"},{"code":"weekly","display":"Weekly"},{"code":"mto_weekly","display":"More than once weekly"},{"code":"daily","display":"Daily"},{"code":"mto_daily","display":"More than once daily"},{"code":"hourly","display":"Hourly"},{"code":"mto_hourly","display":"More than once hourly"},{"code":"minutely","display":"Every minute"},{"code":"continuously","display":"Continuously"}]}]}}