{"resourceType":"ValueSet","id":"shr-oncology-HER2StatusVS","text":{"status":"generated","div":"<div xmlns=\"http://www.w3.org/1999/xhtml\">\n<p><b>SHR HER2StatusVS ValueSet</b></p>\n<p>HER2 status overall result</p>\n</div>"},"url":"http://standardhealthrecord.org/shr/oncology/vs/HER2StatusVS","identifier":[{"system":"http://standardhealthrecord.org","value":"shr.oncology.HER2StatusVS"}],"version":"0.1.0","name":"HER2StatusVS","title":"SHR HER2StatusVS ValueSet","status":"draft","date":"2018-08-21T00:00:00-04:00","publisher":"The MITRE Corporation: Standard Health Record Collaborative","contact":[{"telecom":[{"system":"url","value":"http://standardhealthrecord.org"}]}],"description":"HER2 status overall result","compose":{"include":[{"system":"http://standardhealthrecord.org/shr/oncology/cs/HER2StatusCS","concept":[{"code":"not_amplified","display":"Negative/Not Amplified (IHC Score 0)"},{"code":"negative","display":"Negative (IHC Score 1+)"},{"code":"equivocal","display":"Equivocal (IHC Score 2+)"},{"code":"positive","display":"Positive/Amplified (IHC Score 3+)"}]}]}}