{"resourceType":"ValueSet","id":"shr-oncology-MorphologyBehaviorVS","text":{"status":"generated","div":"<div xmlns=\"http://www.w3.org/1999/xhtml\">\n<p><b>SHR MorphologyBehaviorVS ValueSet</b></p>\n<p>The morphologic behavior of the cancer. These are the suffix to the ICD-O-3 histologic type codes. Codes are presented as local codes due to the lack of a ICD-O-3 terminology server available to the FHIR IG publisher.</p>\n</div>"},"url":"http://standardhealthrecord.org/shr/oncology/vs/MorphologyBehaviorVS","identifier":[{"system":"http://standardhealthrecord.org","value":"shr.oncology.MorphologyBehaviorVS"}],"version":"0.1.0","name":"MorphologyBehaviorVS","title":"SHR MorphologyBehaviorVS ValueSet","status":"draft","date":"2018-08-22T00:00:00-04:00","publisher":"The MITRE Corporation: Standard Health Record Collaborative","contact":[{"telecom":[{"system":"url","value":"http://standardhealthrecord.org"}]}],"description":"The morphologic behavior of the cancer. These are the suffix to the ICD-O-3 histologic type codes. Codes are presented as local codes due to the lack of a ICD-O-3 terminology server available to the FHIR IG publisher.","compose":{"include":[{"system":"http://standardhealthrecord.org/shr/oncology/cs/MorphologyBehaviorCS","concept":[{"code":"0","display":"Benign"},{"code":"1","display":"Uncertain whether benign or malignant"},{"code":"2","display":"In situ"},{"code":"3","display":"Malignant, primary site"},{"code":"6","display":"Malignant, metastatic site"},{"code":"9","display":"Malignant, uncertain whether primary or metastatic site"}]}]}}