{"resourceType":"ValueSet","id":"shr-behavior-ReligiousPracticeStatusVS","text":{"status":"generated","div":"<div xmlns=\"http://www.w3.org/1999/xhtml\">\n<p><b>SHR ReligiousPracticeStatusVS ValueSet</b></p>\n<p/>\n</div>"},"url":"http://standardhealthrecord.org/shr/behavior/vs/ReligiousPracticeStatusVS","identifier":[{"system":"http://standardhealthrecord.org","value":"shr.behavior.ReligiousPracticeStatusVS"}],"version":"0.0.1","name":"SHR ReligiousPracticeStatusVS ValueSet","title":"SHR ReligiousPracticeStatusVS ValueSet","status":"draft","date":"2017-12-12","publisher":"The MITRE Corporation: Standard Health Record Collaborative","contact":[{"telecom":[{"system":"url","value":"http://standardhealthrecord.org"}]}],"compose":{"include":[{"system":"http://standardhealthrecord.org/shr/behavior/cs/ReligiousPracticeStatusCS","concept":[{"code":"practicing","display":"Active or observant, currently practicing the tenants of the religion"},{"code":"occasional","display":"Occasionally practicing, for example, on special holidays or occasions"},{"code":"non_practicing","display":"Not currently practicing"}]}]}}