{"resourceType":"ValueSet","id":"shr-sex-ContraceptiveMethodVS","text":{"status":"generated","div":"<div xmlns=\"http://www.w3.org/1999/xhtml\">\n<p><b>SHR ContraceptiveMethodVS ValueSet</b></p>\n<p/>\n</div>"},"url":"http://standardhealthrecord.org/shr/sex/vs/ContraceptiveMethodVS","identifier":[{"system":"http://standardhealthrecord.org","value":"shr.sex.ContraceptiveMethodVS"}],"version":"0.0.1","name":"SHR ContraceptiveMethodVS ValueSet","title":"SHR ContraceptiveMethodVS ValueSet","status":"draft","date":"2017-12-12","publisher":"The MITRE Corporation: Standard Health Record Collaborative","contact":[{"telecom":[{"system":"url","value":"http://standardhealthrecord.org"}]}],"compose":{"include":[{"system":"http://standardhealthrecord.org/shr/sex/cs/ContraceptiveMethodCS","concept":[{"code":"no_contraceptive","display":"Not using contraceptive"},{"code":"implant","display":"Implanted long-term contraceptive"},{"code":"iud","display":"Intrauterine device or system"},{"code":"sterilized_female","display":"Female sterilization, e.g., tubal ligation"},{"code":"sterilized_male","display":"Male sterilization, e.g., vasectomy"},{"code":"injectable","display":"Injectable contraceptive"},{"code":"lam","display":"Lactational amenorrhea method"},{"code":"oral","display":"Oral contraceptive"},{"code":"patch","display":"Contraceptive patch"},{"code":"ring","display":"Vaginal ring"},{"code":"condom_male","display":"Male condom"},{"code":"condom_female","display":"Female condom"},{"code":"fam","display":"Fertility awareness method aka natural family planning aka rhythm method"},{"code":"withdrawal","display":"Withdrawal method aka coitus interruptus"},{"code":"spermicide","display":"Use of spermicide."},{"code":"sponge","display":"Contraceptive sponge"},{"code":"partner","display":"Rely on partner to provide."},{"code":"emergency","display":"Emergency contraceptive, the 'morning after' pill."}]}]}}