{"resourceType":"ValueSet","id":"shr-oncology-NottinghamNullVS","text":{"status":"generated","div":"<div xmlns=\"http://www.w3.org/1999/xhtml\">\n<p><b>SHR NottinghamNullVS ValueSet</b></p>\n<p>Data absent reasons (null values) for Nottingham Combined Grade scores. Removes non-applicable values from the ExceptionValueVS, and adds values that align with LOINC normative answer list LL4561-8</p>\n</div>"},"url":"http://standardhealthrecord.org/shr/oncology/vs/NottinghamNullVS","identifier":[{"system":"http://standardhealthrecord.org","value":"shr.oncology.NottinghamNullVS"}],"version":"0.1.0","name":"NottinghamNullVS","title":"SHR NottinghamNullVS ValueSet","status":"draft","date":"2018-08-21T00:00:00-04:00","publisher":"The MITRE Corporation: Standard Health Record Collaborative","contact":[{"telecom":[{"system":"url","value":"http://standardhealthrecord.org"}]}],"description":"Data absent reasons (null values) for Nottingham Combined Grade scores. Removes non-applicable values from the ExceptionValueVS, and adds values that align with LOINC normative answer list LL4561-8","compose":{"include":[{"system":"http://loinc.org","concept":[{"code":"LA27219-7","display":"Only microinvasion present (not graded)"},{"code":"LA27220-5","display":"No residual invasive carcinoma after presurgical (neoadjuvant) therapy"}]},{"system":"http://standardhealthrecord.org/shr/oncology/cs/NottinghamNullCS","concept":[{"code":"missing_indeterminate","display":"The value cannot be determined, for some unspecified reason."}]}]}}