{"resourceType":"ValueSet","id":"shr-skin-SupportSurfaceBodyPositionVS","meta":{"profile":["http://hl7.org/fhir/StructureDefinition/valueset-shareable-definition"]},"text":{"status":"generated","div":"<div xmlns=\"http://www.w3.org/1999/xhtml\">\n<p><b>SHR SupportSurfaceBodyPositionVS ValueSet</b></p>\n<p/>\n</div>"},"url":"http://standardhealthrecord.org/shr/skin/vs/SupportSurfaceBodyPositionVS","identifier":[{"system":"http://standardhealthrecord.org","value":"shr.skin.SupportSurfaceBodyPositionVS"}],"version":"0.0.1","name":"SHR SupportSurfaceBodyPositionVS ValueSet","title":"SHR SupportSurfaceBodyPositionVS ValueSet","status":"draft","date":"2017-05-09T18:19:21.856Z","publisher":"The MITRE Corporation: Standard Health Record Collaborative","contact":[{"telecom":[{"system":"url","value":"http://www.standardhealthrecord.org"}]}],"compose":{"include":[{"system":"http://standardhealthrecord.org/shr/skin/cs/SupportSurfaceBodyPositionCS","concept":[{"code":"sitting","display":"Sitting"},{"code":"lying","display":"Lying"}]}]}}