{"resourceType":"ValueSet","id":"shr-allergy-AllergyVerificationStatusVS","meta":{"profile":["http://hl7.org/fhir/StructureDefinition/valueset-shareable-definition"]},"text":{"status":"generated","div":"<div xmlns=\"http://www.w3.org/1999/xhtml\">\n<p><b>SHR AllergyVerificationStatusVS ValueSet</b></p>\n<p>Whether the allergy has been verified or not. Intentionally a subset of the codes in FHIR, since refuted would be reflected by correcting the 'elevated risk' element, and records entered in error are not included in SHR.</p>\n</div>"},"url":"http://standardhealthrecord.org/shr/allergy/vs/AllergyVerificationStatusVS","identifier":[{"system":"http://standardhealthrecord.org","value":"shr.allergy.AllergyVerificationStatusVS"}],"version":"0.0.1","name":"SHR AllergyVerificationStatusVS ValueSet","title":"SHR AllergyVerificationStatusVS ValueSet","status":"draft","date":"2017-08-08T15:56:20.404Z","publisher":"The MITRE Corporation: Standard Health Record Collaborative","contact":[{"telecom":[{"system":"url","value":"http://www.standardhealthrecord.org"}]}],"description":"Whether the allergy has been verified or not. Intentionally a subset of the codes in FHIR, since refuted would be reflected by correcting the 'elevated risk' element, and records entered in error are not included in SHR.","compose":{"include":[{"system":"http://hl7.org/fhir/allergy-verification-status","concept":[{"code":"confirmed","display":"Confirmed"},{"code":"unconfirmed","display":"Unconfirmed"}]}]}}