{"resourceType":"ValueSet","id":"shr-core-UpperBoundTypeVS","meta":{"profile":["http://hl7.org/fhir/StructureDefinition/valueset-shareable-definition"]},"text":{"status":"generated","div":"<div xmlns=\"http://www.w3.org/1999/xhtml\">\n<p><b>SHR UpperBoundTypeVS ValueSet</b></p>\n<p/>\n</div>"},"url":"http://standardhealthrecord.org/shr/core/vs/UpperBoundTypeVS","identifier":[{"system":"http://standardhealthrecord.org","value":"shr.core.UpperBoundTypeVS"}],"version":"0.0.1","name":"SHR UpperBoundTypeVS ValueSet","title":"SHR UpperBoundTypeVS ValueSet","status":"draft","date":"2017-04-18T15:12:20.488Z","publisher":"The MITRE Corporation: Standard Health Record Collaborative","contact":[{"telecom":[{"system":"url","value":"http://www.standardhealthrecord.org"}]}],"compose":{"include":[{"system":"http://hl7.org/fhir/quantity-comparator","concept":[{"code":"<","display":"The actual value is less than the given value."},{"code":"<=","display":"The actual value is less than or equal to the given value."}]}]}}