{"resourceType":"ValueSet","id":"shr-allergy-FoodSubstanceVS","meta":{"profile":["http://hl7.org/fhir/StructureDefinition/valueset-shareable-definition"]},"text":{"status":"generated","div":"<div xmlns=\"http://www.w3.org/1999/xhtml\">\n<p><b>SHR FoodSubstanceVS ValueSet</b></p>\n<p/>\n</div>"},"url":"http://standardhealthrecord.org/shr/allergy/vs/FoodSubstanceVS","identifier":[{"system":"http://standardhealthrecord.org","value":"shr.allergy.FoodSubstanceVS"}],"version":"0.0.1","name":"SHR FoodSubstanceVS ValueSet","title":"SHR FoodSubstanceVS ValueSet","status":"draft","date":"2017-05-09T18:19:21.850Z","publisher":"The MITRE Corporation: Standard Health Record Collaborative","contact":[{"telecom":[{"system":"url","value":"http://www.standardhealthrecord.org"}]}]}