{"resourceType":"ValueSet","id":"shr-base-ProposedStatusVS","text":{"status":"generated","div":"<div xmlns=\"http://www.w3.org/1999/xhtml\">\n<p><b>SHR ProposedStatusVS ValueSet</b></p>\n<p>The status of a proposal.</p>\n</div>"},"url":"http://standardhealthrecord.org/shr/base/vs/ProposedStatusVS","identifier":[{"system":"http://standardhealthrecord.org","value":"shr.base.ProposedStatusVS"}],"version":"0.0.1","name":"SHR ProposedStatusVS ValueSet","title":"SHR ProposedStatusVS ValueSet","status":"draft","date":"2017-12-12","publisher":"The MITRE Corporation: Standard Health Record Collaborative","contact":[{"telecom":[{"system":"url","value":"http://standardhealthrecord.org"}]}],"description":"The status of a proposal.","compose":{"include":[{"system":"http://standardhealthrecord.org/shr/base/cs/ProposedStatusCS","concept":[{"code":"proposed","display":"The proposal has been proposed, but not accepted or rejected."},{"code":"accepted","display":"The proposal was accepted."},{"code":"rejected","display":"The proposal was rejected"}]}]}}