{
  "resourceType": "ValueSet",
  "id": "shr-environment-ResourceStabilityVS",
  "meta": {
    "profile": [
      "http://hl7.org/fhir/StructureDefinition/valueset-shareable-definition"
    ]
  },
  "text": {
    "status": "generated",
    "div": "<div xmlns=\"http://www.w3.org/1999/xhtml\">\n<p><b>SHR ResourceStabilityVS ValueSet</b></p>\n<p></p>\n</div>"
  },
  "url": "http://standardhealthrecord.org/fhir/ValueSet/shr-environment-ResourceStabilityVS",
  "identifier": [
    {
      "system": "http://standardhealthrecord.org",
      "value": "shr.environment.ResourceStabilityVS"
    }
  ],
  "name": "SHR ResourceStabilityVS ValueSet",
  "title": "SHR ResourceStabilityVS ValueSet",
  "status": "draft",
  "publisher": "The MITRE Corporation: Standard Health Record Collaborative",
  "contact": [
    {
      "telecom": [
        {
          "system": "url",
          "value": "http://www.standardhealthrecord.org"
        }
      ]
    }
  ],
  "date": "2017-02-23T21:26:39.107Z",
  "compose": {
    "include": [
      {
        "system": "http://standardhealthrecord.org/fhir/CodeSystem/shr-environment-ResourceStabilityVS",
        "concept": [
          {
            "code": "stable",
            "display": "Not at risk or minimal risk of losing the resource (or a significant portion of the resource)"
          },
          {
            "code": "at_risk",
            "display": "Some risk of losing the resource (or a significant portion of the resource)"
          },
          {
            "code": "imminent_risk",
            "display": "Imminent risk of loss of the resource (or a significant portion of the resource)"
          },
          {
            "code": "recent_loss",
            "display": "Recent loss of the resource (or a significant portion of the resource)"
          }
        ]
      }
    ]
  }
}