{"resourceType":"ValueSet","id":"shr-skin-SupportSurfaceComponentVS","text":{"status":"generated","div":"<div xmlns=\"http://www.w3.org/1999/xhtml\">\n<p><b>SHR SupportSurfaceComponentVS ValueSet</b></p>\n<p/>\n</div>"},"url":"http://standardhealthrecord.org/shr/skin/vs/SupportSurfaceComponentVS","identifier":[{"system":"http://standardhealthrecord.org","value":"shr.skin.SupportSurfaceComponentVS"}],"version":"0.0.1","name":"SHR SupportSurfaceComponentVS ValueSet","title":"SHR SupportSurfaceComponentVS ValueSet","status":"draft","date":"2017-12-20","publisher":"The MITRE Corporation: Standard Health Record Collaborative","contact":[{"telecom":[{"system":"url","value":"http://standardhealthrecord.org"}]}],"compose":{"include":[{"system":"http://standardhealthrecord.org/shr/skin/cs/SupportSurfaceComponentCS","concept":[{"code":"air","display":"Air"},{"code":"cell","display":"Cell or bladder"},{"code":"viscoelastic","display":"Viscoelastic foam"},{"code":"elastic","display":"Elastic foam"},{"code":"closed_cell","display":"Closed cell foam"},{"code":"open_cell","display":"Open cell foam"},{"code":"gel","display":"gel"},{"code":"pad","display":"pad"},{"code":"viscous","display":"Viscous fluid"},{"code":"elastomer","display":"Elastomer"},{"code":"solid","display":"Solid surface"},{"code":"water","display":"Water"}]}]}}