{"resourceType":"ValueSet","id":"shr-adverse-ToxicReactionVS","text":{"status":"generated","div":"<div xmlns=\"http://www.w3.org/1999/xhtml\">\n<p><b>SHR ToxicReactionVS ValueSet</b></p>\n<p/>\n</div>"},"url":"http://standardhealthrecord.org/shr/adverse/vs/ToxicReactionVS","identifier":[{"system":"http://standardhealthrecord.org","value":"shr.adverse.ToxicReactionVS"}],"version":"0.0.1","name":"SHR ToxicReactionVS ValueSet","title":"SHR ToxicReactionVS ValueSet","status":"draft","date":"2017-12-12","publisher":"The MITRE Corporation: Standard Health Record Collaborative","contact":[{"telecom":[{"system":"url","value":"http://standardhealthrecord.org"}]}],"compose":{"include":[{"system":"http://ncimeta.nci.nih.gov","concept":[{"code":"C1519275","display":"Severe Adverse Event. Daily activity is markedly reduced; some assistance usually required; medical intervention/therapy required, hospitalization or hospice care possible."},{"code":"C1517874","display":"Potentially Life-Threatening Adverse Event. Extreme limitation to daily activity, significant assistance required; significant medical intervention/therapy, hospitalization or hospice care very likely."},{"code":"C1559081","display":"Fatal Adverse Event. Adverse event associated with death"}]}]}}