{"resourceType":"ValueSet","id":"shr-actor-HealthcareRoleVS","meta":{"profile":["http://hl7.org/fhir/StructureDefinition/valueset-shareable-definition"]},"text":{"status":"generated","div":"<div xmlns=\"http://www.w3.org/1999/xhtml\">\n<p><b>SHR HealthcareRoleVS ValueSet</b></p>\n<p/>\n</div>"},"url":"http://standardhealthrecord.org/shr/actor/vs/HealthcareRoleVS","identifier":[{"system":"http://standardhealthrecord.org","value":"shr.actor.HealthcareRoleVS"}],"version":"0.0.1","name":"SHR HealthcareRoleVS ValueSet","title":"SHR HealthcareRoleVS ValueSet","status":"draft","date":"2017-08-08T15:56:20.403Z","publisher":"The MITRE Corporation: Standard Health Record Collaborative","contact":[{"telecom":[{"system":"url","value":"http://www.standardhealthrecord.org"}]}],"compose":{"include":[{"system":"http://ncimeta.nci.nih.gov","concept":[{"code":"C0079382","display":"Friend"},{"code":"C0008935","display":"Clergy"},{"code":"C0037444","display":"Social worker"},{"code":"C0687694","display":"Case manager"},{"code":"C0086530","display":"Lawyer"},{"code":"C0023226","display":"Legal guardian"},{"code":"C0337468","display":"Foster parent"},{"code":"C0030697","display":"Patient ombudsman"},{"code":"C2348942","display":"Payer"},{"code":"C0040757","display":"Transportation provider"},{"code":"C0204977","display":"Provider of home care"},{"code":"C0508797","display":"Medication assistance"},{"code":"C0871042","display":"Parole officer"},{"code":"C0042799","display":"Visting nurse"},{"code":"C1552023","display":"Emergency contact"}]}]}}