{"resourceType":"ValueSet","id":"shr-behavior-SleepQualityCauseVS","text":{"status":"generated","div":"<div xmlns=\"http://www.w3.org/1999/xhtml\">\n<p><b>SHR SleepQualityCauseVS ValueSet</b></p>\n<p/>\n</div>"},"url":"http://standardhealthrecord.org/shr/behavior/vs/SleepQualityCauseVS","identifier":[{"system":"http://standardhealthrecord.org","value":"shr.behavior.SleepQualityCauseVS"}],"version":"0.0.1","name":"SHR SleepQualityCauseVS ValueSet","title":"SHR SleepQualityCauseVS ValueSet","status":"draft","date":"2018-02-27","publisher":"The MITRE Corporation: Standard Health Record Collaborative","contact":[{"telecom":[{"system":"url","value":"http://standardhealthrecord.org"}]}],"compose":{"include":[{"system":"http://standardhealthrecord.org/shr/behavior/cs/SleepQualityCauseCS","concept":[{"code":"sleep_location","display":"Where you sleep (e.g. noisy or uncomfortable environment)"},{"code":"shift","display":"Shift work"},{"code":"partner_snoring","display":"Partner snoring"},{"code":"partner","display":"Disturbed by partner snoring or moving"},{"code":"no_time","display":"Not enough time to sleep enough"},{"code":"breathing","display":"Trouble breathing, snoring, waking up gasping for breath"},{"code":"worries","display":"Thoughts and worries, anxiety"},{"code":"nightmares","display":"Disturbing dreams"},{"code":"restless_legs","display":"Restless legs"},{"code":"pain","display":"Pain"},{"code":"not_sleepy","display":"Not sleepy at the appropriate time"}]}]}}