{"resourceType":"ValueSet","id":"shr-device-RespiratoryRateSettingVS","text":{"status":"generated","div":"<div xmlns=\"http://www.w3.org/1999/xhtml\">\n<p><b>SHR RespiratoryRateSettingVS ValueSet</b></p>\n<p/>\n</div>"},"url":"http://standardhealthrecord.org/shr/device/vs/RespiratoryRateSettingVS","identifier":[{"system":"http://standardhealthrecord.org","value":"shr.device.RespiratoryRateSettingVS"}],"version":"0.0.1","name":"SHR RespiratoryRateSettingVS ValueSet","title":"SHR RespiratoryRateSettingVS ValueSet","status":"draft","date":"2018-02-27","publisher":"The MITRE Corporation: Standard Health Record Collaborative","contact":[{"telecom":[{"system":"url","value":"http://standardhealthrecord.org"}]}],"compose":{"include":[{"system":"http://standardhealthrecord.org/shr/device/cs/RespiratoryRateSettingCS","concept":[{"code":"set_min_alarm","display":"minimum alarm"},{"code":"set_min","display":"minimum"},{"code":"set_max","display":"maximum"},{"code":"set_max_alarm","display":"maximum alarm"},{"code":"set_target","display":"target setting"},{"code":"set_sigh","display":"Sigh rate setting LOINC#19838-2"}]}]}}