{"resourceType":"ValueSet","id":"shr-problem-GradeOrStageVS","meta":{"profile":["http://hl7.org/fhir/StructureDefinition/valueset-shareable-definition"]},"text":{"status":"generated","div":"<div xmlns=\"http://www.w3.org/1999/xhtml\">\n<p><b>SHR GradeOrStageVS ValueSet</b></p>\n<p/>\n</div>"},"url":"http://standardhealthrecord.org/shr/problem/vs/GradeOrStageVS","identifier":[{"system":"http://standardhealthrecord.org","value":"shr.problem.GradeOrStageVS"}],"version":"0.0.1","name":"SHR GradeOrStageVS ValueSet","title":"SHR GradeOrStageVS ValueSet","status":"draft","date":"2017-05-10T18:00:13.096Z","publisher":"The MITRE Corporation: Standard Health Record Collaborative","contact":[{"telecom":[{"system":"url","value":"http://www.standardhealthrecord.org"}]}],"compose":{"include":[{"system":"http://standardhealthrecord.org/shr/problem/cs/GradeOrStageCS","concept":[{"code":"grade_1","display":"Mild"},{"code":"grade_2","display":"Moderate"},{"code":"grade_3","display":"Severe"},{"code":"grade_4","display":"Life-threatening or disabling"},{"code":"grade_5","display":"Death"}]}]}}