{"resourceType":"ValueSet","id":"shr-adverse-MedDRAVS","meta":{"profile":["http://hl7.org/fhir/StructureDefinition/valueset-shareable-definition"]},"text":{"status":"generated","div":"<div xmlns=\"http://www.w3.org/1999/xhtml\">\n<p><b>SHR MedDRAVS ValueSet</b></p>\n<p/>\n</div>"},"url":"http://standardhealthrecord.org/shr/adverse/vs/MedDRAVS","identifier":[{"system":"http://standardhealthrecord.org","value":"shr.adverse.MedDRAVS"}],"version":"0.0.1","name":"SHR MedDRAVS ValueSet","title":"SHR MedDRAVS ValueSet","status":"draft","date":"2017-05-09T18:19:21.850Z","publisher":"The MITRE Corporation: Standard Health Record Collaborative","contact":[{"telecom":[{"system":"url","value":"http://www.standardhealthrecord.org"}]}],"compose":{"include":[{"system":"http://www.meddra.org"}]}}