{"resourceType":"ValueSet","id":"shr-oncology-SubjectiveProgressionVS","meta":{"profile":["http://hl7.org/fhir/StructureDefinition/valueset-shareable-definition"]},"text":{"status":"generated","div":"<div xmlns=\"http://www.w3.org/1999/xhtml\">\n<p><b>SHR SubjectiveProgressionVS ValueSet</b></p>\n<p/>\n</div>"},"url":"http://standardhealthrecord.org/shr/oncology/vs/SubjectiveProgressionVS","identifier":[{"system":"http://standardhealthrecord.org","value":"shr.oncology.SubjectiveProgressionVS"}],"version":"0.0.1","name":"SHR SubjectiveProgressionVS ValueSet","title":"SHR SubjectiveProgressionVS ValueSet","status":"draft","date":"2017-08-08T15:56:20.409Z","publisher":"The MITRE Corporation: Standard Health Record Collaborative","contact":[{"telecom":[{"system":"url","value":"http://www.standardhealthrecord.org"}]}],"compose":{"include":[{"system":"http://ncimeta.nci.nih.gov","concept":[{"code":"C0677874","display":"Complete response or remission; no measurable or observable evidence of cancer."},{"code":"C0015250","display":"Complete resection/excision of cancerous tumor"},{"code":"C1272745","display":"Improving, responding to treatment"},{"code":"C0205360","display":"Stable, neither improving nor worsening"},{"code":"C1546960","display":"Worsening, disease progressing"},{"code":"C3858734","display":"Insufficient evidence"}]}]}}