{"resourceType":"ValueSet","id":"shr-behavior-SubstanceAbuseTreatmentTypeVS","meta":{"profile":["http://hl7.org/fhir/StructureDefinition/valueset-shareable-definition"]},"text":{"status":"generated","div":"<div xmlns=\"http://www.w3.org/1999/xhtml\">\n<p><b>SHR SubstanceAbuseTreatmentTypeVS ValueSet</b></p>\n<p/>\n</div>"},"url":"http://standardhealthrecord.org/shr/behavior/vs/SubstanceAbuseTreatmentTypeVS","identifier":[{"system":"http://standardhealthrecord.org","value":"shr.behavior.SubstanceAbuseTreatmentTypeVS"}],"version":"0.0.1","name":"SHR SubstanceAbuseTreatmentTypeVS ValueSet","title":"SHR SubstanceAbuseTreatmentTypeVS ValueSet","status":"draft","date":"2017-05-09T18:19:21.851Z","publisher":"The MITRE Corporation: Standard Health Record Collaborative","contact":[{"telecom":[{"system":"url","value":"http://www.standardhealthrecord.org"}]}],"compose":{"include":[{"system":"http://standardhealthrecord.org/shr/behavior/cs/SubstanceAbuseTreatmentTypeCS","concept":[{"code":"day_treatment","display":"Day Treatment Services"},{"code":"inpatient","display":"Inpatient/Hospital"},{"code":"inpatient_detox","display":"Hospital Inpatient Detoxification Services"},{"code":"ambulatory","display":"Outpatient services"},{"code":"ambulatory_detox","display":"Ambulatory Detoxification Services"},{"code":"outreach","display":"Outreach Services"},{"code":"intensive_outpatient","display":"Intensive Outpatient Services"},{"code":"methadone_treatment","display":"Methadone Treatment Services"},{"code":"residental_rehab","display":"Residential/Rehabilitation Services"},{"code":"after_care","display":"After Care Services"},{"code":"recovery_support","display":"Recovery Support Services"}]}]}}