<?xml version="1.0" encoding="UTF-8"?>

<CodeSystem xmlns="http://hl7.org/fhir">
  <id value="shr-vital-BodyTemperatureQualifierCS"/>
  <meta>
    <profile value="http://hl7.org/fhir/StructureDefinition/codesystem-shareable-definition"/>
  </meta>
  <text>
    <status value="generated"/><div xmlns="http://www.w3.org/1999/xhtml">
<p><b>SHR BodyTemperatureQualifierCS CodeSystem</b></p>
<p/>
</div>
  </text>
  <url value="http://standardhealthrecord.org/shr/vital/cs/BodyTemperatureQualifierCS"/>
  <identifier>
    <system value="http://standardhealthrecord.org"/>
    <value value="shr.vital.BodyTemperatureQualifierCS"/>
  </identifier>
  <version value="0.0.1"/>
  <name value="SHR BodyTemperatureQualifierCS CodeSystem"/>
  <title value="SHR BodyTemperatureQualifierCS CodeSystem"/>
  <status value="draft"/>
  <date value="2017-08-08T15:56:20.403Z"/>
  <publisher value="The MITRE Corporation: Standard Health Record Collaborative"/>
  <contact>
    <telecom>
      <system value="url"/>
      <value value="http://www.standardhealthrecord.org"/>
    </telecom>
  </contact>
  <caseSensitive value="true"/>
  <content value="complete"/>
  <count value="1"/>
  <concept>
    <code value="max_illness"/>
    <display value="Maximum temperature during an illness"/>
    <definition value="Maximum temperature during an illness"/>
  </concept>
</CodeSystem>