<?xml version="1.0" encoding="UTF-8"?>

<CodeSystem xmlns="http://hl7.org/fhir">
  <id value="shr-device-RespiratoryRateSettingCS"/>
  <meta>
    <profile value="http://hl7.org/fhir/StructureDefinition/codesystem-shareable-definition"/>
  </meta>
  <text>
    <status value="generated"/><div xmlns="http://www.w3.org/1999/xhtml">
<p><b>SHR RespiratoryRateSettingCS CodeSystem</b></p>
<p/>
</div>
  </text>
  <url value="http://standardhealthrecord.org/shr/device/cs/RespiratoryRateSettingCS"/>
  <identifier>
    <system value="http://standardhealthrecord.org"/>
    <value value="shr.device.RespiratoryRateSettingCS"/>
  </identifier>
  <version value="0.0.1"/>
  <name value="SHR RespiratoryRateSettingCS CodeSystem"/>
  <title value="SHR RespiratoryRateSettingCS CodeSystem"/>
  <status value="draft"/>
  <date value="2017-05-10T18:00:13.088Z"/>
  <publisher value="The MITRE Corporation: Standard Health Record Collaborative"/>
  <contact>
    <telecom>
      <system value="url"/>
      <value value="http://www.standardhealthrecord.org"/>
    </telecom>
  </contact>
  <caseSensitive value="true"/>
  <content value="complete"/>
  <count value="6"/>
  <concept>
    <code value="set_min_alarm"/>
    <display value="minimum alarm"/>
    <definition value="minimum alarm"/>
  </concept>
  <concept>
    <code value="set_min"/>
    <display value="minimum"/>
    <definition value="minimum"/>
  </concept>
  <concept>
    <code value="set_max"/>
    <display value="maximum"/>
    <definition value="maximum"/>
  </concept>
  <concept>
    <code value="set_max_alarm"/>
    <display value="maximum alarm"/>
    <definition value="maximum alarm"/>
  </concept>
  <concept>
    <code value="set_target"/>
    <display value="target setting"/>
    <definition value="target setting"/>
  </concept>
  <concept>
    <code value="set_sigh"/>
    <display value="Sigh rate setting LOINC#19838-2"/>
    <definition value="Sigh rate setting LOINC#19838-2"/>
  </concept>
</CodeSystem>