<?xml version="1.0" encoding="UTF-8"?>

<CodeSystem xmlns="http://hl7.org/fhir">
  <id value="shr-vital-BloodPressureMethodCS"/>
  <text>
    <status value="generated"/><div xmlns="http://www.w3.org/1999/xhtml">
<p><b>SHR BloodPressureMethodCS CodeSystem</b></p>
<p>The method used to measure blood pressure.</p>
</div>
  </text>
  <url value="http://standardhealthrecord.org/shr/vital/cs/BloodPressureMethodCS"/>
  <identifier>
    <system value="http://standardhealthrecord.org"/>
    <value value="shr.vital.BloodPressureMethodCS"/>
  </identifier>
  <version value="0.0.1"/>
  <name value="SHR BloodPressureMethodCS CodeSystem"/>
  <title value="SHR BloodPressureMethodCS CodeSystem"/>
  <status value="draft"/>
  <date value="2017-12-12"/>
  <publisher value="The MITRE Corporation: Standard Health Record Collaborative"/>
  <contact>
    <telecom>
      <system value="url"/>
      <value value="http://standardhealthrecord.org"/>
    </telecom>
  </contact>
  <description value="The method used to measure blood pressure."/>
  <caseSensitive value="true"/>
  <content value="complete"/>
  <count value="4"/>
  <concept>
    <code value="cuff_manual"/>
    <display value="Cuff method, manual"/>
    <definition value="Cuff method, manual"/>
  </concept>
  <concept>
    <code value="cuff_auto"/>
    <display value="Cuff method, automatic"/>
    <definition value="Cuff method, automatic"/>
  </concept>
  <concept>
    <code value="intravascular"/>
    <display value="Intravascular method"/>
    <definition value="Intravascular method"/>
  </concept>
  <concept>
    <code value="continuous"/>
    <display value="Continuous non-invasive monitoring"/>
    <definition value="Continuous non-invasive monitoring"/>
  </concept>
</CodeSystem>