<?xml version="1.0" encoding="UTF-8"?>

<CodeSystem xmlns="http://hl7.org/fhir">
  <id value="shr-vital-HeartRateQualifierCS"/>
  <meta>
    <profile value="http://hl7.org/fhir/StructureDefinition/codesystem-shareable-definition"/>
  </meta>
  <text>
    <status value="generated"/><div xmlns="http://www.w3.org/1999/xhtml">
<p><b>SHR HeartRateQualifierCS CodeSystem</b></p>
<p>Details of a heart rate measurement.</p>
</div>
  </text>
  <url value="http://standardhealthrecord.org/shr/vital/cs/HeartRateQualifierCS"/>
  <identifier>
    <system value="http://standardhealthrecord.org"/>
    <value value="shr.vital.HeartRateQualifierCS"/>
  </identifier>
  <version value="0.0.1"/>
  <name value="SHR HeartRateQualifierCS CodeSystem"/>
  <title value="SHR HeartRateQualifierCS CodeSystem"/>
  <status value="draft"/>
  <date value="2017-08-08T15:56:20.403Z"/>
  <publisher value="The MITRE Corporation: Standard Health Record Collaborative"/>
  <contact>
    <telecom>
      <system value="url"/>
      <value value="http://www.standardhealthrecord.org"/>
    </telecom>
  </contact>
  <description value="Details of a heart rate measurement."/>
  <caseSensitive value="true"/>
  <content value="complete"/>
  <count value="5"/>
  <concept>
    <code value="rest"/>
    <display value="resting or pre-exercise"/>
    <definition value="resting or pre-exercise"/>
  </concept>
  <concept>
    <code value="post_exercise"/>
    <display value="post exercise"/>
    <definition value="post exercise"/>
  </concept>
  <concept>
    <code value="apgar_1"/>
    <display value="1 minute Apgar heart rate"/>
    <definition value="1 minute Apgar heart rate"/>
  </concept>
  <concept>
    <code value="apgar_5"/>
    <display value="5 minute Apgar heart rate"/>
    <definition value="5 minute Apgar heart rate"/>
  </concept>
  <concept>
    <code value="apgar_10"/>
    <display value="10 minute Apgar heart rate"/>
    <definition value="10 minute Apgar heart rate"/>
  </concept>
</CodeSystem>