<?xml version="1.0" encoding="UTF-8"?>

<CodeSystem xmlns="http://hl7.org/fhir">
  <id value="shr-core-QualitativeValueScaleCS"/>
  <meta>
    <profile value="http://hl7.org/fhir/StructureDefinition/codesystem-shareable-definition"/>
  </meta>
  <text>
    <status value="generated"/><div xmlns="http://www.w3.org/1999/xhtml">
<p><b>SHR QualitativeValueScaleCS CodeSystem</b></p>
<p/>
</div>
  </text>
  <url value="http://standardhealthrecord.org/shr/core/cs/QualitativeValueScaleCS"/>
  <identifier>
    <system value="http://standardhealthrecord.org"/>
    <value value="shr.core.QualitativeValueScaleCS"/>
  </identifier>
  <version value="0.0.1"/>
  <name value="SHR QualitativeValueScaleCS CodeSystem"/>
  <title value="SHR QualitativeValueScaleCS CodeSystem"/>
  <status value="draft"/>
  <date value="2017-05-10T18:00:13.087Z"/>
  <publisher value="The MITRE Corporation: Standard Health Record Collaborative"/>
  <contact>
    <telecom>
      <system value="url"/>
      <value value="http://www.standardhealthrecord.org"/>
    </telecom>
  </contact>
  <caseSensitive value="true"/>
  <content value="complete"/>
  <count value="5"/>
  <concept>
    <code value="very_high"/>
    <display value="Very high"/>
    <definition value="Very high"/>
  </concept>
  <concept>
    <code value="high"/>
    <display value="High"/>
    <definition value="High"/>
  </concept>
  <concept>
    <code value="moderate"/>
    <display value="Moderate"/>
    <definition value="Moderate"/>
  </concept>
  <concept>
    <code value="low"/>
    <display value="Low"/>
    <definition value="Low"/>
  </concept>
  <concept>
    <code value="very_low"/>
    <display value="Very low"/>
    <definition value="Very low"/>
  </concept>
</CodeSystem>