{
  "resourceType": "CodeSystem",
  "id": "shr-skin-SupportSurfaceCategoryCS",
  "meta": {
    "profile": [
      "http://hl7.org/fhir/StructureDefinition/codesystem-shareable-definition"
    ]
  },
  "text": {
    "status": "generated",
    "div": "<div xmlns=\"http://www.w3.org/1999/xhtml\">\n<p><b>SHR SupportSurfaceCategoryCS CodeSystem</b></p>\n<p/>\n</div>"
  },
  "url": "http://standardhealthrecord.org/shr/skin/cs/SupportSurfaceCategoryCS",
  "identifier": {
    "system": "http://standardhealthrecord.org",
    "value": "shr.skin.SupportSurfaceCategoryCS"
  },
  "version": "0.0.1",
  "name": "SHR SupportSurfaceCategoryCS CodeSystem",
  "title": "SHR SupportSurfaceCategoryCS CodeSystem",
  "status": "draft",
  "date": "2017-05-09T18:19:21.848Z",
  "publisher": "The MITRE Corporation: Standard Health Record Collaborative",
  "contact": [
    {
      "telecom": [
        {
          "system": "url",
          "value": "http://www.standardhealthrecord.org"
        }
      ]
    }
  ],
  "caseSensitive": true,
  "content": "complete",
  "count": 7,
  "concept": [
    {
      "code": "active_support",
      "display": "Active support surface",
      "definition": "Active support surface"
    },
    {
      "code": "reactive_support",
      "display": "Reactive support surface",
      "definition": "Reactive support surface"
    },
    {
      "code": "mattress",
      "display": "Mattress",
      "definition": "Mattress"
    },
    {
      "code": "bed_system",
      "display": "Integrated bed system",
      "definition": "Integrated bed system"
    },
    {
      "code": "overlay",
      "display": "Overlay",
      "definition": "Overlay"
    },
    {
      "code": "nonpowered",
      "display": "Non-powered",
      "definition": "Non-powered"
    },
    {
      "code": "powered",
      "display": "Powered",
      "definition": "Powered"
    }
  ]
}