<?xml version="1.0" encoding="UTF-8"?>

<CodeSystem xmlns="http://hl7.org/fhir">
  <id value="shr-core-YesNoCS"/>
  <text>
    <status value="generated"/><div xmlns="http://www.w3.org/1999/xhtml">
<p><b>SHR YesNoCS CodeSystem</b></p>
<p/>
</div>
  </text>
  <url value="http://standardhealthrecord.org/shr/core/cs/YesNoCS"/>
  <identifier>
    <system value="http://standardhealthrecord.org"/>
    <value value="shr.core.YesNoCS"/>
  </identifier>
  <version value="0.0.1"/>
  <name value="SHR YesNoCS CodeSystem"/>
  <title value="SHR YesNoCS CodeSystem"/>
  <status value="draft"/>
  <date value="2017-12-19"/>
  <publisher value="The MITRE Corporation: Standard Health Record Collaborative"/>
  <contact>
    <telecom>
      <system value="url"/>
      <value value="http://standardhealthrecord.org"/>
    </telecom>
  </contact>
  <caseSensitive value="true"/>
  <content value="complete"/>
  <count value="2"/>
  <concept>
    <code value="yes"/>
    <display value="Yes, or true"/>
    <definition value="Yes, or true"/>
  </concept>
  <concept>
    <code value="no"/>
    <display value="No, or false"/>
    <definition value="No, or false"/>
  </concept>
</CodeSystem>