<?xml version="1.0" encoding="UTF-8"?>

<CodeSystem xmlns="http://hl7.org/fhir">
  <id value="shr-skin-PressureUlcerAssociationCS"/>
  <meta>
    <profile value="http://hl7.org/fhir/StructureDefinition/codesystem-shareable-definition"/>
  </meta>
  <text>
    <status value="generated"/><div xmlns="http://www.w3.org/1999/xhtml">
<p><b>SHR PressureUlcerAssociationCS CodeSystem</b></p>
<p/>
</div>
  </text>
  <url value="http://standardhealthrecord.org/shr/skin/cs/PressureUlcerAssociationCS"/>
  <identifier>
    <system value="http://standardhealthrecord.org"/>
    <value value="shr.skin.PressureUlcerAssociationCS"/>
  </identifier>
  <version value="0.0.1"/>
  <name value="SHR PressureUlcerAssociationCS CodeSystem"/>
  <title value="SHR PressureUlcerAssociationCS CodeSystem"/>
  <status value="draft"/>
  <date value="2017-08-08T15:56:20.402Z"/>
  <publisher value="The MITRE Corporation: Standard Health Record Collaborative"/>
  <contact>
    <telecom>
      <system value="url"/>
      <value value="http://www.standardhealthrecord.org"/>
    </telecom>
  </contact>
  <caseSensitive value="true"/>
  <content value="complete"/>
  <count value="2"/>
  <concept>
    <code value="device"/>
    <display value="Device related"/>
    <definition value="Device related"/>
  </concept>
  <concept>
    <code value="pressure_point"/>
    <display value="Pressure-point related"/>
    <definition value="Pressure-point related"/>
  </concept>
</CodeSystem>