<?xml version="1.0" encoding="UTF-8"?>

<CodeSystem xmlns="http://hl7.org/fhir">
  <id value="shr-core-PerformanceGradingScaleCS"/>
  <meta>
    <profile value="http://hl7.org/fhir/StructureDefinition/codesystem-shareable-definition"/>
  </meta>
  <text>
    <status value="generated"/><div xmlns="http://www.w3.org/1999/xhtml">
<p><b>SHR PerformanceGradingScaleCS CodeSystem</b></p>
<p>A simple performance grading scale. Also useful for grading quality.</p>
</div>
  </text>
  <url value="http://standardhealthrecord.org/shr/core/cs/PerformanceGradingScaleCS"/>
  <identifier>
    <system value="http://standardhealthrecord.org"/>
    <value value="shr.core.PerformanceGradingScaleCS"/>
  </identifier>
  <version value="0.0.1"/>
  <name value="SHR PerformanceGradingScaleCS CodeSystem"/>
  <title value="SHR PerformanceGradingScaleCS CodeSystem"/>
  <status value="draft"/>
  <date value="2017-04-18T15:12:20.482Z"/>
  <publisher value="The MITRE Corporation: Standard Health Record Collaborative"/>
  <contact>
    <telecom>
      <system value="url"/>
      <value value="http://www.standardhealthrecord.org"/>
    </telecom>
  </contact>
  <description value="A simple performance grading scale. Also useful for grading quality."/>
  <caseSensitive value="true"/>
  <content value="complete"/>
  <count value="5"/>
  <concept>
    <code value="excellent"/>
    <display value="Excellent"/>
    <definition value="Excellent"/>
  </concept>
  <concept>
    <code value="very_good"/>
    <display value="Very good"/>
    <definition value="Very good"/>
  </concept>
  <concept>
    <code value="good"/>
    <display value="Good"/>
    <definition value="Good"/>
  </concept>
  <concept>
    <code value="fair"/>
    <display value="Fair"/>
    <definition value="Fair"/>
  </concept>
  <concept>
    <code value="poor"/>
    <display value="Poor"/>
    <definition value="Poor"/>
  </concept>
</CodeSystem>