{
  "resourceType": "ValueSet",
  "id": "shr-sex-CommonPregnancyComplicationVS",
  "text": {
    "status": "generated",
    "div": "<div xmlns=\"http://www.w3.org/1999/xhtml\">\n<p><b>SHR CommonPregnancyComplicationVS ValueSet</b></p>\n<p/>\n</div>"
  },
  "url": "http://standardhealthrecord.org/shr/sex/vs/CommonPregnancyComplicationVS",
  "identifier": [
    {
      "system": "http://standardhealthrecord.org",
      "value": "shr.sex.CommonPregnancyComplicationVS"
    }
  ],
  "version": "0.0.1",
  "name": "SHR CommonPregnancyComplicationVS ValueSet",
  "title": "SHR CommonPregnancyComplicationVS ValueSet",
  "status": "draft",
  "date": "2018-02-27",
  "publisher": "The MITRE Corporation: Standard Health Record Collaborative",
  "contact": [
    {
      "telecom": [
        {
          "system": "url",
          "value": "http://standardhealthrecord.org"
        }
      ]
    }
  ],
  "compose": {
    "include": [
      {
        "system": "http://ncimeta.nci.nih.gov",
        "concept": [
          {
            "code": "C0011570",
            "display": "Mental depression"
          },
          {
            "code": "C0221074",
            "display": "Postpartum depression"
          },
          {
            "code": "C0032914",
            "display": "Pre-eclampsia (hypertension occuring during pregnancy)"
          },
          {
            "code": "C0149871",
            "display": "Deep Vein Thrombosis"
          },
          {
            "code": "C0002871",
            "display": "Anemia"
          },
          {
            "code": "C0240713",
            "display": "Perineal Tearing"
          },
          {
            "code": "C0079924",
            "display": "Oligohydramnios"
          },
          {
            "code": "C0085207",
            "display": "Gestational Diabetes"
          },
          {
            "code": "C0032987",
            "display": "Ectopic Pregnancy"
          },
          {
            "code": "C0151526",
            "display": "Preterm Birth"
          },
          {
            "code": "C0000786",
            "display": "Miscarriage (spontaneous abortion)"
          },
          {
            "code": "C0032046",
            "display": "Placenta Previa"
          },
          {
            "code": "C2937358",
            "display": "Cerebral hemorrhage"
          },
          {
            "code": "C0020450",
            "display": "Hyperemesis gravidarum"
          }
        ]
      }
    ]
  }
}