{
  "resourceType": "ValueSet",
  "id": "cimi-adverse-MedDRAVS",
  "text": {
    "status": "generated",
    "div": "<div xmlns=\"http://www.w3.org/1999/xhtml\">\n<p><b>SHR MedDRAVS ValueSet</b></p>\n<p/>\n</div>"
  },
  "url": "http://standardhealthrecord.org/cimi/adverse/vs/MedDRAVS",
  "identifier": [
    {
      "system": "http://standardhealthrecord.org",
      "value": "cimi.adverse.MedDRAVS"
    }
  ],
  "version": "0.1.0",
  "name": "MedDRAVS",
  "title": "SHR MedDRAVS ValueSet",
  "status": "draft",
  "date": "2018-08-21T00:00:00-04:00",
  "publisher": "The MITRE Corporation: Standard Health Record Collaborative",
  "contact": [
    {
      "telecom": [
        {
          "system": "url",
          "value": "http://standardhealthrecord.org"
        }
      ]
    }
  ],
  "compose": {
    "include": [
      {
        "system": "http://www.meddra.org"
      }
    ]
  }
}