{
  "resourceType": "ValueSet",
  "id": "shr-oncology-NuclearPleomorphismScoreVS",
  "text": {
    "status": "generated",
    "div": "<div xmlns=\"http://www.w3.org/1999/xhtml\">\n<p><b>SHR NuclearPleomorphismScoreVS ValueSet</b></p>\n<p>Value set containing the scores for nuclear pleomorphism.</p>\n</div>"
  },
  "url": "http://standardhealthrecord.org/shr/oncology/vs/NuclearPleomorphismScoreVS",
  "identifier": [
    {
      "system": "http://standardhealthrecord.org",
      "value": "shr.oncology.NuclearPleomorphismScoreVS"
    }
  ],
  "version": "0.1.0",
  "name": "NuclearPleomorphismScoreVS",
  "title": "SHR NuclearPleomorphismScoreVS ValueSet",
  "status": "draft",
  "date": "2018-08-21T00:00:00-04:00",
  "publisher": "The MITRE Corporation: Standard Health Record Collaborative",
  "contact": [
    {
      "telecom": [
        {
          "system": "url",
          "value": "http://standardhealthrecord.org"
        }
      ]
    }
  ],
  "description": "Value set containing the scores for nuclear pleomorphism.",
  "compose": {
    "include": [
      {
        "system": "http://snomed.info/sct",
        "concept": [
          {
            "code": "384735004",
            "display": "Nuclear pleomorphism: small regular nuclei (score=1)"
          },
          {
            "code": "384737007",
            "display": "Nuclear pleomorphism: moderate increase in size, etc (score = 2)"
          },
          {
            "code": "384738002",
            "display": "Nuclear pleomorphism: marked variation in size, nucleoli, chromatin clumping, etc (score = 3)"
          }
        ]
      }
    ]
  }
}