<?xml version="1.0" encoding="UTF-8"?>

<CodeSystem xmlns="http://hl7.org/fhir">
  <id value="shr-encounter-ReferralSourceTypeCS"/>
  <text>
    <status value="generated"/><div xmlns="http://www.w3.org/1999/xhtml">
<p><b>SHR ReferralSourceTypeCS CodeSystem</b></p>
<p/>
</div>
  </text>
  <url value="http://standardhealthrecord.org/shr/encounter/cs/ReferralSourceTypeCS"/>
  <identifier>
    <system value="http://standardhealthrecord.org"/>
    <value value="shr.encounter.ReferralSourceTypeCS"/>
  </identifier>
  <version value="0.0.1"/>
  <name value="SHR ReferralSourceTypeCS CodeSystem"/>
  <title value="SHR ReferralSourceTypeCS CodeSystem"/>
  <status value="draft"/>
  <date value="2017-12-20"/>
  <publisher value="The MITRE Corporation: Standard Health Record Collaborative"/>
  <contact>
    <telecom>
      <system value="url"/>
      <value value="http://standardhealthrecord.org"/>
    </telecom>
  </contact>
  <caseSensitive value="true"/>
  <content value="complete"/>
  <count value="9"/>
  <concept>
    <code value="self"/>
    <display value="Self, or personal associated, such as family or friend"/>
    <definition value="Self, or personal associated, such as family or friend"/>
  </concept>
  <concept>
    <code value="pcp"/>
    <display value="General Practitioner or Primary Care Physician"/>
    <definition value="General Practitioner or Primary Care Physician"/>
  </concept>
  <concept>
    <code value="specialist"/>
    <display value="Provider other than Primary Care Physician"/>
    <definition value="Provider other than Primary Care Physician"/>
  </concept>
  <concept>
    <code value="fed"/>
    <display value="Federal agency"/>
    <definition value="Federal agency"/>
  </concept>
  <concept>
    <code value="cps"/>
    <display value="Child Protective Service"/>
    <definition value="Child Protective Service"/>
  </concept>
  <concept>
    <code value="court"/>
    <display value="Criminal justice"/>
    <definition value="Criminal justice"/>
  </concept>
  <concept>
    <code value="comm"/>
    <display value="Community agency"/>
    <definition value="Community agency"/>
  </concept>
  <concept>
    <code value="hp"/>
    <display value="Health Plan"/>
    <definition value="Health Plan"/>
  </concept>
  <concept>
    <code value="employer"/>
    <display value="Employer"/>
    <definition value="Employer"/>
  </concept>
</CodeSystem>