<?xml version="1.0" encoding="UTF-8"?>

<CodeSystem xmlns="http://hl7.org/fhir">
  <id value="shr-encounter-EpisodeOfCareCompletionCS"/>
  <text>
    <status value="generated"/><div xmlns="http://www.w3.org/1999/xhtml">
<p><b>SHR EpisodeOfCareCompletionCS CodeSystem</b></p>
<p/>
</div>
  </text>
  <url value="http://standardhealthrecord.org/shr/encounter/cs/EpisodeOfCareCompletionCS"/>
  <identifier>
    <system value="http://standardhealthrecord.org"/>
    <value value="shr.encounter.EpisodeOfCareCompletionCS"/>
  </identifier>
  <version value="0.0.1"/>
  <name value="SHR EpisodeOfCareCompletionCS CodeSystem"/>
  <title value="SHR EpisodeOfCareCompletionCS CodeSystem"/>
  <status value="draft"/>
  <date value="2017-12-20"/>
  <publisher value="The MITRE Corporation: Standard Health Record Collaborative"/>
  <contact>
    <telecom>
      <system value="url"/>
      <value value="http://standardhealthrecord.org"/>
    </telecom>
  </contact>
  <caseSensitive value="true"/>
  <content value="complete"/>
  <count value="10"/>
  <concept>
    <code value="completed"/>
    <display value="Treatment was completed."/>
    <definition value="Treatment was completed."/>
  </concept>
  <concept>
    <code value="eligibility"/>
    <display value="Insurance eligibility changed."/>
    <definition value="Insurance eligibility changed."/>
  </concept>
  <concept>
    <code value="declined"/>
    <display value="Declined further treatment."/>
    <definition value="Declined further treatment."/>
  </concept>
  <concept>
    <code value="lost_contact"/>
    <display value="Client fell out of contact."/>
    <definition value="Client fell out of contact."/>
  </concept>
  <concept>
    <code value="incarcerated"/>
    <display value="Client was detained/incarcerated."/>
    <definition value="Client was detained/incarcerated."/>
  </concept>
  <concept>
    <code value="moved"/>
    <display value="Client moved out of the area."/>
    <definition value="Client moved out of the area."/>
  </concept>
  <concept>
    <code value="transferred"/>
    <display value="Care was tranferred to the care of another provider."/>
    <definition value="Care was tranferred to the care of another provider."/>
  </concept>
  <concept>
    <code value="failed"/>
    <display value="Client was unable to complete the course of treatment."/>
    <definition value="Client was unable to complete the course of treatment."/>
  </concept>
  <concept>
    <code value="noncompliance"/>
    <display value="Client did not comply with the course of treatment."/>
    <definition value="Client did not comply with the course of treatment."/>
  </concept>
  <concept>
    <code value="death"/>
    <display value="Client died."/>
    <definition value="Client died."/>
  </concept>
</CodeSystem>