<?xml version="1.0" encoding="UTF-8"?>

<CodeSystem xmlns="http://hl7.org/fhir">
  <id value="shr-lifehistory-MilitaryStatusCS"/>
  <text>
    <status value="generated"/><div xmlns="http://www.w3.org/1999/xhtml">
<p><b>SHR MilitaryStatusCS CodeSystem</b></p>
<p/>
</div>
  </text>
  <url value="http://standardhealthrecord.org/shr/lifehistory/cs/MilitaryStatusCS"/>
  <identifier>
    <system value="http://standardhealthrecord.org"/>
    <value value="shr.lifehistory.MilitaryStatusCS"/>
  </identifier>
  <version value="0.0.1"/>
  <name value="SHR MilitaryStatusCS CodeSystem"/>
  <title value="SHR MilitaryStatusCS CodeSystem"/>
  <status value="draft"/>
  <date value="2017-12-20"/>
  <publisher value="The MITRE Corporation: Standard Health Record Collaborative"/>
  <contact>
    <telecom>
      <system value="url"/>
      <value value="http://standardhealthrecord.org"/>
    </telecom>
  </contact>
  <caseSensitive value="true"/>
  <content value="complete"/>
  <count value="3"/>
  <concept>
    <code value="active"/>
    <display value="On active duty in US military"/>
    <definition value="On active duty in US military"/>
  </concept>
  <concept>
    <code value="reserve"/>
    <display value="Currently a Reservist"/>
    <definition value="Currently a Reservist"/>
  </concept>
  <concept>
    <code value="discharged"/>
    <display value="No longer in active military service"/>
    <definition value="No longer in active military service"/>
  </concept>
</CodeSystem>