<?xml version="1.0" encoding="UTF-8"?>

<CodeSystem xmlns="http://hl7.org/fhir">
  <id value="shr-research-ResearchSubjectTerminationReasonCS"/>
  <text>
    <status value="generated"/><div xmlns="http://www.w3.org/1999/xhtml">
<p><b>SHR ResearchSubjectTerminationReasonCS CodeSystem</b></p>
<p>The reason for a research subject leaving a research study.</p>
</div>
  </text>
  <url value="http://standardhealthrecord.org/shr/research/cs/ResearchSubjectTerminationReasonCS"/>
  <identifier>
    <system value="http://standardhealthrecord.org"/>
    <value value="shr.research.ResearchSubjectTerminationReasonCS"/>
  </identifier>
  <version value="0.0.1"/>
  <name value="SHR ResearchSubjectTerminationReasonCS CodeSystem"/>
  <title value="SHR ResearchSubjectTerminationReasonCS CodeSystem"/>
  <status value="draft"/>
  <date value="2017-12-20"/>
  <publisher value="The MITRE Corporation: Standard Health Record Collaborative"/>
  <contact>
    <telecom>
      <system value="url"/>
      <value value="http://standardhealthrecord.org"/>
    </telecom>
  </contact>
  <description value="The reason for a research subject leaving a research study."/>
  <caseSensitive value="true"/>
  <content value="complete"/>
  <count value="7"/>
  <concept>
    <code value="moved"/>
    <display value="Subject relocated"/>
    <definition value="Subject relocated"/>
  </concept>
  <concept>
    <code value="died"/>
    <display value="Suject passed away"/>
    <definition value="Suject passed away"/>
  </concept>
  <concept>
    <code value="ended"/>
    <display value="Study ended"/>
    <definition value="Study ended"/>
  </concept>
  <concept>
    <code value="adverse"/>
    <display value="Subject could not tolerate treatement"/>
    <definition value="Subject could not tolerate treatement"/>
  </concept>
  <concept>
    <code value="protocol"/>
    <display value="Subject could not follow protocol, e.g. required appointments, dosing schedule, etc."/>
    <definition value="Subject could not follow protocol, e.g. required appointments, dosing schedule, etc."/>
  </concept>
  <concept>
    <code value="other"/>
    <display value="Other reason"/>
    <definition value="Other reason"/>
  </concept>
  <concept>
    <code value="unknown"/>
    <display value="Reason not known"/>
    <definition value="Reason not known"/>
  </concept>
</CodeSystem>