<?xml version="1.0" encoding="UTF-8"?>

<CodeSystem xmlns="http://hl7.org/fhir">
  <id value="shr-lifehistory-USMilitaryBranchCS"/>
  <text>
    <status value="generated"/><div xmlns="http://www.w3.org/1999/xhtml">
<p><b>SHR USMilitaryBranchCS CodeSystem</b></p>
<p/>
</div>
  </text>
  <url value="http://standardhealthrecord.org/shr/lifehistory/cs/USMilitaryBranchCS"/>
  <identifier>
    <system value="http://standardhealthrecord.org"/>
    <value value="shr.lifehistory.USMilitaryBranchCS"/>
  </identifier>
  <version value="0.0.1"/>
  <name value="SHR USMilitaryBranchCS CodeSystem"/>
  <title value="SHR USMilitaryBranchCS CodeSystem"/>
  <status value="draft"/>
  <date value="2017-12-12"/>
  <publisher value="The MITRE Corporation: Standard Health Record Collaborative"/>
  <contact>
    <telecom>
      <system value="url"/>
      <value value="http://standardhealthrecord.org"/>
    </telecom>
  </contact>
  <caseSensitive value="true"/>
  <content value="complete"/>
  <count value="7"/>
  <concept>
    <code value="usa"/>
    <display value="US Army"/>
    <definition value="US Army"/>
  </concept>
  <concept>
    <code value="usn"/>
    <display value="US Navy"/>
    <definition value="US Navy"/>
  </concept>
  <concept>
    <code value="usaf"/>
    <display value="US Air Force"/>
    <definition value="US Air Force"/>
  </concept>
  <concept>
    <code value="usmc"/>
    <display value="US Marine Corps"/>
    <definition value="US Marine Corps"/>
  </concept>
  <concept>
    <code value="uscg"/>
    <display value="US Coast Guard"/>
    <definition value="US Coast Guard"/>
  </concept>
  <concept>
    <code value="usphc"/>
    <display value="US Public Health Service"/>
    <definition value="US Public Health Service"/>
  </concept>
  <concept>
    <code value="noaa"/>
    <display value="National Oceanic and Atmospheric Administration"/>
    <definition value="National Oceanic and Atmospheric Administration"/>
  </concept>
</CodeSystem>