<?xml version="1.0" encoding="UTF-8"?>

<CodeSystem xmlns="http://hl7.org/fhir">
  <id value="shr-vital-RespiratoryRateQualifierCS"/>
  <text>
    <status value="generated"/><div xmlns="http://www.w3.org/1999/xhtml">
<p><b>SHR RespiratoryRateQualifierCS CodeSystem</b></p>
<p>Details of a respiratory rate measurement.</p>
</div>
  </text>
  <url value="http://standardhealthrecord.org/shr/vital/cs/RespiratoryRateQualifierCS"/>
  <identifier>
    <system value="http://standardhealthrecord.org"/>
    <value value="shr.vital.RespiratoryRateQualifierCS"/>
  </identifier>
  <version value="0.0.1"/>
  <name value="SHR RespiratoryRateQualifierCS CodeSystem"/>
  <title value="SHR RespiratoryRateQualifierCS CodeSystem"/>
  <status value="draft"/>
  <date value="2017-12-20"/>
  <publisher value="The MITRE Corporation: Standard Health Record Collaborative"/>
  <contact>
    <telecom>
      <system value="url"/>
      <value value="http://standardhealthrecord.org"/>
    </telecom>
  </contact>
  <description value="Details of a respiratory rate measurement."/>
  <caseSensitive value="true"/>
  <content value="complete"/>
  <count value="14"/>
  <concept>
    <code value="rest"/>
    <display value="resting or pre-exercise"/>
    <definition value="resting or pre-exercise"/>
  </concept>
  <concept>
    <code value="post_exercise"/>
    <display value="post exercise"/>
    <definition value="post exercise"/>
  </concept>
  <concept>
    <code value="max_voluntary"/>
    <display value="maximum voluntary ventilation"/>
    <definition value="maximum voluntary ventilation"/>
  </concept>
  <concept>
    <code value="post_bronchoscopy"/>
    <display value="post bronchoscopy"/>
    <definition value="post bronchoscopy"/>
  </concept>
  <concept>
    <code value="post_cardioversion"/>
    <display value="post cardioversion"/>
    <definition value="post cardioversion"/>
  </concept>
  <concept>
    <code value="post_sedation"/>
    <display value="post conscious sedation"/>
    <definition value="post conscious sedation"/>
  </concept>
  <concept>
    <code value="post_therapy"/>
    <display value="post inhalation therapy"/>
    <definition value="post inhalation therapy"/>
  </concept>
  <concept>
    <code value="pre_bronchoscopy"/>
    <display value="pre bronchoscopy"/>
    <definition value="pre bronchoscopy"/>
  </concept>
  <concept>
    <code value="pre_cardioversion"/>
    <display value="pre cardioversion"/>
    <definition value="pre cardioversion"/>
  </concept>
  <concept>
    <code value="pre_sedation"/>
    <display value="pre conscious sedation"/>
    <definition value="pre conscious sedation"/>
  </concept>
  <concept>
    <code value="pre_therapy"/>
    <display value="pre inhalation therapy"/>
    <definition value="pre inhalation therapy"/>
  </concept>
  <concept>
    <code value="vent_spont"/>
    <display value="on ventilator, spontaneous"/>
    <definition value="on ventilator, spontaneous"/>
  </concept>
  <concept>
    <code value="vent"/>
    <display value="on ventilator, mechanical and spontaneous"/>
    <definition value="on ventilator, mechanical and spontaneous"/>
  </concept>
  <concept>
    <code value="vent_mech"/>
    <display value="on ventilator, mechanical"/>
    <definition value="on ventilator, mechanical"/>
  </concept>
</CodeSystem>