<?xml version="1.0" encoding="UTF-8"?>

<StructureDefinition xmlns="http://hl7.org/fhir">
  <id value="cimi-medication-MedicationUsedStatement"/>
  <text>
    <status value="generated"/><div xmlns="http://www.w3.org/1999/xhtml">
  <p><b>SHR MedicationUsedStatement Profile</b></p>
  <p>A record of the use of a medication.</p>
  <p><b>SHR Mapping Summary</b></p>
  <p><pre>cimi.medication.MedicationUsedStatement maps to http://hl7.org/fhir/us/core/StructureDefinition/us-core-medicationstatement:
  SourceOfInformation.EntityOrRole maps to informationSource
  _Entry.CreationTime maps to dateAsserted  // date asserted and date recorded may not be the same
  constrain reasonNotTaken to 0..0
  constrain dosage to 0..1
  MedicationUseTopic.Dosage maps to dosage
  MedicationUseTopic.Medication maps to medication[x]
  MedicationUseTopic.Category maps to category
  fix taken to #y
  PerformedContext.Reason maps to reasonCode
  PerformedContext.OccurrenceTimeOrPeriod maps to effective[x]
  PerformedContext.Status maps to status
</pre></p>
</div>
  </text>
  <url value="http://standardhealthrecord.org/fhir/StructureDefinition/cimi-medication-MedicationUsedStatement"/>
  <identifier>
    <system value="http://standardhealthrecord.org"/>
    <value value="cimi.medication.MedicationUsedStatement"/>
  </identifier>
  <version value="0.1.0"/>
  <name value="MedicationUsedStatementProfile"/>
  <title value="SHR MedicationUsedStatement Profile"/>
  <status value="draft"/>
  <date value="2018-08-22T00:00:00-04:00"/>
  <publisher value="The MITRE Corporation: Standard Health Record Collaborative"/>
  <contact>
    <telecom>
      <system value="url"/>
      <value value="http://standardhealthrecord.org"/>
    </telecom>
  </contact>
  <description value="A record of the use of a medication."/>
  <jurisdiction>
    <coding>
      <system value="urn:iso:std:iso:3166"/>
      <code value="US"/>
      <display value="United States of America"/>
    </coding>
  </jurisdiction>
  <fhirVersion value="3.0.1"/>
  <mapping>
    <identity value="argonaut-dq-dstu2"/>
    <uri value="http://unknown.org/Argonaut%20DQ%20DSTU2"/>
    <name value="Argonaut DQ DSTU2"/>
  </mapping>
  <mapping>
    <identity value="workflow"/>
    <uri value="http://hl7.org/fhir/workflow"/>
    <name value="Workflow Mapping"/>
  </mapping>
  <mapping>
    <identity value="rim"/>
    <uri value="http://hl7.org/v3"/>
    <name value="RIM Mapping"/>
  </mapping>
  <mapping>
    <identity value="w5"/>
    <uri value="http://hl7.org/fhir/w5"/>
    <name value="W5 Mapping"/>
  </mapping>
  <mapping>
    <identity value="v2"/>
    <uri value="http://hl7.org/v2"/>
    <name value="HL7 v2 Mapping"/>
  </mapping>
  <kind value="resource"/>
  <abstract value="false"/>
  <type value="MedicationStatement"/>
  <baseDefinition value="http://hl7.org/fhir/us/core/StructureDefinition/us-core-medicationstatement"/>
  <derivation value="constraint"/>
  <snapshot>
    <element id="MedicationStatement:cimi-medication-MedicationUsedStatement">
      <path value="MedicationStatement"/>
      <short value="SHR MedicationUsedStatement Profile"/>
      <definition value="A record of the use of a medication."/>
      <comment value="When interpreting a medicationStatement, the value of the status and NotTaken needed to be considered:&#xD;MedicationStatement.status + MedicationStatement.wasNotTaken&#xD;Status=Active + NotTaken=T = Not currently taking&#xD;Status=Completed + NotTaken=T = Not taken in the past&#xD;Status=Intended + NotTaken=T = No intention of taking&#xD;Status=Active + NotTaken=F = Taking, but not as prescribed&#xD;Status=Active + NotTaken=F = Taking&#xD;Status=Intended +NotTaken= F = Will be taking (not started)&#xD;Status=Completed + NotTaken=F = Taken in past&#xD;Status=In Error + NotTaken=N/A = In Error."/>
      <min value="0"/>
      <max value="*"/>
      <base>
        <path value="MedicationStatement"/>
        <min value="0"/>
        <max value="*"/>
      </base>
      <constraint>
        <key value="dom-2"/>
        <severity value="error"/>
        <human value="If the resource is contained in another resource, it SHALL NOT contain nested Resources"/>
        <expression value="contained.contained.empty()"/>
        <xpath value="not(parent::f:contained and f:contained)"/>
        <source value="DomainResource"/>
      </constraint>
      <constraint>
        <key value="dom-1"/>
        <severity value="error"/>
        <human value="If the resource is contained in another resource, it SHALL NOT contain any narrative"/>
        <expression value="contained.text.empty()"/>
        <xpath value="not(parent::f:contained and f:text)"/>
        <source value="DomainResource"/>
      </constraint>
      <constraint>
        <key value="dom-4"/>
        <severity value="error"/>
        <human value="If a resource is contained in another resource, it SHALL NOT have a meta.versionId or a meta.lastUpdated"/>
        <expression value="contained.meta.versionId.empty() and contained.meta.lastUpdated.empty()"/>
        <xpath value="not(exists(f:contained/*/f:meta/f:versionId)) and not(exists(f:contained/*/f:meta/f:lastUpdated))"/>
        <source value="DomainResource"/>
      </constraint>
      <constraint>
        <key value="dom-3"/>
        <severity value="error"/>
        <human value="If the resource is contained in another resource, it SHALL be referred to from elsewhere in the resource"/>
        <expression value="contained.where((&#39;#&#39;+id in %resource.descendants().reference).not()).empty()"/>
        <xpath value="not(exists(for $id in f:contained/*/@id return $id[not(ancestor::f:contained/parent::*/descendant::f:reference/@value=concat(&#39;#&#39;, $id))]))"/>
        <source value="DomainResource"/>
      </constraint>
      <constraint>
        <key value="mst-1"/>
        <severity value="error"/>
        <human value="Reason not taken is only permitted if Taken is No"/>
        <expression value="reasonNotTaken.exists().not() or (taken = &#39;n&#39;)"/>
        <xpath value="not(exists(f:reasonNotTaken)) or f:taken/@value=&#39;n&#39;"/>
        <source value="MedicationStatement"/>
      </constraint>
      <mustSupport value="false"/>
      <mapping>
        <identity value="rim"/>
        <map value="Entity. Role, or Act"/>
      </mapping>
      <mapping>
        <identity value="workflow"/>
        <map value="..Event"/>
      </mapping>
      <mapping>
        <identity value="rim"/>
        <map value="SubstanceAdministration"/>
      </mapping>
      <mapping>
        <identity value="w5"/>
        <map value="clinical.medication"/>
      </mapping>
      <mapping>
        <identity value="argonaut-dq-dstu2"/>
        <map value="MedicationStatement"/>
      </mapping>
    </element>
    <element id="MedicationStatement:cimi-medication-MedicationUsedStatement.id">
      <path value="MedicationStatement.id"/>
      <short value="Logical id of this artifact"/>
      <definition value="The logical id of the resource, as used in the URL for the resource. Once assigned, this value never changes."/>
      <comment value="The only time that a resource does not have an id is when it is being submitted to the server using a create operation."/>
      <min value="0"/>
      <max value="1"/>
      <base>
        <path value="Resource.id"/>
        <min value="0"/>
        <max value="1"/>
      </base>
      <type>
        <code value="id"/>
      </type>
      <isSummary value="true"/>
    </element>
    <element id="MedicationStatement:cimi-medication-MedicationUsedStatement.meta">
      <path value="MedicationStatement.meta"/>
      <short value="Metadata about the resource"/>
      <definition value="The metadata about the resource. This is content that is maintained by the infrastructure. Changes to the content may not always be associated with version changes to the resource."/>
      <min value="0"/>
      <max value="1"/>
      <base>
        <path value="Resource.meta"/>
        <min value="0"/>
        <max value="1"/>
      </base>
      <type>
        <code value="Meta"/>
      </type>
      <isSummary value="true"/>
    </element>
    <element id="MedicationStatement:cimi-medication-MedicationUsedStatement.implicitRules">
      <path value="MedicationStatement.implicitRules"/>
      <short value="A set of rules under which this content was created"/>
      <definition value="A reference to a set of rules that were followed when the resource was constructed, and which must be understood when processing the content."/>
      <comment value="Asserting this rule set restricts the content to be only understood by a limited set of trading partners. This inherently limits the usefulness of the data in the long term. However, the existing health eco-system is highly fractured, and not yet ready to define, collect, and exchange data in a generally computable sense. Wherever possible, implementers and/or specification writers should avoid using this element. &#xA;&#xA;This element is labelled as a modifier because the implicit rules may provide additional knowledge about the resource that modifies it&#39;s meaning or interpretation."/>
      <min value="0"/>
      <max value="1"/>
      <base>
        <path value="Resource.implicitRules"/>
        <min value="0"/>
        <max value="1"/>
      </base>
      <type>
        <code value="uri"/>
      </type>
      <isModifier value="true"/>
      <isSummary value="true"/>
    </element>
    <element id="MedicationStatement:cimi-medication-MedicationUsedStatement.language">
      <path value="MedicationStatement.language"/>
      <short value="Language of the resource content"/>
      <definition value="The base language in which the resource is written."/>
      <comment value="Language is provided to support indexing and accessibility (typically, services such as text to speech use the language tag). The html language tag in the narrative applies  to the narrative. The language tag on the resource may be used to specify the language of other presentations generated from the data in the resource  Not all the content has to be in the base language. The Resource.language should not be assumed to apply to the narrative automatically. If a language is specified, it should it also be specified on the div element in the html (see rules in HTML5 for information about the relationship between xml:lang and the html lang attribute)."/>
      <min value="0"/>
      <max value="1"/>
      <base>
        <path value="Resource.language"/>
        <min value="0"/>
        <max value="1"/>
      </base>
      <type>
        <code value="code"/>
      </type>
      <binding>
        <extension url="http://hl7.org/fhir/StructureDefinition/elementdefinition-maxValueSet">
          <valueReference>
            <reference value="http://hl7.org/fhir/ValueSet/all-languages"/>
          </valueReference>
        </extension>
        <extension url="http://hl7.org/fhir/StructureDefinition/elementdefinition-bindingName">
          <valueString value="Language"/>
        </extension>
        <extension url="http://hl7.org/fhir/StructureDefinition/elementdefinition-isCommonBinding">
          <valueBoolean value="true"/>
        </extension>
        <strength value="extensible"/>
        <description value="A human language."/>
        <valueSetReference>
          <reference value="http://hl7.org/fhir/ValueSet/languages"/>
        </valueSetReference>
      </binding>
    </element>
    <element id="MedicationStatement:cimi-medication-MedicationUsedStatement.text">
      <path value="MedicationStatement.text"/>
      <short value="Text summary of the resource, for human interpretation"/>
      <definition value="A human-readable narrative that contains a summary of the resource, and may be used to represent the content of the resource to a human. The narrative need not encode all the structured data, but is required to contain sufficient detail to make it &quot;clinically safe&quot; for a human to just read the narrative. Resource definitions may define what content should be represented in the narrative to ensure clinical safety."/>
      <comment value="Contained resources do not have narrative. Resources that are not contained SHOULD have a narrative. In some cases, a resource may only have text with little or no additional discrete data (as long as all minOccurs=1 elements are satisfied).  This may be necessary for data from legacy systems where information is captured as a &quot;text blob&quot; or where text is additionally entered raw or narrated and encoded in formation is added later."/>
      <alias value="narrative"/>
      <alias value="html"/>
      <alias value="xhtml"/>
      <alias value="display"/>
      <min value="0"/>
      <max value="1"/>
      <base>
        <path value="DomainResource.text"/>
        <min value="0"/>
        <max value="1"/>
      </base>
      <type>
        <code value="Narrative"/>
      </type>
      <condition value="dom-1"/>
      <mapping>
        <identity value="rim"/>
        <map value="Act.text?"/>
      </mapping>
    </element>
    <element id="MedicationStatement:cimi-medication-MedicationUsedStatement.contained">
      <path value="MedicationStatement.contained"/>
      <short value="Contained, inline Resources"/>
      <definition value="These resources do not have an independent existence apart from the resource that contains them - they cannot be identified independently, and nor can they have their own independent transaction scope."/>
      <comment value="This should never be done when the content can be identified properly, as once identification is lost, it is extremely difficult (and context dependent) to restore it again."/>
      <alias value="inline resources"/>
      <alias value="anonymous resources"/>
      <alias value="contained resources"/>
      <min value="0"/>
      <max value="*"/>
      <base>
        <path value="DomainResource.contained"/>
        <min value="0"/>
        <max value="*"/>
      </base>
      <type>
        <code value="Resource"/>
      </type>
      <mapping>
        <identity value="rim"/>
        <map value="N/A"/>
      </mapping>
    </element>
    <element id="MedicationStatement:cimi-medication-MedicationUsedStatement.extension">
      <path value="MedicationStatement.extension"/>
      <slicing id="1">
        <discriminator>
          <type value="value"/>
          <path value="url"/>
        </discriminator>
        <ordered value="false"/>
        <rules value="open"/>
      </slicing>
      <short value="Additional Content defined by implementations"/>
      <definition value="May be used to represent additional information that is not part of the basic definition of the resource. In order to make the use of extensions safe and manageable, there is a strict set of governance  applied to the definition and use of extensions. Though any implementer is allowed to define an extension, there is a set of requirements that SHALL be met as part of the definition of the extension."/>
      <comment value="There can be no stigma associated with the use of extensions by any application, project, or standard - regardless of the institution or jurisdiction that uses or defines the extensions.  The use of extensions is what allows the FHIR specification to retain a core level of simplicity for everyone."/>
      <alias value="extensions"/>
      <alias value="user content"/>
      <min value="0"/>
      <max value="*"/>
      <base>
        <path value="DomainResource.extension"/>
        <min value="0"/>
        <max value="*"/>
      </base>
      <type>
        <code value="Extension"/>
      </type>
      <mapping>
        <identity value="rim"/>
        <map value="N/A"/>
      </mapping>
    </element>
    <element id="MedicationStatement:cimi-medication-MedicationUsedStatement.extension:subjectofinformation">
      <path value="MedicationStatement.extension"/>
      <sliceName value="subjectofinformation"/>
      <definition value="The person or thing that this entry relates to, usually the Person of Record (see Entry). However, not all entries have health information specifically about the patient, but in different contexts, could refer to a fetus, family member (living or dead), device, location, organization, behavior, finding, condition, wound, or intervention.&#xA;CIMI alignment: SubjectOfInformation is not a Participation -- unlike CIMI. There&#39;s no action to participate in. Participant has extra unnecessary attributes, such as &#39;onBehalfOf&#39;."/>
      <min value="1"/>
      <max value="1"/>
      <type>
        <code value="Extension"/>
        <profile value="http://standardhealthrecord.org/fhir/StructureDefinition/cimi-core-SubjectOfInformation-extension"/>
      </type>
    </element>
    <element id="MedicationStatement:cimi-medication-MedicationUsedStatement.extension:annotation">
      <path value="MedicationStatement.extension"/>
      <sliceName value="annotation"/>
      <definition value="An added or follow-up note, often after the fact, that contains metadata about who made the statement and when."/>
      <min value="0"/>
      <max value="*"/>
      <type>
        <code value="Extension"/>
        <profile value="http://standardhealthrecord.org/fhir/StructureDefinition/cimi-element-Annotation-extension"/>
      </type>
    </element>
    <element id="MedicationStatement:cimi-medication-MedicationUsedStatement.extension:recordstatus">
      <path value="MedicationStatement.extension"/>
      <sliceName value="recordstatus"/>
      <definition value="Concept indicating the state of this record, e.g., &#39;entered in error&#39;."/>
      <min value="0"/>
      <max value="1"/>
      <type>
        <code value="Extension"/>
        <profile value="http://standardhealthrecord.org/fhir/StructureDefinition/cimi-core-RecordStatus-extension"/>
      </type>
    </element>
    <element id="MedicationStatement:cimi-medication-MedicationUsedStatement.extension:recorded">
      <path value="MedicationStatement.extension"/>
      <sliceName value="recorded"/>
      <definition value="The person who entered the order on behalf of another individual for example in the case of a verbal or a telephone order."/>
      <min value="0"/>
      <max value="1"/>
      <type>
        <code value="Extension"/>
        <profile value="http://standardhealthrecord.org/fhir/StructureDefinition/cimi-core-Recorded-extension"/>
      </type>
    </element>
    <element id="MedicationStatement:cimi-medication-MedicationUsedStatement.extension:signed">
      <path value="MedicationStatement.extension"/>
      <sliceName value="signed"/>
      <definition value="Provenance information specific to the signing of the clinical statement."/>
      <min value="0"/>
      <max value="1"/>
      <type>
        <code value="Extension"/>
        <profile value="http://standardhealthrecord.org/fhir/StructureDefinition/cimi-core-Signed-extension"/>
      </type>
    </element>
    <element id="MedicationStatement:cimi-medication-MedicationUsedStatement.extension:cosigned">
      <path value="MedicationStatement.extension"/>
      <sliceName value="cosigned"/>
      <definition value="Provenance information specific to the cosigning of the clinical statement."/>
      <min value="0"/>
      <max value="*"/>
      <type>
        <code value="Extension"/>
        <profile value="http://standardhealthrecord.org/fhir/StructureDefinition/cimi-core-Cosigned-extension"/>
      </type>
    </element>
    <element id="MedicationStatement:cimi-medication-MedicationUsedStatement.extension:verified">
      <path value="MedicationStatement.extension"/>
      <sliceName value="verified"/>
      <definition value="Provenance information specific to the verification process associated with this statement (e.g., verifier, when verified, etc.)"/>
      <min value="0"/>
      <max value="*"/>
      <type>
        <code value="Extension"/>
        <profile value="http://standardhealthrecord.org/fhir/StructureDefinition/cimi-core-Verified-extension"/>
      </type>
    </element>
    <element id="MedicationStatement:cimi-medication-MedicationUsedStatement.modifierExtension">
      <path value="MedicationStatement.modifierExtension"/>
      <short value="Extensions that cannot be ignored"/>
      <definition value="May be used to represent additional information that is not part of the basic definition of the resource, and that modifies the understanding of the element that contains it. Usually modifier elements provide negation or qualification. In order to make the use of extensions safe and manageable, there is a strict set of governance applied to the definition and use of extensions. Though any implementer is allowed to define an extension, there is a set of requirements that SHALL be met as part of the definition of the extension. Applications processing a resource are required to check for modifier extensions."/>
      <comment value="There can be no stigma associated with the use of extensions by any application, project, or standard - regardless of the institution or jurisdiction that uses or defines the extensions.  The use of extensions is what allows the FHIR specification to retain a core level of simplicity for everyone."/>
      <alias value="extensions"/>
      <alias value="user content"/>
      <min value="0"/>
      <max value="*"/>
      <base>
        <path value="DomainResource.modifierExtension"/>
        <min value="0"/>
        <max value="*"/>
      </base>
      <type>
        <code value="Extension"/>
      </type>
      <isModifier value="true"/>
      <mapping>
        <identity value="rim"/>
        <map value="N/A"/>
      </mapping>
    </element>
    <element id="MedicationStatement:cimi-medication-MedicationUsedStatement.identifier">
      <path value="MedicationStatement.identifier"/>
      <short value="External identifier"/>
      <definition value="External identifier - FHIR will generate its own internal identifiers (probably URLs) which do not need to be explicitly managed by the resource.  The identifier here is one that would be used by another non-FHIR system - for example an automated medication pump would provide a record each time it operated; an administration while the patient was off the ward might be made with a different system and entered after the event.  Particularly important if these records have to be updated."/>
      <min value="0"/>
      <max value="*"/>
      <base>
        <path value="MedicationStatement.identifier"/>
        <min value="0"/>
        <max value="*"/>
      </base>
      <type>
        <code value="Identifier"/>
      </type>
      <isSummary value="true"/>
      <mapping>
        <identity value="workflow"/>
        <map value="&#x2026;identifer"/>
      </mapping>
      <mapping>
        <identity value="rim"/>
        <map value=".id"/>
      </mapping>
      <mapping>
        <identity value="w5"/>
        <map value="id"/>
      </mapping>
    </element>
    <element id="MedicationStatement:cimi-medication-MedicationUsedStatement.basedOn">
      <path value="MedicationStatement.basedOn"/>
      <short value="Fulfils plan, proposal or order"/>
      <definition value="A plan, proposal or order that is fulfilled in whole or in part by this event."/>
      <requirements value="Allows tracing of authorization for the event and tracking whether proposals/recommendations were acted upon."/>
      <min value="0"/>
      <max value="*"/>
      <base>
        <path value="MedicationStatement.basedOn"/>
        <min value="0"/>
        <max value="*"/>
      </base>
      <type>
        <code value="Reference"/>
        <targetProfile value="http://hl7.org/fhir/StructureDefinition/MedicationRequest"/>
      </type>
      <type>
        <code value="Reference"/>
        <targetProfile value="http://hl7.org/fhir/StructureDefinition/CarePlan"/>
      </type>
      <type>
        <code value="Reference"/>
        <targetProfile value="http://hl7.org/fhir/StructureDefinition/ProcedureRequest"/>
      </type>
      <type>
        <code value="Reference"/>
        <targetProfile value="http://hl7.org/fhir/StructureDefinition/ReferralRequest"/>
      </type>
      <isSummary value="true"/>
      <mapping>
        <identity value="workflow"/>
        <map value="&#x2026;basedOn"/>
      </mapping>
      <mapping>
        <identity value="rim"/>
        <map value=".outboundRelationship[typeCode=FLFS].target[classCode=SBADM or PROC or PCPR or OBS, moodCode=RQO orPLAN or PRP]"/>
      </mapping>
    </element>
    <element id="MedicationStatement:cimi-medication-MedicationUsedStatement.partOf">
      <path value="MedicationStatement.partOf"/>
      <short value="Part of referenced event"/>
      <definition value="A larger event of which this particular event is a component or step."/>
      <requirements value="This should not be used when indicating which resource a MedicationStatement has been derived from.  If that is the use case, then MedicationStatement.derivedFrom should be used."/>
      <min value="0"/>
      <max value="*"/>
      <base>
        <path value="MedicationStatement.partOf"/>
        <min value="0"/>
        <max value="*"/>
      </base>
      <type>
        <code value="Reference"/>
        <targetProfile value="http://hl7.org/fhir/StructureDefinition/MedicationAdministration"/>
      </type>
      <type>
        <code value="Reference"/>
        <targetProfile value="http://hl7.org/fhir/StructureDefinition/MedicationDispense"/>
      </type>
      <type>
        <code value="Reference"/>
        <targetProfile value="http://hl7.org/fhir/StructureDefinition/MedicationStatement"/>
      </type>
      <type>
        <code value="Reference"/>
        <targetProfile value="http://hl7.org/fhir/StructureDefinition/Procedure"/>
      </type>
      <type>
        <code value="Reference"/>
        <targetProfile value="http://hl7.org/fhir/StructureDefinition/Observation"/>
      </type>
      <isSummary value="true"/>
      <mapping>
        <identity value="workflow"/>
        <map value="&#x2026;part of"/>
      </mapping>
      <mapping>
        <identity value="rim"/>
        <map value=".outboundRelationship[typeCode=COMP]/target[classCode=SPLY or SBADM or PROC or OBS,moodCode=EVN]"/>
      </mapping>
    </element>
    <element id="MedicationStatement:cimi-medication-MedicationUsedStatement.context">
      <path value="MedicationStatement.context"/>
      <short value="Encounter / Episode associated with MedicationStatement"/>
      <definition value="The encounter or episode of care that establishes the context for this MedicationStatement."/>
      <min value="0"/>
      <max value="1"/>
      <base>
        <path value="MedicationStatement.context"/>
        <min value="0"/>
        <max value="1"/>
      </base>
      <type>
        <code value="Reference"/>
        <targetProfile value="http://hl7.org/fhir/StructureDefinition/Encounter"/>
      </type>
      <type>
        <code value="Reference"/>
        <targetProfile value="http://hl7.org/fhir/StructureDefinition/EpisodeOfCare"/>
      </type>
      <isSummary value="true"/>
      <mapping>
        <identity value="workflow"/>
        <map value="&#x2026;context"/>
      </mapping>
      <mapping>
        <identity value="rim"/>
        <map value=".inboundRelationship[typeCode=COMP].source[classCode=ENC, moodCode=EVN, code=&quot;type of encounter or episode&quot;]"/>
      </mapping>
    </element>
    <element id="MedicationStatement:cimi-medication-MedicationUsedStatement.status">
      <path value="MedicationStatement.status"/>
      <short value="active | completed | entered-in-error | intended | stopped | on-hold"/>
      <definition value="A code representing the patient or other source&#39;s judgment about the state of the medication used that this statement is about.  Generally this will be active or completed."/>
      <comment value="MedicationStatement is a statement at a point in time.  The status is only representative at the point when it was asserted.  The value set for MedicationStatement.status contains codes that assert the status of the use of the medication by the patient (for example, stopped or on hold) as well as codes that assert the status of the medication statement itself (for example, entered in error).&#xA;&#xA;This element is labeled as a modifier because the status contains codes that mark the resource as not currently valid."/>
      <min value="1"/>
      <max value="1"/>
      <base>
        <path value="MedicationStatement.status"/>
        <min value="1"/>
        <max value="1"/>
      </base>
      <type>
        <code value="code"/>
      </type>
      <mustSupport value="true"/>
      <isModifier value="true"/>
      <isSummary value="true"/>
      <binding>
        <strength value="required"/>
        <description value="A set of codes indicating the current status of a MedicationStatement."/>
        <valueSetReference>
          <reference value="http://hl7.org/fhir/ValueSet/medication-statement-status"/>
        </valueSetReference>
      </binding>
      <mapping>
        <identity value="workflow"/>
        <map value="&#x2026;status"/>
      </mapping>
      <mapping>
        <identity value="rim"/>
        <map value=".statusCode"/>
      </mapping>
      <mapping>
        <identity value="w5"/>
        <map value="status"/>
      </mapping>
      <mapping>
        <identity value="argonaut-dq-dstu2"/>
        <map value="MedicationStatement.status"/>
      </mapping>
    </element>
    <element id="MedicationStatement:cimi-medication-MedicationUsedStatement.category">
      <path value="MedicationStatement.category"/>
      <short value="Type of medication usage"/>
      <definition value="Indicates where type of medication statement and where the medication is expected to be consumed or administered."/>
      <min value="0"/>
      <max value="1"/>
      <base>
        <path value="MedicationStatement.category"/>
        <min value="0"/>
        <max value="1"/>
      </base>
      <type>
        <code value="CodeableConcept"/>
        <profile value="http://standardhealthrecord.org/fhir/StructureDefinition/shr-core-CodeableConcept"/>
      </type>
      <isSummary value="true"/>
      <binding>
        <extension url="http://hl7.org/fhir/StructureDefinition/elementdefinition-bindingName">
          <valueString value="MedicationStatementCategory"/>
        </extension>
        <strength value="preferred"/>
        <description value="A coded concept identifying where the medication included in the medicationstatement is expected to be consumed or administered"/>
        <valueSetReference>
          <reference value="http://hl7.org/fhir/ValueSet/medication-statement-category"/>
        </valueSetReference>
      </binding>
      <mapping>
        <identity value="rim"/>
        <map value=".inboundRelationship[typeCode=COMP].source[classCode=OBS, moodCode=EVN, code=&quot;type of medication usage&quot;].value"/>
      </mapping>
      <mapping>
        <identity value="w5"/>
        <map value="class"/>
      </mapping>
    </element>
    <element id="MedicationStatement:cimi-medication-MedicationUsedStatement.medicationReference">
      <path value="MedicationStatement.medicationReference"/>
      <short value="What medication was taken"/>
      <definition value="Identifies the medication being administered. This is either a link to a resource representing the details of the medication or a simple attribute carrying a code that identifies the medication from a known list of medications."/>
      <comment value="If only a code is specified, then it needs to be a code for a specific product. If more information is required, then the use of the medication resource is recommended.&#xA0; For example if&#xA0;you require&#xA0;form or&#xA0;lot number, then you must&#xA0;reference the Medication resource.&#xA0;."/>
      <min value="1"/>
      <max value="1"/>
      <base>
        <path value="MedicationStatement.medication[x]"/>
        <min value="1"/>
        <max value="1"/>
      </base>
      <type>
        <code value="Reference"/>
        <targetProfile value="http://standardhealthrecord.org/fhir/StructureDefinition/cimi-entity-Medication"/>
      </type>
      <mustSupport value="true"/>
      <isSummary value="true"/>
      <binding>
        <strength value="extensible"/>
        <description value="Prescribable medications"/>
        <valueSetReference>
          <reference value="http://hl7.org/fhir/us/core/ValueSet/us-core-medication-codes"/>
        </valueSetReference>
      </binding>
      <mapping>
        <identity value="workflow"/>
        <map value="&#x2026;code"/>
      </mapping>
      <mapping>
        <identity value="rim"/>
        <map value=".participation[typeCode=CSM].role[classCode=ADMM or MANU]"/>
      </mapping>
      <mapping>
        <identity value="w5"/>
        <map value="what"/>
      </mapping>
      <mapping>
        <identity value="argonaut-dq-dstu2"/>
        <map value="MedicationStatement.medication[x]"/>
      </mapping>
    </element>
    <element id="MedicationStatement:cimi-medication-MedicationUsedStatement.effective[x]">
      <path value="MedicationStatement.effective[x]"/>
      <short value="The date/time or interval when the medication was taken"/>
      <definition value="The interval of time during which it is being asserted that the patient was taking the medication (or was not taking, when the wasNotGiven element is true)."/>
      <comment value="This attribute reflects the period over which the patient consumed the medication and is expected to be populated on the majority of Medication Statements. If the medication is still being taken at the time the statement is recorded, the &quot;end&quot; date will be omitted."/>
      <min value="1"/>
      <max value="1"/>
      <base>
        <path value="MedicationStatement.effective[x]"/>
        <min value="0"/>
        <max value="1"/>
      </base>
      <type>
        <code value="dateTime"/>
      </type>
      <type>
        <code value="Period"/>
      </type>
      <mustSupport value="true"/>
      <isSummary value="true"/>
      <mapping>
        <identity value="workflow"/>
        <map value="&#x2026;occurrence[x]"/>
      </mapping>
      <mapping>
        <identity value="rim"/>
        <map value=".effectiveTime"/>
      </mapping>
      <mapping>
        <identity value="w5"/>
        <map value="when.done"/>
      </mapping>
      <mapping>
        <identity value="argonaut-dq-dstu2"/>
        <map value="MedicationStatement.effective[x]"/>
      </mapping>
    </element>
    <element id="MedicationStatement:cimi-medication-MedicationUsedStatement.dateAsserted">
      <path value="MedicationStatement.dateAsserted"/>
      <short value="When the statement was asserted?"/>
      <definition value="The date when the medication statement was asserted by the information source."/>
      <min value="1"/>
      <max value="1"/>
      <base>
        <path value="MedicationStatement.dateAsserted"/>
        <min value="0"/>
        <max value="1"/>
      </base>
      <type>
        <code value="dateTime"/>
      </type>
      <mustSupport value="true"/>
      <isSummary value="true"/>
      <mapping>
        <identity value="rim"/>
        <map value=".participation[typeCode=AUT].time"/>
      </mapping>
      <mapping>
        <identity value="w5"/>
        <map value="when.recorded"/>
      </mapping>
      <mapping>
        <identity value="argonaut-dq-dstu2"/>
        <map value="MedicationStatement.dateAsserted"/>
      </mapping>
    </element>
    <element id="MedicationStatement:cimi-medication-MedicationUsedStatement.informationSource">
      <path value="MedicationStatement.informationSource"/>
      <short value="Person or organization that provided the information about the taking of this medication"/>
      <definition value="The person or organization that provided the information about the taking of this medication. Note: Use derivedFrom when a MedicationStatement is derived from other resources, e.g Claim or MedicationRequest."/>
      <min value="0"/>
      <max value="1"/>
      <base>
        <path value="MedicationStatement.informationSource"/>
        <min value="0"/>
        <max value="1"/>
      </base>
      <type>
        <code value="Reference"/>
        <targetProfile value="http://standardhealthrecord.org/fhir/StructureDefinition/cimi-entity-Patient"/>
      </type>
      <type>
        <code value="Reference"/>
        <targetProfile value="http://standardhealthrecord.org/fhir/StructureDefinition/cimi-entity-Practitioner"/>
      </type>
      <type>
        <code value="Reference"/>
        <targetProfile value="http://standardhealthrecord.org/fhir/StructureDefinition/cimi-entity-RelatedPerson"/>
      </type>
      <mapping>
        <identity value="rim"/>
        <map value=".participation[typeCode=INF].role[classCode=PAT, or codes for Practioner or Related Person (if PAT is the informer, then syntax for self-reported =true)"/>
      </mapping>
      <mapping>
        <identity value="w5"/>
        <map value="who.source"/>
      </mapping>
    </element>
    <element id="MedicationStatement:cimi-medication-MedicationUsedStatement.subject">
      <path value="MedicationStatement.subject"/>
      <short value="Who is/was taking  the medication"/>
      <definition value="The person, animal or group who is/was taking the medication."/>
      <min value="1"/>
      <max value="1"/>
      <base>
        <path value="MedicationStatement.subject"/>
        <min value="1"/>
        <max value="1"/>
      </base>
      <type>
        <code value="Reference"/>
        <targetProfile value="http://hl7.org/fhir/us/core/StructureDefinition/us-core-patient"/>
      </type>
      <mustSupport value="true"/>
      <isSummary value="true"/>
      <mapping>
        <identity value="workflow"/>
        <map value="&#x2026;subject"/>
      </mapping>
      <mapping>
        <identity value="v2"/>
        <map value="PID-3-Patient ID List"/>
      </mapping>
      <mapping>
        <identity value="rim"/>
        <map value=".participation[typeCode=SBJ].role[classCode=PAT]"/>
      </mapping>
      <mapping>
        <identity value="w5"/>
        <map value="who"/>
      </mapping>
      <mapping>
        <identity value="argonaut-dq-dstu2"/>
        <map value="MedicationStatement.patient"/>
      </mapping>
    </element>
    <element id="MedicationStatement:cimi-medication-MedicationUsedStatement.derivedFrom">
      <path value="MedicationStatement.derivedFrom"/>
      <short value="Additional supporting information"/>
      <definition value="Allows linking the MedicationStatement to the underlying MedicationRequest, or to other information that supports or is used to derive the MedicationStatement."/>
      <comment value="Likely references would be to [US Core MedicationRequest Profile](http://hl7.org/fhir/us/core/StructureDefinition-us-core-medicationrequest.html), MedicationDispense, Claim, Observation or QuestionnaireAnswers.  The most common use cases for deriving a MedicationStatement comes from creating a MedicationStatement from a MedicationRequest or from a lab observation or a claim.  it should be noted that the amount of information that is available varies from the type resource that you derive the MedicationStatement from."/>
      <min value="0"/>
      <max value="*"/>
      <base>
        <path value="MedicationStatement.derivedFrom"/>
        <min value="0"/>
        <max value="*"/>
      </base>
      <type>
        <code value="Reference"/>
        <targetProfile value="http://hl7.org/fhir/StructureDefinition/Resource"/>
      </type>
      <mustSupport value="true"/>
      <mapping>
        <identity value="rim"/>
        <map value=".outboundRelationship[typeCode=SPRT]/target[classCode=ACT,moodCode=EVN]"/>
      </mapping>
      <mapping>
        <identity value="argonaut-dq-dstu2"/>
        <map value="NA (new element in STU3)"/>
      </mapping>
    </element>
    <element id="MedicationStatement:cimi-medication-MedicationUsedStatement.taken">
      <path value="MedicationStatement.taken"/>
      <short value="y | n | unk | na"/>
      <definition value="Indicator of the certainty of whether the medication was taken by the patient."/>
      <comment value="This element is labeled as a modifier because it indicates that the medication was not taken."/>
      <min value="1"/>
      <max value="1"/>
      <base>
        <path value="MedicationStatement.taken"/>
        <min value="1"/>
        <max value="1"/>
      </base>
      <type>
        <code value="code"/>
      </type>
      <fixedCode value="y"/>
      <mustSupport value="true"/>
      <isModifier value="true"/>
      <isSummary value="true"/>
      <binding>
        <strength value="required"/>
        <valueSetReference>
          <reference value="http://hl7.org/fhir/ValueSet/medication-statement-taken"/>
        </valueSetReference>
      </binding>
      <mapping>
        <identity value="workflow"/>
        <map value="&#x2026;notDone"/>
      </mapping>
      <mapping>
        <identity value="rim"/>
        <map value=".actionNegationInd"/>
      </mapping>
      <mapping>
        <identity value="argonaut-dq-dstu2"/>
        <map value="NA (new element in STU3)"/>
      </mapping>
    </element>
    <element id="MedicationStatement:cimi-medication-MedicationUsedStatement.reasonNotTaken">
      <path value="MedicationStatement.reasonNotTaken"/>
      <short value="True if asserting medication was not given"/>
      <definition value="A code indicating why the medication was not taken."/>
      <min value="0"/>
      <max value="0"/>
      <base>
        <path value="MedicationStatement.reasonNotTaken"/>
        <min value="0"/>
        <max value="*"/>
      </base>
      <type>
        <code value="CodeableConcept"/>
      </type>
      <condition value="mst-1"/>
      <binding>
        <extension url="http://hl7.org/fhir/StructureDefinition/elementdefinition-bindingName">
          <valueString value="MedicationStatementNotTakenReason"/>
        </extension>
        <strength value="example"/>
        <description value="A coded concept indicating the reason why the medication was not taken"/>
        <valueSetReference>
          <reference value="http://hl7.org/fhir/ValueSet/reason-medication-not-taken-codes"/>
        </valueSetReference>
      </binding>
      <mapping>
        <identity value="rim"/>
        <map value=".outboundRelationship[typeCode=RSON]/target[classCode=OBS,moodCode=EVN, code=&quot;reason not taken&quot;].value"/>
      </mapping>
    </element>
    <element id="MedicationStatement:cimi-medication-MedicationUsedStatement.reasonCode">
      <path value="MedicationStatement.reasonCode"/>
      <short value="Reason for why the medication is being/was taken"/>
      <definition value="A reason for why the medication is being/was taken."/>
      <comment value="This could be a diagnosis code. If a full condition record exists or additional detail is needed, use reasonForUseReference."/>
      <min value="0"/>
      <max value="*"/>
      <base>
        <path value="MedicationStatement.reasonCode"/>
        <min value="0"/>
        <max value="*"/>
      </base>
      <type>
        <code value="CodeableConcept"/>
        <profile value="http://standardhealthrecord.org/fhir/StructureDefinition/shr-core-CodeableConcept"/>
      </type>
      <binding>
        <extension url="http://hl7.org/fhir/StructureDefinition/elementdefinition-bindingName">
          <valueString value="MedicationReason"/>
        </extension>
        <strength value="example"/>
        <description value="A coded concept identifying why the medication is being taken."/>
        <valueSetReference>
          <reference value="http://hl7.org/fhir/ValueSet/condition-code"/>
        </valueSetReference>
      </binding>
      <mapping>
        <identity value="workflow"/>
        <map value="&#x2026;reasoneCodeableConcept"/>
      </mapping>
      <mapping>
        <identity value="rim"/>
        <map value=".reasonCode"/>
      </mapping>
      <mapping>
        <identity value="w5"/>
        <map value="why"/>
      </mapping>
    </element>
    <element id="MedicationStatement:cimi-medication-MedicationUsedStatement.reasonReference">
      <path value="MedicationStatement.reasonReference"/>
      <short value="Condition or observation that supports why the medication is being/was taken"/>
      <definition value="Condition or observation that supports why the medication is being/was taken."/>
      <comment value="This is a reference to a condition that is the reason why the medication is being/was taken.  If only a code exists, use reasonForUseCode."/>
      <min value="0"/>
      <max value="*"/>
      <base>
        <path value="MedicationStatement.reasonReference"/>
        <min value="0"/>
        <max value="*"/>
      </base>
      <type>
        <code value="Reference"/>
        <targetProfile value="http://hl7.org/fhir/StructureDefinition/Condition"/>
      </type>
      <type>
        <code value="Reference"/>
        <targetProfile value="http://hl7.org/fhir/StructureDefinition/Observation"/>
      </type>
      <mapping>
        <identity value="workflow"/>
        <map value="&#x2026;reasonReference"/>
      </mapping>
      <mapping>
        <identity value="rim"/>
        <map value=".outboundRelationship[typeCode=RSON]/target[classCode=OBS,moodCode=EVN, code=&quot;reason for use&quot;].value"/>
      </mapping>
      <mapping>
        <identity value="w5"/>
        <map value="why"/>
      </mapping>
    </element>
    <element id="MedicationStatement:cimi-medication-MedicationUsedStatement.note">
      <path value="MedicationStatement.note"/>
      <short value="Further information about the statement"/>
      <definition value="Provides extra information about the medication statement that is not conveyed by the other attributes."/>
      <min value="0"/>
      <max value="*"/>
      <base>
        <path value="MedicationStatement.note"/>
        <min value="0"/>
        <max value="*"/>
      </base>
      <type>
        <code value="Annotation"/>
      </type>
      <mapping>
        <identity value="workflow"/>
        <map value="&#x2026;note"/>
      </mapping>
      <mapping>
        <identity value="rim"/>
        <map value=".inboundRelationship[typeCode=SUBJ]/source[classCode=OBS,moodCode=EVN,code=&quot;annotation&quot;].value"/>
      </mapping>
    </element>
    <element id="MedicationStatement:cimi-medication-MedicationUsedStatement.dosage">
      <path value="MedicationStatement.dosage"/>
      <short value="Details of how medication is/was taken or should be taken"/>
      <definition value="Indicates how the medication is/was or should be taken by the patient."/>
      <comment value="The dates included in the dosage on a Medication Statement reflect the dates for a given dose.  For example, &quot;from November 1, 2016 to November 3, 2016, take one tablet daily and from November 4, 2016 to November 7, 2016, take two tablets daily.&quot;  It is expected that this specificity may only be populated where the patient brings in their labeled container or where the Medication Statement is derived from a MedicationRequest."/>
      <min value="0"/>
      <max value="1"/>
      <base>
        <path value="MedicationStatement.dosage"/>
        <min value="0"/>
        <max value="*"/>
      </base>
      <type>
        <code value="Dosage"/>
        <profile value="http://standardhealthrecord.org/fhir/StructureDefinition/cimi-medication-Dosage"/>
      </type>
      <mapping>
        <identity value="rim"/>
        <map value="refer dosageInstruction mapping"/>
      </mapping>
    </element>
  </snapshot>
  <differential>
    <element id="MedicationStatement:cimi-medication-MedicationUsedStatement">
      <path value="MedicationStatement"/>
      <short value="SHR MedicationUsedStatement Profile"/>
      <definition value="A record of the use of a medication."/>
      <mustSupport value="false"/>
    </element>
    <element id="MedicationStatement:cimi-medication-MedicationUsedStatement.extension:subjectofinformation">
      <path value="MedicationStatement.extension"/>
      <sliceName value="subjectofinformation"/>
      <definition value="The person or thing that this entry relates to, usually the Person of Record (see Entry). However, not all entries have health information specifically about the patient, but in different contexts, could refer to a fetus, family member (living or dead), device, location, organization, behavior, finding, condition, wound, or intervention.&#xA;CIMI alignment: SubjectOfInformation is not a Participation -- unlike CIMI. There&#39;s no action to participate in. Participant has extra unnecessary attributes, such as &#39;onBehalfOf&#39;."/>
      <min value="1"/>
      <max value="1"/>
      <type>
        <code value="Extension"/>
        <profile value="http://standardhealthrecord.org/fhir/StructureDefinition/cimi-core-SubjectOfInformation-extension"/>
      </type>
    </element>
    <element id="MedicationStatement:cimi-medication-MedicationUsedStatement.extension:annotation">
      <path value="MedicationStatement.extension"/>
      <sliceName value="annotation"/>
      <definition value="An added or follow-up note, often after the fact, that contains metadata about who made the statement and when."/>
      <min value="0"/>
      <max value="*"/>
      <type>
        <code value="Extension"/>
        <profile value="http://standardhealthrecord.org/fhir/StructureDefinition/cimi-element-Annotation-extension"/>
      </type>
    </element>
    <element id="MedicationStatement:cimi-medication-MedicationUsedStatement.extension:recordstatus">
      <path value="MedicationStatement.extension"/>
      <sliceName value="recordstatus"/>
      <definition value="Concept indicating the state of this record, e.g., &#39;entered in error&#39;."/>
      <min value="0"/>
      <max value="1"/>
      <type>
        <code value="Extension"/>
        <profile value="http://standardhealthrecord.org/fhir/StructureDefinition/cimi-core-RecordStatus-extension"/>
      </type>
    </element>
    <element id="MedicationStatement:cimi-medication-MedicationUsedStatement.extension:recorded">
      <path value="MedicationStatement.extension"/>
      <sliceName value="recorded"/>
      <definition value="The person who entered the order on behalf of another individual for example in the case of a verbal or a telephone order."/>
      <min value="0"/>
      <max value="1"/>
      <type>
        <code value="Extension"/>
        <profile value="http://standardhealthrecord.org/fhir/StructureDefinition/cimi-core-Recorded-extension"/>
      </type>
    </element>
    <element id="MedicationStatement:cimi-medication-MedicationUsedStatement.extension:signed">
      <path value="MedicationStatement.extension"/>
      <sliceName value="signed"/>
      <definition value="Provenance information specific to the signing of the clinical statement."/>
      <min value="0"/>
      <max value="1"/>
      <type>
        <code value="Extension"/>
        <profile value="http://standardhealthrecord.org/fhir/StructureDefinition/cimi-core-Signed-extension"/>
      </type>
    </element>
    <element id="MedicationStatement:cimi-medication-MedicationUsedStatement.extension:cosigned">
      <path value="MedicationStatement.extension"/>
      <sliceName value="cosigned"/>
      <definition value="Provenance information specific to the cosigning of the clinical statement."/>
      <min value="0"/>
      <max value="*"/>
      <type>
        <code value="Extension"/>
        <profile value="http://standardhealthrecord.org/fhir/StructureDefinition/cimi-core-Cosigned-extension"/>
      </type>
    </element>
    <element id="MedicationStatement:cimi-medication-MedicationUsedStatement.extension:verified">
      <path value="MedicationStatement.extension"/>
      <sliceName value="verified"/>
      <definition value="Provenance information specific to the verification process associated with this statement (e.g., verifier, when verified, etc.)"/>
      <min value="0"/>
      <max value="*"/>
      <type>
        <code value="Extension"/>
        <profile value="http://standardhealthrecord.org/fhir/StructureDefinition/cimi-core-Verified-extension"/>
      </type>
    </element>
    <element id="MedicationStatement:cimi-medication-MedicationUsedStatement.category">
      <path value="MedicationStatement.category"/>
      <type>
        <code value="CodeableConcept"/>
        <profile value="http://standardhealthrecord.org/fhir/StructureDefinition/shr-core-CodeableConcept"/>
      </type>
    </element>
    <element id="MedicationStatement:cimi-medication-MedicationUsedStatement.medicationReference">
      <path value="MedicationStatement.medicationReference"/>
      <type>
        <code value="Reference"/>
        <targetProfile value="http://standardhealthrecord.org/fhir/StructureDefinition/cimi-entity-Medication"/>
      </type>
    </element>
    <element id="MedicationStatement:cimi-medication-MedicationUsedStatement.effective[x]">
      <path value="MedicationStatement.effective[x]"/>
      <min value="1"/>
      <max value="1"/>
    </element>
    <element id="MedicationStatement:cimi-medication-MedicationUsedStatement.informationSource">
      <path value="MedicationStatement.informationSource"/>
      <type>
        <code value="Reference"/>
        <targetProfile value="http://standardhealthrecord.org/fhir/StructureDefinition/cimi-entity-Patient"/>
      </type>
      <type>
        <code value="Reference"/>
        <targetProfile value="http://standardhealthrecord.org/fhir/StructureDefinition/cimi-entity-Practitioner"/>
      </type>
      <type>
        <code value="Reference"/>
        <targetProfile value="http://standardhealthrecord.org/fhir/StructureDefinition/cimi-entity-RelatedPerson"/>
      </type>
    </element>
    <element id="MedicationStatement:cimi-medication-MedicationUsedStatement.taken">
      <path value="MedicationStatement.taken"/>
      <fixedCode value="y"/>
    </element>
    <element id="MedicationStatement:cimi-medication-MedicationUsedStatement.reasonNotTaken">
      <path value="MedicationStatement.reasonNotTaken"/>
      <min value="0"/>
      <max value="0"/>
    </element>
    <element id="MedicationStatement:cimi-medication-MedicationUsedStatement.reasonCode">
      <path value="MedicationStatement.reasonCode"/>
      <type>
        <code value="CodeableConcept"/>
        <profile value="http://standardhealthrecord.org/fhir/StructureDefinition/shr-core-CodeableConcept"/>
      </type>
    </element>
    <element id="MedicationStatement:cimi-medication-MedicationUsedStatement.dosage">
      <path value="MedicationStatement.dosage"/>
      <min value="0"/>
      <max value="1"/>
      <type>
        <code value="Dosage"/>
        <profile value="http://standardhealthrecord.org/fhir/StructureDefinition/cimi-medication-Dosage"/>
      </type>
    </element>
  </differential>
</StructureDefinition>