<?xml version="1.0" encoding="UTF-8"?>

<StructureDefinition xmlns="http://hl7.org/fhir">
  <id value="cimi-topic-ConditionTopic-extension"/>
  <text>
    <status value="generated"/><div xmlns="http://www.w3.org/1999/xhtml">
  <p><b>SHR ConditionTopic Extension</b></p>
  <p>A condition, independent of context. 'Condition' is interpreted broadly to include disorder, abnormality, problem, injury, complaint, functionality, concern, illness, disease, ailment, sickness, affliction, upset, difficulty, disorder, symptom, worry, or trouble, independent of context.
CIMI deviation: AnatomicalLocation is included here, rather than being a property of FindingSiteAssertionTopic, since it is a common property of conditions. Severity, diseasePhase, periodicity, and other properites of an actual observed condition belong in ConditionPresenceContext.</p>
</div>
  </text>
  <url value="http://standardhealthrecord.org/fhir/StructureDefinition/cimi-topic-ConditionTopic-extension"/>
  <identifier>
    <system value="http://standardhealthrecord.org"/>
    <value value="cimi.topic.ConditionTopic"/>
  </identifier>
  <version value="0.1.0"/>
  <name value="ConditionTopicExtension"/>
  <title value="SHR ConditionTopic Extension"/>
  <status value="draft"/>
  <date value="2018-08-22T00:00:00-04:00"/>
  <publisher value="The MITRE Corporation: Standard Health Record Collaborative"/>
  <contact>
    <telecom>
      <system value="url"/>
      <value value="http://standardhealthrecord.org"/>
    </telecom>
  </contact>
  <description value="A condition, independent of context. &#39;Condition&#39; is interpreted broadly to include disorder, abnormality, problem, injury, complaint, functionality, concern, illness, disease, ailment, sickness, affliction, upset, difficulty, disorder, symptom, worry, or trouble, independent of context.&#xA;CIMI deviation: AnatomicalLocation is included here, rather than being a property of FindingSiteAssertionTopic, since it is a common property of conditions. Severity, diseasePhase, periodicity, and other properites of an actual observed condition belong in ConditionPresenceContext."/>
  <fhirVersion value="3.0.1"/>
  <kind value="complex-type"/>
  <abstract value="false"/>
  <contextType value="resource"/>
  <context value="*"/>
  <type value="Extension"/>
  <baseDefinition value="http://hl7.org/fhir/StructureDefinition/Extension"/>
  <derivation value="constraint"/>
  <snapshot>
    <element id="Extension:conditiontopic">
      <path value="Extension"/>
      <short value="SHR ConditionTopic Extension"/>
      <definition value="A condition, independent of context. &#39;Condition&#39; is interpreted broadly to include disorder, abnormality, problem, injury, complaint, functionality, concern, illness, disease, ailment, sickness, affliction, upset, difficulty, disorder, symptom, worry, or trouble, independent of context.&#xA;CIMI deviation: AnatomicalLocation is included here, rather than being a property of FindingSiteAssertionTopic, since it is a common property of conditions. Severity, diseasePhase, periodicity, and other properites of an actual observed condition belong in ConditionPresenceContext."/>
      <min value="0"/>
      <max value="*"/>
      <base>
        <path value="Extension"/>
        <min value="0"/>
        <max value="1"/>
      </base>
      <condition value="ele-1"/>
      <constraint>
        <key value="ele-1"/>
        <severity value="error"/>
        <human value="All FHIR elements must have a @value or children"/>
        <expression value="children().count() &gt; id.count()"/>
        <xpath value="@value|f:*|h:div"/>
        <source value="Element"/>
      </constraint>
      <constraint>
        <key value="ext-1"/>
        <severity value="error"/>
        <human value="Must have either extensions or value[x], not both"/>
        <expression value="extension.exists() != value.exists()"/>
        <xpath value="exists(f:extension)!=exists(f:*[starts-with(local-name(.), &#39;value&#39;)])"/>
        <source value="Extension"/>
      </constraint>
    </element>
    <element id="Extension:conditiontopic.id">
      <path value="Extension.id"/>
      <representation value="xmlAttr"/>
      <short value="xml:id (or equivalent in JSON)"/>
      <definition value="unique id for the element within a resource (for internal references). This may be any string value that does not contain spaces."/>
      <min value="0"/>
      <max value="1"/>
      <base>
        <path value="Element.id"/>
        <min value="0"/>
        <max value="1"/>
      </base>
      <type>
        <code value="string"/>
      </type>
      <mapping>
        <identity value="rim"/>
        <map value="N/A"/>
      </mapping>
    </element>
    <element id="Extension:conditiontopic.extension">
      <path value="Extension.extension"/>
      <slicing id="1">
        <discriminator>
          <type value="value"/>
          <path value="url"/>
        </discriminator>
        <ordered value="false"/>
        <rules value="open"/>
      </slicing>
      <short value="Extension"/>
      <definition value="An Extension"/>
      <min value="0"/>
      <max value="*"/>
      <base>
        <path value="Element.extension"/>
        <min value="0"/>
        <max value="*"/>
      </base>
      <type>
        <code value="Extension"/>
      </type>
    </element>
    <element id="Extension:conditiontopic.extension:topiccode">
      <path value="Extension.extension"/>
      <sliceName value="topiccode"/>
      <definition value="The concept representing the finding or action that is the topic of the statement.&#xA;&#xA;For action topics, the TopicCode represents the action being described. For findings, the TopicCode represents the &#39;question&#39; or property being investigated. For evaluation result findings, the TopicCode contains a concept for an observable entity, such as systolic blood pressure. For assertion findings, the TopicCode contains a code representing the condition, allergy, or other item being asserted. In all cases, the TopicCode describes the topic independent of the context of the action or the finding."/>
      <min value="1"/>
      <max value="1"/>
      <base>
        <path value="Extension.extension"/>
        <min value="0"/>
        <max value="1"/>
      </base>
      <type>
        <code value="Extension"/>
        <profile value="http://standardhealthrecord.org/fhir/StructureDefinition/cimi-topic-TopicCode-extension"/>
      </type>
      <isModifier value="false"/>
      <mapping>
        <identity value="rim"/>
        <map value="N/A"/>
      </mapping>
    </element>
    <element id="Extension:conditiontopic.extension:topiccode.id">
      <path value="Extension.extension.id"/>
      <representation value="xmlAttr"/>
      <short value="xml:id (or equivalent in JSON)"/>
      <definition value="unique id for the element within a resource (for internal references). This may be any string value that does not contain spaces."/>
      <min value="0"/>
      <max value="1"/>
      <base>
        <path value="Element.id"/>
        <min value="0"/>
        <max value="1"/>
      </base>
      <type>
        <code value="string"/>
      </type>
      <mapping>
        <identity value="rim"/>
        <map value="N/A"/>
      </mapping>
    </element>
    <element id="Extension:conditiontopic.extension:topiccode.extension:extension">
      <path value="Extension.extension.extension"/>
      <sliceName value="extension"/>
      <short value="Extension"/>
      <definition value="An Extension"/>
      <min value="0"/>
      <max value="0"/>
      <base>
        <path value="Element.extension"/>
        <min value="0"/>
        <max value="*"/>
      </base>
      <type>
        <code value="Extension"/>
      </type>
    </element>
    <element id="Extension:conditiontopic.extension:topiccode.url">
      <path value="Extension.extension.url"/>
      <representation value="xmlAttr"/>
      <short value="identifies the meaning of the extension"/>
      <definition value="Source of the definition for the extension code - a logical name or a URL."/>
      <comment value="The definition may point directly to a computable or human-readable definition of the extensibility codes, or it may be a logical URI as declared in some other specification. The definition SHALL be a URI for the Structure Definition defining the extension."/>
      <min value="1"/>
      <max value="1"/>
      <base>
        <path value="Extension.url"/>
        <min value="1"/>
        <max value="1"/>
      </base>
      <type>
        <code value="uri"/>
      </type>
      <fixedUri value="http://standardhealthrecord.org/fhir/StructureDefinition/cimi-topic-TopicCode-extension"/>
      <mapping>
        <identity value="rim"/>
        <map value="N/A"/>
      </mapping>
    </element>
    <element id="Extension:conditiontopic.extension:topiccode.valueCodeableConcept">
      <path value="Extension.extension.valueCodeableConcept"/>
      <short value="Value of extension"/>
      <definition value="Value of extension - may be a resource or one of a constrained set of the data types (see Extensibility in the spec for list)."/>
      <min value="1"/>
      <max value="1"/>
      <base>
        <path value="Extension.value[x]"/>
        <min value="0"/>
        <max value="1"/>
      </base>
      <type>
        <code value="CodeableConcept"/>
        <profile value="http://standardhealthrecord.org/fhir/StructureDefinition/shr-core-CodeableConcept"/>
      </type>
      <binding>
        <strength value="extensible"/>
        <valueSetReference>
          <reference value="http://hl7.org/fhir/us/core/ValueSet/us-core-problem"/>
        </valueSetReference>
      </binding>
      <mapping>
        <identity value="rim"/>
        <map value="N/A"/>
      </mapping>
    </element>
    <element id="Extension:conditiontopic.extension:findingmethod">
      <path value="Extension.extension"/>
      <sliceName value="findingmethod"/>
      <definition value="The technique used to create the finding; for example, the specific imaging technique, lab test code, or assessment vehicle.&#xA;&#xA;CIMI Alignment: In CIMI V0.0.4, this attribute was called &#39;method&#39;. The value set binding reflects CIMI&#39;s preference for LOINC codes."/>
      <min value="0"/>
      <max value="1"/>
      <base>
        <path value="Extension.extension"/>
        <min value="0"/>
        <max value="1"/>
      </base>
      <type>
        <code value="Extension"/>
        <profile value="http://standardhealthrecord.org/fhir/StructureDefinition/cimi-topic-FindingMethod-extension"/>
      </type>
      <isModifier value="false"/>
      <mapping>
        <identity value="rim"/>
        <map value="N/A"/>
      </mapping>
    </element>
    <element id="Extension:conditiontopic.extension:details">
      <path value="Extension.extension"/>
      <sliceName value="details"/>
      <definition value="An text note containing additional details, explanation, description, comment, or summarization. Details can discuss, support, explain changes to, or dispute information."/>
      <min value="0"/>
      <max value="1"/>
      <base>
        <path value="Extension.extension"/>
        <min value="0"/>
        <max value="1"/>
      </base>
      <type>
        <code value="Extension"/>
        <profile value="http://standardhealthrecord.org/fhir/StructureDefinition/shr-core-Details-extension"/>
      </type>
      <isModifier value="false"/>
      <mapping>
        <identity value="rim"/>
        <map value="N/A"/>
      </mapping>
    </element>
    <element id="Extension:conditiontopic.extension:category">
      <path value="Extension.extension"/>
      <sliceName value="category"/>
      <definition value="A class or division of people or things having particular shared characteristics"/>
      <min value="1"/>
      <max value="*"/>
      <base>
        <path value="Extension.extension"/>
        <min value="0"/>
        <max value="1"/>
      </base>
      <type>
        <code value="Extension"/>
        <profile value="http://standardhealthrecord.org/fhir/StructureDefinition/shr-core-Category-extension"/>
      </type>
      <isModifier value="false"/>
      <mapping>
        <identity value="rim"/>
        <map value="N/A"/>
      </mapping>
    </element>
    <element id="Extension:conditiontopic.extension:category.id">
      <path value="Extension.extension.id"/>
      <representation value="xmlAttr"/>
      <short value="xml:id (or equivalent in JSON)"/>
      <definition value="unique id for the element within a resource (for internal references). This may be any string value that does not contain spaces."/>
      <min value="0"/>
      <max value="1"/>
      <base>
        <path value="Element.id"/>
        <min value="0"/>
        <max value="1"/>
      </base>
      <type>
        <code value="string"/>
      </type>
      <mapping>
        <identity value="rim"/>
        <map value="N/A"/>
      </mapping>
    </element>
    <element id="Extension:conditiontopic.extension:category.extension:extension">
      <path value="Extension.extension.extension"/>
      <sliceName value="extension"/>
      <short value="Extension"/>
      <definition value="An Extension"/>
      <min value="0"/>
      <max value="0"/>
      <base>
        <path value="Element.extension"/>
        <min value="0"/>
        <max value="*"/>
      </base>
      <type>
        <code value="Extension"/>
      </type>
    </element>
    <element id="Extension:conditiontopic.extension:category.url">
      <path value="Extension.extension.url"/>
      <representation value="xmlAttr"/>
      <short value="identifies the meaning of the extension"/>
      <definition value="Source of the definition for the extension code - a logical name or a URL."/>
      <comment value="The definition may point directly to a computable or human-readable definition of the extensibility codes, or it may be a logical URI as declared in some other specification. The definition SHALL be a URI for the Structure Definition defining the extension."/>
      <min value="1"/>
      <max value="1"/>
      <base>
        <path value="Extension.url"/>
        <min value="1"/>
        <max value="1"/>
      </base>
      <type>
        <code value="uri"/>
      </type>
      <fixedUri value="http://standardhealthrecord.org/fhir/StructureDefinition/shr-core-Category-extension"/>
      <mapping>
        <identity value="rim"/>
        <map value="N/A"/>
      </mapping>
    </element>
    <element id="Extension:conditiontopic.extension:category.valueCodeableConcept">
      <path value="Extension.extension.valueCodeableConcept"/>
      <short value="Value of extension"/>
      <definition value="Value of extension - may be a resource or one of a constrained set of the data types (see Extensibility in the spec for list)."/>
      <min value="1"/>
      <max value="1"/>
      <base>
        <path value="Extension.value[x]"/>
        <min value="0"/>
        <max value="1"/>
      </base>
      <type>
        <code value="CodeableConcept"/>
        <profile value="http://standardhealthrecord.org/fhir/StructureDefinition/shr-core-CodeableConcept"/>
      </type>
      <binding>
        <strength value="required"/>
        <valueSetReference>
          <reference value="http://standardhealthrecord.org/shr/core/vs/ConditionCategoryVS"/>
        </valueSetReference>
      </binding>
      <mapping>
        <identity value="rim"/>
        <map value="N/A"/>
      </mapping>
    </element>
    <element id="Extension:conditiontopic.extension:anatomicallocation">
      <path value="Extension.extension"/>
      <sliceName value="anatomicallocation"/>
      <definition value="A location or structure in the body, including tissues, regions, cavities, and spaces; for example, right elbow, or left ventricle of the heart."/>
      <min value="0"/>
      <max value="*"/>
      <base>
        <path value="Extension.extension"/>
        <min value="0"/>
        <max value="1"/>
      </base>
      <type>
        <code value="Extension"/>
        <profile value="http://standardhealthrecord.org/fhir/StructureDefinition/cimi-element-AnatomicalLocation-extension"/>
      </type>
      <isModifier value="false"/>
      <mapping>
        <identity value="rim"/>
        <map value="N/A"/>
      </mapping>
    </element>
    <element id="Extension:conditiontopic.url">
      <path value="Extension.url"/>
      <representation value="xmlAttr"/>
      <short value="identifies the meaning of the extension"/>
      <definition value="Source of the definition for the extension code - a logical name or a URL."/>
      <comment value="The definition may point directly to a computable or human-readable definition of the extensibility codes, or it may be a logical URI as declared in some other specification. The definition SHALL be a URI for the Structure Definition defining the extension."/>
      <min value="1"/>
      <max value="1"/>
      <base>
        <path value="Extension.url"/>
        <min value="1"/>
        <max value="1"/>
      </base>
      <type>
        <code value="uri"/>
      </type>
      <fixedUri value="http://standardhealthrecord.org/fhir/StructureDefinition/cimi-topic-ConditionTopic-extension"/>
      <mapping>
        <identity value="rim"/>
        <map value="N/A"/>
      </mapping>
    </element>
    <element id="Extension:conditiontopic.value[x]">
      <path value="Extension.value[x]"/>
      <short value="Value of extension"/>
      <definition value="Value of extension - may be a resource or one of a constrained set of the data types (see Extensibility in the spec for list)."/>
      <min value="0"/>
      <max value="0"/>
      <base>
        <path value="Extension.value[x]"/>
        <min value="0"/>
        <max value="1"/>
      </base>
      <type>
        <code value="base64Binary"/>
      </type>
      <type>
        <code value="boolean"/>
      </type>
      <type>
        <code value="code"/>
      </type>
      <type>
        <code value="date"/>
      </type>
      <type>
        <code value="dateTime"/>
      </type>
      <type>
        <code value="decimal"/>
      </type>
      <type>
        <code value="id"/>
      </type>
      <type>
        <code value="instant"/>
      </type>
      <type>
        <code value="integer"/>
      </type>
      <type>
        <code value="markdown"/>
      </type>
      <type>
        <code value="oid"/>
      </type>
      <type>
        <code value="positiveInt"/>
      </type>
      <type>
        <code value="string"/>
      </type>
      <type>
        <code value="time"/>
      </type>
      <type>
        <code value="unsignedInt"/>
      </type>
      <type>
        <code value="uri"/>
      </type>
      <type>
        <code value="Address"/>
      </type>
      <type>
        <code value="Age"/>
      </type>
      <type>
        <code value="Annotation"/>
      </type>
      <type>
        <code value="Attachment"/>
      </type>
      <type>
        <code value="CodeableConcept"/>
      </type>
      <type>
        <code value="Coding"/>
      </type>
      <type>
        <code value="ContactPoint"/>
      </type>
      <type>
        <code value="Count"/>
      </type>
      <type>
        <code value="Distance"/>
      </type>
      <type>
        <code value="Duration"/>
      </type>
      <type>
        <code value="HumanName"/>
      </type>
      <type>
        <code value="Identifier"/>
      </type>
      <type>
        <code value="Money"/>
      </type>
      <type>
        <code value="Period"/>
      </type>
      <type>
        <code value="Quantity"/>
      </type>
      <type>
        <code value="Range"/>
      </type>
      <type>
        <code value="Ratio"/>
      </type>
      <type>
        <code value="Reference"/>
      </type>
      <type>
        <code value="SampledData"/>
      </type>
      <type>
        <code value="Signature"/>
      </type>
      <type>
        <code value="Timing"/>
      </type>
      <type>
        <code value="Meta"/>
      </type>
      <mapping>
        <identity value="rim"/>
        <map value="N/A"/>
      </mapping>
    </element>
  </snapshot>
  <differential>
    <element id="Extension:conditiontopic">
      <path value="Extension"/>
      <short value="SHR ConditionTopic Extension"/>
      <definition value="A condition, independent of context. &#39;Condition&#39; is interpreted broadly to include disorder, abnormality, problem, injury, complaint, functionality, concern, illness, disease, ailment, sickness, affliction, upset, difficulty, disorder, symptom, worry, or trouble, independent of context.&#xA;CIMI deviation: AnatomicalLocation is included here, rather than being a property of FindingSiteAssertionTopic, since it is a common property of conditions. Severity, diseasePhase, periodicity, and other properites of an actual observed condition belong in ConditionPresenceContext."/>
      <min value="0"/>
      <max value="*"/>
    </element>
    <element id="Extension:conditiontopic.extension:topiccode">
      <path value="Extension.extension"/>
      <sliceName value="topiccode"/>
      <definition value="The concept representing the finding or action that is the topic of the statement.&#xA;&#xA;For action topics, the TopicCode represents the action being described. For findings, the TopicCode represents the &#39;question&#39; or property being investigated. For evaluation result findings, the TopicCode contains a concept for an observable entity, such as systolic blood pressure. For assertion findings, the TopicCode contains a code representing the condition, allergy, or other item being asserted. In all cases, the TopicCode describes the topic independent of the context of the action or the finding."/>
      <min value="1"/>
      <max value="1"/>
      <type>
        <code value="Extension"/>
        <profile value="http://standardhealthrecord.org/fhir/StructureDefinition/cimi-topic-TopicCode-extension"/>
      </type>
    </element>
    <element id="Extension:conditiontopic.extension:topiccode.valueCodeableConcept">
      <path value="Extension.extension.valueCodeableConcept"/>
      <binding>
        <strength value="extensible"/>
        <valueSetReference>
          <reference value="http://hl7.org/fhir/us/core/ValueSet/us-core-problem"/>
        </valueSetReference>
      </binding>
    </element>
    <element id="Extension:conditiontopic.extension:findingmethod">
      <path value="Extension.extension"/>
      <sliceName value="findingmethod"/>
      <definition value="The technique used to create the finding; for example, the specific imaging technique, lab test code, or assessment vehicle.&#xA;&#xA;CIMI Alignment: In CIMI V0.0.4, this attribute was called &#39;method&#39;. The value set binding reflects CIMI&#39;s preference for LOINC codes."/>
      <min value="0"/>
      <max value="1"/>
      <type>
        <code value="Extension"/>
        <profile value="http://standardhealthrecord.org/fhir/StructureDefinition/cimi-topic-FindingMethod-extension"/>
      </type>
    </element>
    <element id="Extension:conditiontopic.extension:details">
      <path value="Extension.extension"/>
      <sliceName value="details"/>
      <definition value="An text note containing additional details, explanation, description, comment, or summarization. Details can discuss, support, explain changes to, or dispute information."/>
      <min value="0"/>
      <max value="1"/>
      <type>
        <code value="Extension"/>
        <profile value="http://standardhealthrecord.org/fhir/StructureDefinition/shr-core-Details-extension"/>
      </type>
    </element>
    <element id="Extension:conditiontopic.extension:category">
      <path value="Extension.extension"/>
      <sliceName value="category"/>
      <definition value="A class or division of people or things having particular shared characteristics"/>
      <min value="1"/>
      <max value="*"/>
      <type>
        <code value="Extension"/>
        <profile value="http://standardhealthrecord.org/fhir/StructureDefinition/shr-core-Category-extension"/>
      </type>
    </element>
    <element id="Extension:conditiontopic.extension:category.valueCodeableConcept">
      <path value="Extension.extension.valueCodeableConcept"/>
      <binding>
        <strength value="required"/>
        <valueSetReference>
          <reference value="http://standardhealthrecord.org/shr/core/vs/ConditionCategoryVS"/>
        </valueSetReference>
      </binding>
    </element>
    <element id="Extension:conditiontopic.extension:anatomicallocation">
      <path value="Extension.extension"/>
      <sliceName value="anatomicallocation"/>
      <definition value="A location or structure in the body, including tissues, regions, cavities, and spaces; for example, right elbow, or left ventricle of the heart."/>
      <min value="0"/>
      <max value="*"/>
      <type>
        <code value="Extension"/>
        <profile value="http://standardhealthrecord.org/fhir/StructureDefinition/cimi-element-AnatomicalLocation-extension"/>
      </type>
    </element>
    <element id="Extension:conditiontopic.url">
      <path value="Extension.url"/>
      <type>
        <code value="uri"/>
      </type>
      <fixedUri value="http://standardhealthrecord.org/fhir/StructureDefinition/cimi-topic-ConditionTopic-extension"/>
    </element>
    <element id="Extension:conditiontopic.value[x]">
      <path value="Extension.value[x]"/>
      <min value="0"/>
      <max value="0"/>
    </element>
  </differential>
</StructureDefinition>