<?xml version="1.0" encoding="UTF-8"?>

<StructureDefinition xmlns="http://hl7.org/fhir">
  <id value="shr-actor-PrimaryCareProvider"/>
  <text>
    <status value="generated"/><div xmlns="http://www.w3.org/1999/xhtml">
  <p><b>SHR PrimaryCareProvider Profile</b></p>
  <p>The medical professional responsible for first-line care of an individual.</p>
  <p><b>SHR Mapping Summary</b></p>
  <p><pre>shr.actor.PrimaryCareProvider maps to CareTeam:
  constrain participant to 1..1
  Provider maps to participant.member
  HealthcareRole maps to participant.role
  GeneralizedTemporalContext.GeneralizedDateTime.TimePeriod maps to participant.period
</pre></p>
</div>
  </text>
  <url value="http://standardhealthrecord.org/fhir/StructureDefinition/shr-actor-PrimaryCareProvider"/>
  <identifier>
    <system value="http://standardhealthrecord.org"/>
    <value value="shr.actor.PrimaryCareProvider"/>
  </identifier>
  <version value="0.0.1"/>
  <name value="SHR PrimaryCareProvider Profile"/>
  <status value="draft"/>
  <date value="2017-05-10T18:00:13.177Z"/>
  <publisher value="The MITRE Corporation: Standard Health Record Collaborative"/>
  <contact>
    <telecom>
      <system value="url"/>
      <value value="http://www.standardhealthrecord.org"/>
    </telecom>
  </contact>
  <description value="The medical professional responsible for first-line care of an individual."/>
  <fhirVersion value="3.0.0"/>
  <mapping>
    <identity value="w5"/>
    <uri value="http://hl7.org/fhir/w5"/>
    <name value="W5 Mapping"/>
  </mapping>
  <mapping>
    <identity value="v2"/>
    <uri value="http://hl7.org/v2"/>
    <name value="HL7 v2 Mapping"/>
  </mapping>
  <mapping>
    <identity value="rim"/>
    <uri value="http://hl7.org/v3"/>
    <name value="RIM Mapping"/>
  </mapping>
  <kind value="resource"/>
  <abstract value="false"/>
  <type value="CareTeam"/>
  <baseDefinition value="http://hl7.org/fhir/StructureDefinition/CareTeam"/>
  <derivation value="constraint"/>
  <snapshot>
    <element id="CareTeam:shr-actor-PrimaryCareProvider">
      <path value="CareTeam"/>
      <short value="SHR PrimaryCareProvider Profile"/>
      <definition value="The medical professional responsible for first-line care of an individual."/>
      <min value="0"/>
      <max value="*"/>
      <constraint>
        <key value="dom-2"/>
        <severity value="error"/>
        <human value="If the resource is contained in another resource, it SHALL NOT contain nested Resources"/>
        <expression value="contained.contained.empty()"/>
        <xpath value="not(parent::f:contained and f:contained)"/>
        <source value="DomainResource"/>
      </constraint>
      <constraint>
        <key value="dom-1"/>
        <severity value="error"/>
        <human value="If the resource is contained in another resource, it SHALL NOT contain any narrative"/>
        <expression value="contained.text.empty()"/>
        <xpath value="not(parent::f:contained and f:text)"/>
        <source value="DomainResource"/>
      </constraint>
      <constraint>
        <key value="dom-4"/>
        <severity value="error"/>
        <human value="If a resource is contained in another resource, it SHALL NOT have a meta.versionId or a meta.lastUpdated"/>
        <expression value="contained.meta.versionId.empty() and contained.meta.lastUpdated.empty()"/>
        <xpath value="not(exists(f:contained/*/f:meta/f:versionId)) and not(exists(f:contained/*/f:meta/f:lastUpdated))"/>
        <source value="DomainResource"/>
      </constraint>
      <constraint>
        <key value="dom-3"/>
        <severity value="error"/>
        <human value="If the resource is contained in another resource, it SHALL be referred to from elsewhere in the resource"/>
        <expression value="contained.where((&#39;#&#39;+id in %resource.descendants().reference).not()).empty()"/>
        <xpath value="not(exists(for $id in f:contained/*/@id return $id[not(ancestor::f:contained/parent::*/descendant::f:reference/@value=concat(&#39;#&#39;, $id))]))"/>
        <source value="DomainResource"/>
      </constraint>
      <mapping>
        <identity value="rim"/>
        <map value="Entity. Role, or Act"/>
      </mapping>
      <mapping>
        <identity value="w5"/>
        <map value="clinical.careprovision"/>
      </mapping>
    </element>
    <element id="CareTeam:shr-actor-PrimaryCareProvider.id">
      <path value="CareTeam.id"/>
      <short value="Logical id of this artifact"/>
      <definition value="The logical id of the resource, as used in the URL for the resource. Once assigned, this value never changes."/>
      <comment value="The only time that a resource does not have an id is when it is being submitted to the server using a create operation."/>
      <min value="0"/>
      <max value="1"/>
      <base>
        <path value="Resource.id"/>
        <min value="0"/>
        <max value="1"/>
      </base>
      <type>
        <code value="id"/>
      </type>
      <isSummary value="true"/>
    </element>
    <element id="CareTeam:shr-actor-PrimaryCareProvider.meta">
      <path value="CareTeam.meta"/>
      <short value="Metadata about the resource"/>
      <definition value="The metadata about the resource. This is content that is maintained by the infrastructure. Changes to the content may not always be associated with version changes to the resource."/>
      <min value="0"/>
      <max value="1"/>
      <base>
        <path value="Resource.meta"/>
        <min value="0"/>
        <max value="1"/>
      </base>
      <type>
        <code value="Meta"/>
      </type>
      <isSummary value="true"/>
    </element>
    <element id="CareTeam:shr-actor-PrimaryCareProvider.implicitRules">
      <path value="CareTeam.implicitRules"/>
      <short value="A set of rules under which this content was created"/>
      <definition value="A reference to a set of rules that were followed when the resource was constructed, and which must be understood when processing the content."/>
      <comment value="Asserting this rule set restricts the content to be only understood by a limited set of trading partners. This inherently limits the usefulness of the data in the long term. However, the existing health eco-system is highly fractured, and not yet ready to define, collect, and exchange data in a generally computable sense. Wherever possible, implementers and/or specification writers should avoid using this element. &#xA;&#xA;This element is labelled as a modifier because the implicit rules may provide additional knowledge about the resource that modifies it&#39;s meaning or interpretation."/>
      <min value="0"/>
      <max value="1"/>
      <base>
        <path value="Resource.implicitRules"/>
        <min value="0"/>
        <max value="1"/>
      </base>
      <type>
        <code value="uri"/>
      </type>
      <isModifier value="true"/>
      <isSummary value="true"/>
    </element>
    <element id="CareTeam:shr-actor-PrimaryCareProvider.language">
      <path value="CareTeam.language"/>
      <short value="Language of the resource content"/>
      <definition value="The base language in which the resource is written."/>
      <comment value="Language is provided to support indexing and accessibility (typically, services such as text to speech use the language tag). The html language tag in the narrative applies  to the narrative. The language tag on the resource may be used to specify the language of other presentations generated from the data in the resource  Not all the content has to be in the base language. The Resource.language should not be assumed to apply to the narrative automatically. If a language is specified, it should it also be specified on the div element in the html (see rules in HTML5 for information about the relationship between xml:lang and the html lang attribute)."/>
      <min value="0"/>
      <max value="1"/>
      <base>
        <path value="Resource.language"/>
        <min value="0"/>
        <max value="1"/>
      </base>
      <type>
        <code value="code"/>
      </type>
      <binding>
        <extension url="http://hl7.org/fhir/StructureDefinition/elementdefinition-maxValueSet">
          <valueReference>
            <reference value="http://hl7.org/fhir/ValueSet/all-languages"/>
          </valueReference>
        </extension>
        <extension url="http://hl7.org/fhir/StructureDefinition/elementdefinition-bindingName">
          <valueString value="Language"/>
        </extension>
        <extension url="http://hl7.org/fhir/StructureDefinition/elementdefinition-isCommonBinding">
          <valueBoolean value="true"/>
        </extension>
        <strength value="extensible"/>
        <description value="A human language."/>
        <valueSetReference>
          <reference value="http://hl7.org/fhir/ValueSet/languages"/>
        </valueSetReference>
      </binding>
    </element>
    <element id="CareTeam:shr-actor-PrimaryCareProvider.text">
      <path value="CareTeam.text"/>
      <short value="Text summary of the resource, for human interpretation"/>
      <definition value="A human-readable narrative that contains a summary of the resource, and may be used to represent the content of the resource to a human. The narrative need not encode all the structured data, but is required to contain sufficient detail to make it &quot;clinically safe&quot; for a human to just read the narrative. Resource definitions may define what content should be represented in the narrative to ensure clinical safety."/>
      <comment value="Contained resources do not have narrative. Resources that are not contained SHOULD have a narrative. In some cases, a resource may only have text with little or no additional discrete data (as long as all minOccurs=1 elements are satisfied).  This may be necessary for data from legacy systems where information is captured as a &quot;text blob&quot; or where text is additionally entered raw or narrated and encoded in formation is added later."/>
      <alias value="narrative"/>
      <alias value="html"/>
      <alias value="xhtml"/>
      <alias value="display"/>
      <min value="0"/>
      <max value="1"/>
      <base>
        <path value="DomainResource.text"/>
        <min value="0"/>
        <max value="1"/>
      </base>
      <type>
        <code value="Narrative"/>
      </type>
      <condition value="dom-1"/>
      <mapping>
        <identity value="rim"/>
        <map value="Act.text?"/>
      </mapping>
    </element>
    <element id="CareTeam:shr-actor-PrimaryCareProvider.contained">
      <path value="CareTeam.contained"/>
      <short value="Contained, inline Resources"/>
      <definition value="These resources do not have an independent existence apart from the resource that contains them - they cannot be identified independently, and nor can they have their own independent transaction scope."/>
      <comment value="This should never be done when the content can be identified properly, as once identification is lost, it is extremely difficult (and context dependent) to restore it again."/>
      <alias value="inline resources"/>
      <alias value="anonymous resources"/>
      <alias value="contained resources"/>
      <min value="0"/>
      <max value="*"/>
      <base>
        <path value="DomainResource.contained"/>
        <min value="0"/>
        <max value="*"/>
      </base>
      <type>
        <code value="Resource"/>
      </type>
      <mapping>
        <identity value="rim"/>
        <map value="N/A"/>
      </mapping>
    </element>
    <element id="CareTeam:shr-actor-PrimaryCareProvider.extension">
      <path value="CareTeam.extension"/>
      <slicing id="15">
        <discriminator>
          <type value="value"/>
          <path value="url"/>
        </discriminator>
        <ordered value="false"/>
        <rules value="open"/>
      </slicing>
      <short value="Additional Content defined by implementations"/>
      <definition value="May be used to represent additional information that is not part of the basic definition of the resource. In order to make the use of extensions safe and manageable, there is a strict set of governance  applied to the definition and use of extensions. Though any implementer is allowed to define an extension, there is a set of requirements that SHALL be met as part of the definition of the extension."/>
      <comment value="There can be no stigma associated with the use of extensions by any application, project, or standard - regardless of the institution or jurisdiction that uses or defines the extensions.  The use of extensions is what allows the FHIR specification to retain a core level of simplicity for everyone."/>
      <alias value="extensions"/>
      <alias value="user content"/>
      <min value="0"/>
      <max value="*"/>
      <base>
        <path value="DomainResource.extension"/>
        <min value="0"/>
        <max value="*"/>
      </base>
      <type>
        <code value="Extension"/>
      </type>
      <mapping>
        <identity value="rim"/>
        <map value="N/A"/>
      </mapping>
    </element>
    <element id="CareTeam:shr-actor-PrimaryCareProvider.extension:priority">
      <path value="CareTeam.extension"/>
      <sliceName value="priority"/>
      <definition value="An ordinal numbered priority where 1=highest priority, 2=second highest priority, etc."/>
      <comment value="There can be no stigma associated with the use of extensions by any application, project, or standard - regardless of the institution or jurisdiction that uses or defines the extensions.  The use of extensions is what allows the FHIR specification to retain a core level of simplicity for everyone."/>
      <alias value="extensions"/>
      <alias value="user content"/>
      <min value="0"/>
      <max value="1"/>
      <base>
        <path value="DomainResource.extension"/>
        <min value="0"/>
        <max value="*"/>
      </base>
      <type>
        <code value="Extension"/>
        <profile value="http://standardhealthrecord.org/fhir/StructureDefinition/shr-core-Priority-extension"/>
      </type>
      <mustSupport value="false"/>
      <isModifier value="false"/>
      <isSummary value="false"/>
      <mapping>
        <identity value="rim"/>
        <map value="N/A"/>
      </mapping>
    </element>
    <element id="CareTeam:shr-actor-PrimaryCareProvider.modifierExtension">
      <path value="CareTeam.modifierExtension"/>
      <short value="Extensions that cannot be ignored"/>
      <definition value="May be used to represent additional information that is not part of the basic definition of the resource, and that modifies the understanding of the element that contains it. Usually modifier elements provide negation or qualification. In order to make the use of extensions safe and manageable, there is a strict set of governance applied to the definition and use of extensions. Though any implementer is allowed to define an extension, there is a set of requirements that SHALL be met as part of the definition of the extension. Applications processing a resource are required to check for modifier extensions."/>
      <comment value="There can be no stigma associated with the use of extensions by any application, project, or standard - regardless of the institution or jurisdiction that uses or defines the extensions.  The use of extensions is what allows the FHIR specification to retain a core level of simplicity for everyone."/>
      <alias value="extensions"/>
      <alias value="user content"/>
      <min value="0"/>
      <max value="*"/>
      <base>
        <path value="DomainResource.modifierExtension"/>
        <min value="0"/>
        <max value="*"/>
      </base>
      <type>
        <code value="Extension"/>
      </type>
      <isModifier value="true"/>
      <mapping>
        <identity value="rim"/>
        <map value="N/A"/>
      </mapping>
    </element>
    <element id="CareTeam:shr-actor-PrimaryCareProvider.identifier">
      <path value="CareTeam.identifier"/>
      <short value="External Ids for this team"/>
      <definition value="This records identifiers associated with this care team that are defined by business processes and/or used to refer to it when a direct URL reference to the resource itself is not appropriate."/>
      <min value="0"/>
      <max value="*"/>
      <type>
        <code value="Identifier"/>
      </type>
      <isSummary value="true"/>
      <mapping>
        <identity value="w5"/>
        <map value="id"/>
      </mapping>
    </element>
    <element id="CareTeam:shr-actor-PrimaryCareProvider.status">
      <path value="CareTeam.status"/>
      <short value="proposed | active | suspended | inactive | entered-in-error"/>
      <definition value="Indicates the current state of the care team."/>
      <comment value="This element is labeled as a modifier because the status contains the code entered-in-error that marks the care team as not currently valid."/>
      <min value="0"/>
      <max value="1"/>
      <type>
        <code value="code"/>
      </type>
      <isModifier value="true"/>
      <isSummary value="true"/>
      <binding>
        <extension url="http://hl7.org/fhir/StructureDefinition/elementdefinition-bindingName">
          <valueString value="CareTeamStatus"/>
        </extension>
        <strength value="required"/>
        <description value="Indicates the status of the care team."/>
        <valueSetReference>
          <reference value="http://hl7.org/fhir/ValueSet/care-team-status"/>
        </valueSetReference>
      </binding>
      <mapping>
        <identity value="w5"/>
        <map value="status"/>
      </mapping>
    </element>
    <element id="CareTeam:shr-actor-PrimaryCareProvider.category">
      <path value="CareTeam.category"/>
      <short value="Type of team"/>
      <definition value="Identifies what kind of team.  This is to support differentiation between multiple co-existing teams, such as care plan team, episode of care team, longitudinal care team."/>
      <comment value="There may be multiple axis of categorization and one team may serve multiple purposes."/>
      <requirements value="Used for filtering what teams(s) are retrieved and displayed to different types of users."/>
      <min value="0"/>
      <max value="*"/>
      <type>
        <code value="CodeableConcept"/>
      </type>
      <isSummary value="true"/>
      <binding>
        <extension url="http://hl7.org/fhir/StructureDefinition/elementdefinition-bindingName">
          <valueString value="CareTeamCategory"/>
        </extension>
        <strength value="example"/>
        <description value="Indicates the type of care team."/>
        <valueSetReference>
          <reference value="http://hl7.org/fhir/ValueSet/care-team-category"/>
        </valueSetReference>
      </binding>
      <mapping>
        <identity value="w5"/>
        <map value="class"/>
      </mapping>
    </element>
    <element id="CareTeam:shr-actor-PrimaryCareProvider.name">
      <path value="CareTeam.name"/>
      <short value="Name of the team, such as crisis assessment team"/>
      <definition value="A label for human use intended to distinguish like teams.  E.g. the &quot;red&quot; vs. &quot;green&quot; trauma teams."/>
      <comment value="The meaning/purpose of the team is conveyed in CareTeam.category.  This element may also convey semantics of the team (e.g. &quot;Red trauma team&quot;), but its primary purpose is to distinguish between identical teams in a human-friendly way.  (&quot;Team 18735&quot; isn&#39;t as friendly . )."/>
      <min value="0"/>
      <max value="1"/>
      <type>
        <code value="string"/>
      </type>
      <isSummary value="true"/>
    </element>
    <element id="CareTeam:shr-actor-PrimaryCareProvider.subject">
      <path value="CareTeam.subject"/>
      <short value="Who care team is for"/>
      <definition value="Identifies the patient or group whose intended care is handled by the team."/>
      <requirements value="Allows the team to care for a group (e.g. marriage) therapy."/>
      <alias value="patient"/>
      <min value="0"/>
      <max value="1"/>
      <type>
        <code value="Reference"/>
        <targetProfile value="http://hl7.org/fhir/StructureDefinition/Patient"/>
      </type>
      <type>
        <code value="Reference"/>
        <targetProfile value="http://hl7.org/fhir/StructureDefinition/Group"/>
      </type>
      <isSummary value="true"/>
      <mapping>
        <identity value="w5"/>
        <map value="who.focus"/>
      </mapping>
    </element>
    <element id="CareTeam:shr-actor-PrimaryCareProvider.context">
      <path value="CareTeam.context"/>
      <short value="Encounter or episode associated with CareTeam"/>
      <definition value="The encounter or episode of care that establishes the context for this care team."/>
      <alias value="encounter"/>
      <min value="0"/>
      <max value="1"/>
      <type>
        <code value="Reference"/>
        <targetProfile value="http://hl7.org/fhir/StructureDefinition/Encounter"/>
      </type>
      <type>
        <code value="Reference"/>
        <targetProfile value="http://hl7.org/fhir/StructureDefinition/EpisodeOfCare"/>
      </type>
      <isSummary value="true"/>
      <mapping>
        <identity value="w5"/>
        <map value="context"/>
      </mapping>
    </element>
    <element id="CareTeam:shr-actor-PrimaryCareProvider.period">
      <path value="CareTeam.period"/>
      <short value="Time period team covers"/>
      <definition value="Indicates when the team did (or is intended to) come into effect and end."/>
      <requirements value="Allows tracking what team(s) are in effect at a particular time."/>
      <min value="0"/>
      <max value="1"/>
      <type>
        <code value="Period"/>
      </type>
      <isSummary value="true"/>
      <mapping>
        <identity value="w5"/>
        <map value="when.init"/>
      </mapping>
    </element>
    <element id="CareTeam:shr-actor-PrimaryCareProvider.participant">
      <path value="CareTeam.participant"/>
      <short value="Members of the team"/>
      <definition value="Identifies all people and organizations who are expected to be involved in the care team."/>
      <min value="1"/>
      <max value="1"/>
      <type>
        <code value="BackboneElement"/>
      </type>
      <condition value="ctm-1"/>
      <constraint>
        <key value="ele-1"/>
        <severity value="error"/>
        <human value="All FHIR elements must have a @value or children"/>
        <expression value="children().count() &gt; id.count()"/>
        <xpath value="@value|f:*|h:div"/>
        <source value="Element"/>
      </constraint>
      <constraint>
        <key value="ctm-1"/>
        <severity value="error"/>
        <human value="CareTeam.participant.onBehalfOf can only be populated when CareTeam.participant.member is a Practitioner"/>
        <expression value="onBehalfOf.exists() implies (member.resolve() is Practitioner)"/>
        <xpath value="contains(f:member, &#39;/Practitioner&#39;) or not(exists(f:onBehalfOf))"/>
      </constraint>
      <mapping>
        <identity value="v2"/>
        <map value="REL (REL.4 is always the Patient) ( or PRT?)"/>
      </mapping>
      <mapping>
        <identity value="rim"/>
        <map value=".participation[typeCode=PRF]"/>
      </mapping>
    </element>
    <element id="CareTeam:shr-actor-PrimaryCareProvider.participant.id">
      <path value="CareTeam.participant.id"/>
      <representation value="xmlAttr"/>
      <short value="xml:id (or equivalent in JSON)"/>
      <definition value="unique id for the element within a resource (for internal references). This may be any string value that does not contain spaces."/>
      <min value="0"/>
      <max value="1"/>
      <base>
        <path value="Element.id"/>
        <min value="0"/>
        <max value="1"/>
      </base>
      <type>
        <code value="string"/>
      </type>
      <mapping>
        <identity value="rim"/>
        <map value="n/a"/>
      </mapping>
    </element>
    <element id="CareTeam:shr-actor-PrimaryCareProvider.participant.extension">
      <path value="CareTeam.participant.extension"/>
      <short value="Additional Content defined by implementations"/>
      <definition value="May be used to represent additional information that is not part of the basic definition of the element. In order to make the use of extensions safe and manageable, there is a strict set of governance  applied to the definition and use of extensions. Though any implementer is allowed to define an extension, there is a set of requirements that SHALL be met as part of the definition of the extension."/>
      <comment value="There can be no stigma associated with the use of extensions by any application, project, or standard - regardless of the institution or jurisdiction that uses or defines the extensions.  The use of extensions is what allows the FHIR specification to retain a core level of simplicity for everyone."/>
      <alias value="extensions"/>
      <alias value="user content"/>
      <min value="0"/>
      <max value="*"/>
      <base>
        <path value="Element.extension"/>
        <min value="0"/>
        <max value="*"/>
      </base>
      <type>
        <code value="Extension"/>
      </type>
      <mapping>
        <identity value="rim"/>
        <map value="n/a"/>
      </mapping>
    </element>
    <element id="CareTeam:shr-actor-PrimaryCareProvider.participant.modifierExtension">
      <path value="CareTeam.participant.modifierExtension"/>
      <short value="Extensions that cannot be ignored"/>
      <definition value="May be used to represent additional information that is not part of the basic definition of the element, and that modifies the understanding of the element that contains it. Usually modifier elements provide negation or qualification. In order to make the use of extensions safe and manageable, there is a strict set of governance applied to the definition and use of extensions. Though any implementer is allowed to define an extension, there is a set of requirements that SHALL be met as part of the definition of the extension. Applications processing a resource are required to check for modifier extensions."/>
      <comment value="There can be no stigma associated with the use of extensions by any application, project, or standard - regardless of the institution or jurisdiction that uses or defines the extensions.  The use of extensions is what allows the FHIR specification to retain a core level of simplicity for everyone."/>
      <alias value="extensions"/>
      <alias value="user content"/>
      <alias value="modifiers"/>
      <min value="0"/>
      <max value="*"/>
      <base>
        <path value="BackboneElement.modifierExtension"/>
        <min value="0"/>
        <max value="*"/>
      </base>
      <type>
        <code value="Extension"/>
      </type>
      <isModifier value="true"/>
      <isSummary value="true"/>
      <mapping>
        <identity value="rim"/>
        <map value="N/A"/>
      </mapping>
    </element>
    <element id="CareTeam:shr-actor-PrimaryCareProvider.participant.role">
      <path value="CareTeam.participant.role"/>
      <short value="Type of involvement"/>
      <definition value="Indicates specific responsibility of an individual within the care team, such as &quot;Primary care physician&quot;, &quot;Trained social worker counselor&quot;, &quot;Caregiver&quot;, etc."/>
      <comment value="Roles may sometimes be inferred by type of Practitioner.  These are relationships that hold only within the context of the care team.  General relationships should be handled as properties of the Patient resource directly."/>
      <min value="1"/>
      <max value="1"/>
      <type>
        <code value="CodeableConcept"/>
        <profile value="http://standardhealthrecord.org/fhir/StructureDefinition/shr-core-CodeableConcept"/>
      </type>
      <patternCodeableConcept>
        <coding>
          <system value="http://ncimeta.nci.nih.gov"/>
          <code value="C2735026"/>
        </coding>
      </patternCodeableConcept>
      <isSummary value="true"/>
      <binding>
        <strength value="required"/>
        <valueSetReference>
          <reference value="http://standardhealthrecord.org/shr/actor/vs/HealthcareRoleVS"/>
        </valueSetReference>
      </binding>
      <mapping>
        <identity value="v2"/>
        <map value="REL.2 (or PRT-4?)"/>
      </mapping>
      <mapping>
        <identity value="rim"/>
        <map value=".functionCode"/>
      </mapping>
    </element>
    <element id="CareTeam:shr-actor-PrimaryCareProvider.participant.member">
      <path value="CareTeam.participant.member"/>
      <short value="Who is involved"/>
      <definition value="The specific person or organization who is participating/expected to participate in the care team."/>
      <comment value="Patient only needs to be listed if they have a role other than &quot;subject of care&quot;.&#xA;&#xA;Member is optional because some participants may be known only by their role, particularly in draft plans."/>
      <min value="1"/>
      <max value="1"/>
      <type>
        <code value="Reference"/>
        <targetProfile value="http://standardhealthrecord.org/fhir/StructureDefinition/shr-actor-Practitioner"/>
      </type>
      <type>
        <code value="Reference"/>
        <targetProfile value="http://standardhealthrecord.org/fhir/StructureDefinition/shr-actor-RelatedPerson"/>
      </type>
      <type>
        <code value="Reference"/>
        <targetProfile value="http://standardhealthrecord.org/fhir/StructureDefinition/shr-actor-Organization"/>
      </type>
      <isSummary value="true"/>
      <mapping>
        <identity value="v2"/>
        <map value="REL.5 (or PRT-5 : ( PRV-4 {provider participations} ) / PRT-5 : ( PRV-4  {non-provider person participations} ) / PRT-5 : ( PRV-4 = (patient non-subject of care) ) / PRT-8?)"/>
      </mapping>
      <mapping>
        <identity value="rim"/>
        <map value=".role"/>
      </mapping>
      <mapping>
        <identity value="w5"/>
        <map value="who.actor"/>
      </mapping>
    </element>
    <element id="CareTeam:shr-actor-PrimaryCareProvider.participant.onBehalfOf">
      <path value="CareTeam.participant.onBehalfOf"/>
      <short value="Organization of the practitioner"/>
      <definition value="The organization of the practitioner."/>
      <requirements value="Practitioners can be associated with multiple organizations.  This element indicates which organization they were acting on behalf of."/>
      <min value="0"/>
      <max value="1"/>
      <type>
        <code value="Reference"/>
        <targetProfile value="http://hl7.org/fhir/StructureDefinition/Organization"/>
      </type>
      <isSummary value="true"/>
    </element>
    <element id="CareTeam:shr-actor-PrimaryCareProvider.participant.period">
      <path value="CareTeam.participant.period"/>
      <short value="Time period of participant"/>
      <definition value="Indicates when the specific member or organization did (or is intended to) come into effect and end."/>
      <min value="0"/>
      <max value="1"/>
      <type>
        <code value="Period"/>
        <profile value="http://standardhealthrecord.org/fhir/StructureDefinition/shr-core-TimePeriod"/>
      </type>
    </element>
    <element id="CareTeam:shr-actor-PrimaryCareProvider.reasonCode">
      <path value="CareTeam.reasonCode"/>
      <short value="Why the care team exists"/>
      <definition value="Describes why the care team exists."/>
      <min value="0"/>
      <max value="*"/>
      <type>
        <code value="CodeableConcept"/>
      </type>
      <binding>
        <extension url="http://hl7.org/fhir/StructureDefinition/elementdefinition-bindingName">
          <valueString value="CareTeamReason"/>
        </extension>
        <strength value="example"/>
        <description value="Indicates the reason for the care team."/>
        <valueSetReference>
          <reference value="http://hl7.org/fhir/ValueSet/clinical-findings"/>
        </valueSetReference>
      </binding>
      <mapping>
        <identity value="w5"/>
        <map value="why"/>
      </mapping>
    </element>
    <element id="CareTeam:shr-actor-PrimaryCareProvider.reasonReference">
      <path value="CareTeam.reasonReference"/>
      <short value="Why the care team exists"/>
      <definition value="Condition(s) that this care team addresses."/>
      <min value="0"/>
      <max value="*"/>
      <type>
        <code value="Reference"/>
        <targetProfile value="http://hl7.org/fhir/StructureDefinition/Condition"/>
      </type>
      <mapping>
        <identity value="w5"/>
        <map value="why"/>
      </mapping>
    </element>
    <element id="CareTeam:shr-actor-PrimaryCareProvider.managingOrganization">
      <path value="CareTeam.managingOrganization"/>
      <short value="Organization responsible for the care team"/>
      <definition value="The organization responsible for the care team."/>
      <requirements value="Allows for multiple organizations to collaboratively manage cross-organizational, longitudinal care plan."/>
      <min value="0"/>
      <max value="*"/>
      <type>
        <code value="Reference"/>
        <targetProfile value="http://hl7.org/fhir/StructureDefinition/Organization"/>
      </type>
      <isSummary value="true"/>
    </element>
    <element id="CareTeam:shr-actor-PrimaryCareProvider.note">
      <path value="CareTeam.note"/>
      <short value="Comments made about the CareTeam"/>
      <definition value="Comments made about the CareTeam."/>
      <min value="0"/>
      <max value="*"/>
      <type>
        <code value="Annotation"/>
      </type>
    </element>
  </snapshot>
  <differential>
    <element id="CareTeam:shr-actor-PrimaryCareProvider">
      <path value="CareTeam"/>
      <short value="SHR PrimaryCareProvider Profile"/>
      <definition value="The medical professional responsible for first-line care of an individual."/>
    </element>
    <element id="CareTeam:shr-actor-PrimaryCareProvider.extension:priority">
      <path value="CareTeam.extension"/>
      <sliceName value="priority"/>
      <min value="0"/>
      <max value="1"/>
      <type>
        <code value="Extension"/>
        <profile value="http://standardhealthrecord.org/fhir/StructureDefinition/shr-core-Priority-extension"/>
      </type>
      <mustSupport value="false"/>
      <isModifier value="false"/>
      <isSummary value="false"/>
    </element>
    <element id="CareTeam:shr-actor-PrimaryCareProvider.participant">
      <path value="CareTeam.participant"/>
      <min value="1"/>
      <max value="1"/>
    </element>
    <element id="CareTeam:shr-actor-PrimaryCareProvider.participant.role">
      <path value="CareTeam.participant.role"/>
      <min value="1"/>
      <max value="1"/>
      <type>
        <code value="CodeableConcept"/>
        <profile value="http://standardhealthrecord.org/fhir/StructureDefinition/shr-core-CodeableConcept"/>
      </type>
      <patternCodeableConcept>
        <coding>
          <system value="http://ncimeta.nci.nih.gov"/>
          <code value="C2735026"/>
        </coding>
      </patternCodeableConcept>
      <binding>
        <strength value="required"/>
        <valueSetReference>
          <reference value="http://standardhealthrecord.org/shr/actor/vs/HealthcareRoleVS"/>
        </valueSetReference>
      </binding>
    </element>
    <element id="CareTeam:shr-actor-PrimaryCareProvider.participant.member">
      <path value="CareTeam.participant.member"/>
      <min value="1"/>
      <max value="1"/>
      <type>
        <code value="Reference"/>
        <targetProfile value="http://standardhealthrecord.org/fhir/StructureDefinition/shr-actor-Practitioner"/>
      </type>
      <type>
        <code value="Reference"/>
        <targetProfile value="http://standardhealthrecord.org/fhir/StructureDefinition/shr-actor-RelatedPerson"/>
      </type>
      <type>
        <code value="Reference"/>
        <targetProfile value="http://standardhealthrecord.org/fhir/StructureDefinition/shr-actor-Organization"/>
      </type>
    </element>
    <element id="CareTeam:shr-actor-PrimaryCareProvider.participant.period">
      <path value="CareTeam.participant.period"/>
      <type>
        <code value="Period"/>
        <profile value="http://standardhealthrecord.org/fhir/StructureDefinition/shr-core-TimePeriod"/>
      </type>
    </element>
  </differential>
</StructureDefinition>