<?xml version="1.0" encoding="UTF-8"?>

<StructureDefinition xmlns="http://hl7.org/fhir">
  <id value="shr-oncology-ReceptorType-extension"/>
  <text>
    <status value="generated"/><div xmlns="http://www.w3.org/1999/xhtml">
  <p><b>SHR ReceptorType Extension</b></p>
  <p>A protein located on the cell surface, or in the cytoplasm, that binds to a specific signaling factor, such as a hormone, antigen, or neurotransmitter, causing a conformational and functional change in the receptor molecule. The ligand-bound receptor then alters its interaction with target molecules, which leads to changes in cellular physiology through modification of the activity of one or more signal transduction pathways.</p>
</div>
  </text>
  <url value="http://standardhealthrecord.org/fhir/StructureDefinition/shr-oncology-ReceptorType-extension"/>
  <identifier>
    <system value="http://standardhealthrecord.org"/>
    <value value="shr.oncology.ReceptorType"/>
  </identifier>
  <version value="0.0.1"/>
  <name value="SHR ReceptorType Extension"/>
  <title value="SHR ReceptorType Extension"/>
  <status value="draft"/>
  <date value="2017-08-08T15:56:34.402Z"/>
  <publisher value="The MITRE Corporation: Standard Health Record Collaborative"/>
  <contact>
    <telecom>
      <system value="url"/>
      <value value="http://www.standardhealthrecord.org"/>
    </telecom>
  </contact>
  <description value="A protein located on the cell surface, or in the cytoplasm, that binds to a specific signaling factor, such as a hormone, antigen, or neurotransmitter, causing a conformational and functional change in the receptor molecule. The ligand-bound receptor then alters its interaction with target molecules, which leads to changes in cellular physiology through modification of the activity of one or more signal transduction pathways."/>
  <fhirVersion value="3.0.1"/>
  <kind value="complex-type"/>
  <abstract value="false"/>
  <contextType value="resource"/>
  <context value="*"/>
  <type value="Extension"/>
  <baseDefinition value="http://hl7.org/fhir/StructureDefinition/Extension"/>
  <derivation value="constraint"/>
  <snapshot>
    <element id="Extension:receptortype">
      <path value="Extension"/>
      <short value="SHR ReceptorType Extension"/>
      <definition value="A protein located on the cell surface, or in the cytoplasm, that binds to a specific signaling factor, such as a hormone, antigen, or neurotransmitter, causing a conformational and functional change in the receptor molecule. The ligand-bound receptor then alters its interaction with target molecules, which leads to changes in cellular physiology through modification of the activity of one or more signal transduction pathways."/>
      <min value="0"/>
      <max value="*"/>
      <base>
        <path value="Extension"/>
        <min value="0"/>
        <max value="1"/>
      </base>
      <condition value="ele-1"/>
      <constraint>
        <key value="ele-1"/>
        <severity value="error"/>
        <human value="All FHIR elements must have a @value or children"/>
        <expression value="children().count() &gt; id.count()"/>
        <xpath value="@value|f:*|h:div"/>
        <source value="Element"/>
      </constraint>
      <constraint>
        <key value="ext-1"/>
        <severity value="error"/>
        <human value="Must have either extensions or value[x], not both"/>
        <expression value="extension.exists() != value.exists()"/>
        <xpath value="exists(f:extension)!=exists(f:*[starts-with(local-name(.), &#39;value&#39;)])"/>
        <source value="Extension"/>
      </constraint>
    </element>
    <element id="Extension:receptortype.id">
      <path value="Extension.id"/>
      <representation value="xmlAttr"/>
      <short value="xml:id (or equivalent in JSON)"/>
      <definition value="unique id for the element within a resource (for internal references). This may be any string value that does not contain spaces."/>
      <min value="0"/>
      <max value="1"/>
      <base>
        <path value="Element.id"/>
        <min value="0"/>
        <max value="1"/>
      </base>
      <type>
        <code value="string"/>
      </type>
      <mapping>
        <identity value="rim"/>
        <map value="N/A"/>
      </mapping>
    </element>
    <element id="Extension:receptortype.extension:extension">
      <path value="Extension.extension"/>
      <sliceName value="extension"/>
      <short value="Extension"/>
      <definition value="An Extension"/>
      <min value="0"/>
      <max value="0"/>
      <base>
        <path value="Element.extension"/>
        <min value="0"/>
        <max value="*"/>
      </base>
      <type>
        <code value="Extension"/>
      </type>
    </element>
    <element id="Extension:receptortype.url">
      <path value="Extension.url"/>
      <representation value="xmlAttr"/>
      <short value="identifies the meaning of the extension"/>
      <definition value="Source of the definition for the extension code - a logical name or a URL."/>
      <min value="1"/>
      <max value="1"/>
      <base>
        <path value="Extension.url"/>
        <min value="1"/>
        <max value="1"/>
      </base>
      <type>
        <code value="uri"/>
      </type>
      <fixedUri value="http://standardhealthrecord.org/fhir/StructureDefinition/shr-oncology-ReceptorType-extension"/>
      <mapping>
        <identity value="rim"/>
        <map value="N/A"/>
      </mapping>
    </element>
    <element id="Extension:receptortype.valueCodeableConcept">
      <path value="Extension.valueCodeableConcept"/>
      <short value="Value of extension"/>
      <definition value="Value of extension - may be a resource or one of a constrained set of the data types (see Extensibility in the spec for list)."/>
      <min value="1"/>
      <max value="1"/>
      <base>
        <path value="Extension.value[x]"/>
        <min value="0"/>
        <max value="1"/>
      </base>
      <type>
        <code value="CodeableConcept"/>
        <profile value="http://standardhealthrecord.org/fhir/StructureDefinition/shr-core-CodeableConcept"/>
      </type>
      <binding>
        <strength value="required"/>
        <valueSetReference>
          <reference value="http://standardhealthrecord.org/shr/oncology/vs/ReceptorVS"/>
        </valueSetReference>
      </binding>
      <mapping>
        <identity value="rim"/>
        <map value="N/A"/>
      </mapping>
    </element>
  </snapshot>
  <differential>
    <element id="Extension:receptortype">
      <path value="Extension"/>
      <short value="SHR ReceptorType Extension"/>
      <definition value="A protein located on the cell surface, or in the cytoplasm, that binds to a specific signaling factor, such as a hormone, antigen, or neurotransmitter, causing a conformational and functional change in the receptor molecule. The ligand-bound receptor then alters its interaction with target molecules, which leads to changes in cellular physiology through modification of the activity of one or more signal transduction pathways."/>
      <min value="0"/>
      <max value="*"/>
    </element>
    <element id="Extension:receptortype.extension:extension">
      <path value="Extension.extension"/>
      <sliceName value="extension"/>
      <max value="0"/>
    </element>
    <element id="Extension:receptortype.url">
      <path value="Extension.url"/>
      <type>
        <code value="uri"/>
      </type>
      <fixedUri value="http://standardhealthrecord.org/fhir/StructureDefinition/shr-oncology-ReceptorType-extension"/>
    </element>
    <element id="Extension:receptortype.valueCodeableConcept">
      <path value="Extension.valueCodeableConcept"/>
      <min value="1"/>
      <type>
        <code value="CodeableConcept"/>
        <profile value="http://standardhealthrecord.org/fhir/StructureDefinition/shr-core-CodeableConcept"/>
      </type>
      <binding>
        <strength value="required"/>
        <valueSetReference>
          <reference value="http://standardhealthrecord.org/shr/oncology/vs/ReceptorVS"/>
        </valueSetReference>
      </binding>
    </element>
  </differential>
</StructureDefinition>