<?xml version="1.0" encoding="UTF-8"?>

<StructureDefinition xmlns="http://hl7.org/fhir">
  <id value="shr-research-Study"/>
  <text>
    <status value="generated"/><div xmlns="http://www.w3.org/1999/xhtml">
  <p><b>SHR Study Profile</b></p>
  <p>A clinical trial or similar research study. Reference: list of FDA data elements describing a research study: prsinfo.clinicaltrials.gov/definitions.html</p>
  <p><b>SHR Mapping Summary</b></p>
  <p><pre>shr.research.Study maps to ResearchStudy:
  Title maps to title
  Identifier maps to identifier
  PartOf maps to partOf
  Status maps to status
  Enrollment maps to enrollment
  EffectiveTimePeriod maps to period
  Sponsor maps to sponsor
  Jurisdiction maps to jurisdiction
  ContactDetail maps to contact
  PrincipalInvestigator maps to principalInvestigator
  Facility maps to site
  TerminationReason maps to reasonStopped
  Annotation maps to note
  StudyArm.Title maps to arm.name
  StudyArm.Type maps to arm.code
  StudyArm.Details maps to arm.description
</pre></p>
</div>
  </text>
  <url value="http://standardhealthrecord.org/fhir/StructureDefinition/shr-research-Study"/>
  <identifier>
    <system value="http://standardhealthrecord.org"/>
    <value value="shr.research.Study"/>
  </identifier>
  <version value="0.0.1"/>
  <name value="SHR Study Profile"/>
  <status value="draft"/>
  <date value="2018-02-27"/>
  <publisher value="The MITRE Corporation: Standard Health Record Collaborative"/>
  <contact>
    <telecom>
      <system value="url"/>
      <value value="http://standardhealthrecord.org"/>
    </telecom>
  </contact>
  <description value="A clinical trial or similar research study. Reference: list of FDA data elements describing a research study: prsinfo.clinicaltrials.gov/definitions.html"/>
  <fhirVersion value="3.0.1"/>
  <mapping>
    <identity value="v2"/>
    <uri value="http://hl7.org/v2"/>
    <name value="HL7 v2 Mapping"/>
  </mapping>
  <mapping>
    <identity value="rim"/>
    <uri value="http://hl7.org/v3"/>
    <name value="RIM Mapping"/>
  </mapping>
  <mapping>
    <identity value="w5"/>
    <uri value="http://hl7.org/fhir/w5"/>
    <name value="W5 Mapping"/>
  </mapping>
  <mapping>
    <identity value="clinicaltrials-gov"/>
    <uri value="http://clinicaltrials.gov"/>
    <name value="ClinicalTrials.gov Mapping"/>
  </mapping>
  <kind value="resource"/>
  <abstract value="false"/>
  <type value="ResearchStudy"/>
  <baseDefinition value="http://hl7.org/fhir/StructureDefinition/ResearchStudy"/>
  <derivation value="constraint"/>
  <snapshot>
    <element id="ResearchStudy:shr-research-Study">
      <path value="ResearchStudy"/>
      <short value="SHR Study Profile"/>
      <definition value="A clinical trial or similar research study. Reference: list of FDA data elements describing a research study: prsinfo.clinicaltrials.gov/definitions.html"/>
      <comment value="Need to make sure we encompass public health studies."/>
      <alias value="Clinical Trial"/>
      <alias value="Study"/>
      <min value="0"/>
      <max value="*"/>
      <constraint>
        <key value="dom-2"/>
        <severity value="error"/>
        <human value="If the resource is contained in another resource, it SHALL NOT contain nested Resources"/>
        <expression value="contained.contained.empty()"/>
        <xpath value="not(parent::f:contained and f:contained)"/>
        <source value="DomainResource"/>
      </constraint>
      <constraint>
        <key value="dom-1"/>
        <severity value="error"/>
        <human value="If the resource is contained in another resource, it SHALL NOT contain any narrative"/>
        <expression value="contained.text.empty()"/>
        <xpath value="not(parent::f:contained and f:text)"/>
        <source value="DomainResource"/>
      </constraint>
      <constraint>
        <key value="dom-4"/>
        <severity value="error"/>
        <human value="If a resource is contained in another resource, it SHALL NOT have a meta.versionId or a meta.lastUpdated"/>
        <expression value="contained.meta.versionId.empty() and contained.meta.lastUpdated.empty()"/>
        <xpath value="not(exists(f:contained/*/f:meta/f:versionId)) and not(exists(f:contained/*/f:meta/f:lastUpdated))"/>
        <source value="DomainResource"/>
      </constraint>
      <constraint>
        <key value="dom-3"/>
        <severity value="error"/>
        <human value="If the resource is contained in another resource, it SHALL be referred to from elsewhere in the resource"/>
        <expression value="contained.where((&#39;#&#39;+id in %resource.descendants().reference).not()).empty()"/>
        <xpath value="not(exists(for $id in f:contained/*/@id return $id[not(ancestor::f:contained/parent::*/descendant::f:reference/@value=concat(&#39;#&#39;, $id))]))"/>
        <source value="DomainResource"/>
      </constraint>
      <mapping>
        <identity value="rim"/>
        <map value="Entity. Role, or Act"/>
      </mapping>
      <mapping>
        <identity value="v2"/>
        <map value="OBX"/>
      </mapping>
      <mapping>
        <identity value="rim"/>
        <map value="Observation[classCode=CLNTRL, moodCode=EVN]"/>
      </mapping>
      <mapping>
        <identity value="w5"/>
        <map value="clinical.diagnostics"/>
      </mapping>
    </element>
    <element id="ResearchStudy:shr-research-Study.id">
      <path value="ResearchStudy.id"/>
      <short value="Logical id of this artifact"/>
      <definition value="The logical id of the resource, as used in the URL for the resource. Once assigned, this value never changes."/>
      <comment value="The only time that a resource does not have an id is when it is being submitted to the server using a create operation."/>
      <min value="0"/>
      <max value="1"/>
      <base>
        <path value="Resource.id"/>
        <min value="0"/>
        <max value="1"/>
      </base>
      <type>
        <code value="id"/>
      </type>
      <isSummary value="true"/>
    </element>
    <element id="ResearchStudy:shr-research-Study.meta">
      <path value="ResearchStudy.meta"/>
      <short value="Metadata about the resource"/>
      <definition value="The metadata about the resource. This is content that is maintained by the infrastructure. Changes to the content may not always be associated with version changes to the resource."/>
      <min value="0"/>
      <max value="1"/>
      <base>
        <path value="Resource.meta"/>
        <min value="0"/>
        <max value="1"/>
      </base>
      <type>
        <code value="Meta"/>
      </type>
      <isSummary value="true"/>
    </element>
    <element id="ResearchStudy:shr-research-Study.implicitRules">
      <path value="ResearchStudy.implicitRules"/>
      <short value="A set of rules under which this content was created"/>
      <definition value="A reference to a set of rules that were followed when the resource was constructed, and which must be understood when processing the content."/>
      <comment value="Asserting this rule set restricts the content to be only understood by a limited set of trading partners. This inherently limits the usefulness of the data in the long term. However, the existing health eco-system is highly fractured, and not yet ready to define, collect, and exchange data in a generally computable sense. Wherever possible, implementers and/or specification writers should avoid using this element. &#xA;&#xA;This element is labelled as a modifier because the implicit rules may provide additional knowledge about the resource that modifies it&#39;s meaning or interpretation."/>
      <min value="0"/>
      <max value="1"/>
      <base>
        <path value="Resource.implicitRules"/>
        <min value="0"/>
        <max value="1"/>
      </base>
      <type>
        <code value="uri"/>
      </type>
      <isModifier value="true"/>
      <isSummary value="true"/>
    </element>
    <element id="ResearchStudy:shr-research-Study.language">
      <path value="ResearchStudy.language"/>
      <short value="Language of the resource content"/>
      <definition value="The base language in which the resource is written."/>
      <comment value="Language is provided to support indexing and accessibility (typically, services such as text to speech use the language tag). The html language tag in the narrative applies  to the narrative. The language tag on the resource may be used to specify the language of other presentations generated from the data in the resource  Not all the content has to be in the base language. The Resource.language should not be assumed to apply to the narrative automatically. If a language is specified, it should it also be specified on the div element in the html (see rules in HTML5 for information about the relationship between xml:lang and the html lang attribute)."/>
      <min value="0"/>
      <max value="1"/>
      <base>
        <path value="Resource.language"/>
        <min value="0"/>
        <max value="1"/>
      </base>
      <type>
        <code value="code"/>
      </type>
      <binding>
        <extension url="http://hl7.org/fhir/StructureDefinition/elementdefinition-maxValueSet">
          <valueReference>
            <reference value="http://hl7.org/fhir/ValueSet/all-languages"/>
          </valueReference>
        </extension>
        <extension url="http://hl7.org/fhir/StructureDefinition/elementdefinition-bindingName">
          <valueString value="Language"/>
        </extension>
        <extension url="http://hl7.org/fhir/StructureDefinition/elementdefinition-isCommonBinding">
          <valueBoolean value="true"/>
        </extension>
        <strength value="extensible"/>
        <description value="A human language."/>
        <valueSetReference>
          <reference value="http://hl7.org/fhir/ValueSet/languages"/>
        </valueSetReference>
      </binding>
    </element>
    <element id="ResearchStudy:shr-research-Study.text">
      <path value="ResearchStudy.text"/>
      <short value="Text summary of the resource, for human interpretation"/>
      <definition value="A human-readable narrative that contains a summary of the resource, and may be used to represent the content of the resource to a human. The narrative need not encode all the structured data, but is required to contain sufficient detail to make it &quot;clinically safe&quot; for a human to just read the narrative. Resource definitions may define what content should be represented in the narrative to ensure clinical safety."/>
      <comment value="Contained resources do not have narrative. Resources that are not contained SHOULD have a narrative. In some cases, a resource may only have text with little or no additional discrete data (as long as all minOccurs=1 elements are satisfied).  This may be necessary for data from legacy systems where information is captured as a &quot;text blob&quot; or where text is additionally entered raw or narrated and encoded in formation is added later."/>
      <alias value="narrative"/>
      <alias value="html"/>
      <alias value="xhtml"/>
      <alias value="display"/>
      <min value="0"/>
      <max value="1"/>
      <base>
        <path value="DomainResource.text"/>
        <min value="0"/>
        <max value="1"/>
      </base>
      <type>
        <code value="Narrative"/>
      </type>
      <condition value="dom-1"/>
      <mapping>
        <identity value="rim"/>
        <map value="Act.text?"/>
      </mapping>
    </element>
    <element id="ResearchStudy:shr-research-Study.contained">
      <path value="ResearchStudy.contained"/>
      <short value="Contained, inline Resources"/>
      <definition value="These resources do not have an independent existence apart from the resource that contains them - they cannot be identified independently, and nor can they have their own independent transaction scope."/>
      <comment value="This should never be done when the content can be identified properly, as once identification is lost, it is extremely difficult (and context dependent) to restore it again."/>
      <alias value="inline resources"/>
      <alias value="anonymous resources"/>
      <alias value="contained resources"/>
      <min value="0"/>
      <max value="*"/>
      <base>
        <path value="DomainResource.contained"/>
        <min value="0"/>
        <max value="*"/>
      </base>
      <type>
        <code value="Resource"/>
      </type>
      <mapping>
        <identity value="rim"/>
        <map value="N/A"/>
      </mapping>
    </element>
    <element id="ResearchStudy:shr-research-Study.extension">
      <path value="ResearchStudy.extension"/>
      <slicing id="1">
        <discriminator>
          <type value="value"/>
          <path value="url"/>
        </discriminator>
        <ordered value="false"/>
        <rules value="open"/>
      </slicing>
      <short value="Additional Content defined by implementations"/>
      <definition value="May be used to represent additional information that is not part of the basic definition of the resource. In order to make the use of extensions safe and manageable, there is a strict set of governance  applied to the definition and use of extensions. Though any implementer is allowed to define an extension, there is a set of requirements that SHALL be met as part of the definition of the extension."/>
      <comment value="There can be no stigma associated with the use of extensions by any application, project, or standard - regardless of the institution or jurisdiction that uses or defines the extensions.  The use of extensions is what allows the FHIR specification to retain a core level of simplicity for everyone."/>
      <alias value="extensions"/>
      <alias value="user content"/>
      <min value="0"/>
      <max value="*"/>
      <base>
        <path value="DomainResource.extension"/>
        <min value="0"/>
        <max value="*"/>
      </base>
      <type>
        <code value="Extension"/>
      </type>
      <mapping>
        <identity value="rim"/>
        <map value="N/A"/>
      </mapping>
    </element>
    <element id="ResearchStudy:shr-research-Study.extension:relatedencounter">
      <path value="ResearchStudy.extension"/>
      <sliceName value="relatedencounter"/>
      <definition value="If content was generated during a patient encounter, related encounter is the encounter where the information was gained."/>
      <min value="0"/>
      <max value="1"/>
      <type>
        <code value="Extension"/>
        <profile value="http://standardhealthrecord.org/fhir/StructureDefinition/shr-base-RelatedEncounter-extension"/>
      </type>
    </element>
    <element id="ResearchStudy:shr-research-Study.extension:author">
      <path value="ResearchStudy.extension"/>
      <sliceName value="author"/>
      <definition value="The person or organization who created the entry and is responsible for (and may certify) the content."/>
      <min value="0"/>
      <max value="1"/>
      <type>
        <code value="Extension"/>
        <profile value="http://standardhealthrecord.org/fhir/StructureDefinition/shr-base-Author-extension"/>
      </type>
    </element>
    <element id="ResearchStudy:shr-research-Study.extension:informant">
      <path value="ResearchStudy.extension"/>
      <sliceName value="informant"/>
      <definition value="The person or entity that provided the information in the entry, as distinct from who created the entry, e.g. the subject (patient), medical professional, family member, device or software program."/>
      <min value="0"/>
      <max value="1"/>
      <type>
        <code value="Extension"/>
        <profile value="http://standardhealthrecord.org/fhir/StructureDefinition/shr-base-Informant-extension"/>
      </type>
    </element>
    <element id="ResearchStudy:shr-research-Study.extension:type">
      <path value="ResearchStudy.extension"/>
      <sliceName value="type"/>
      <definition value="The most specific code (lowest level term) describing the kind or sort of thing being represented."/>
      <min value="0"/>
      <max value="1"/>
      <type>
        <code value="Extension"/>
        <profile value="http://standardhealthrecord.org/fhir/StructureDefinition/shr-entity-Type-extension"/>
      </type>
    </element>
    <element id="ResearchStudy:shr-research-Study.extension:details">
      <path value="ResearchStudy.extension"/>
      <sliceName value="details"/>
      <definition value="An text note containing additional details, explanation, description, comment, or summarization. Details can discuss, support, explain changes to, or dispute information."/>
      <min value="0"/>
      <max value="1"/>
      <type>
        <code value="Extension"/>
        <profile value="http://standardhealthrecord.org/fhir/StructureDefinition/shr-core-Details-extension"/>
      </type>
    </element>
    <element id="ResearchStudy:shr-research-Study.modifierExtension">
      <path value="ResearchStudy.modifierExtension"/>
      <short value="Extensions that cannot be ignored"/>
      <definition value="May be used to represent additional information that is not part of the basic definition of the resource, and that modifies the understanding of the element that contains it. Usually modifier elements provide negation or qualification. In order to make the use of extensions safe and manageable, there is a strict set of governance applied to the definition and use of extensions. Though any implementer is allowed to define an extension, there is a set of requirements that SHALL be met as part of the definition of the extension. Applications processing a resource are required to check for modifier extensions."/>
      <comment value="There can be no stigma associated with the use of extensions by any application, project, or standard - regardless of the institution or jurisdiction that uses or defines the extensions.  The use of extensions is what allows the FHIR specification to retain a core level of simplicity for everyone."/>
      <alias value="extensions"/>
      <alias value="user content"/>
      <min value="0"/>
      <max value="*"/>
      <base>
        <path value="DomainResource.modifierExtension"/>
        <min value="0"/>
        <max value="*"/>
      </base>
      <type>
        <code value="Extension"/>
      </type>
      <isModifier value="true"/>
      <mapping>
        <identity value="rim"/>
        <map value="N/A"/>
      </mapping>
    </element>
    <element id="ResearchStudy:shr-research-Study.identifier">
      <path value="ResearchStudy.identifier"/>
      <short value="Business Identifier for study"/>
      <definition value="Identifiers assigned to this research study by the sponsor or other systems."/>
      <requirements value="Allows identification of the research study as it is known by various participating systems and in a way that remains consistent across servers."/>
      <min value="1"/>
      <max value="1"/>
      <type>
        <code value="Identifier"/>
        <profile value="http://standardhealthrecord.org/fhir/StructureDefinition/shr-core-Identifier"/>
      </type>
      <isSummary value="true"/>
      <mapping>
        <identity value="clinicaltrials-gov"/>
        <map value="Organization&#39;s Unique Protocol ID; Secondary IDs"/>
      </mapping>
      <mapping>
        <identity value="rim"/>
        <map value=".identifier"/>
      </mapping>
      <mapping>
        <identity value="w5"/>
        <map value="id"/>
      </mapping>
    </element>
    <element id="ResearchStudy:shr-research-Study.title">
      <path value="ResearchStudy.title"/>
      <short value="Name for this study"/>
      <definition value="A short, descriptive user-friendly label for the study."/>
      <min value="1"/>
      <max value="1"/>
      <type>
        <code value="string"/>
      </type>
      <isSummary value="true"/>
      <mapping>
        <identity value="clinicaltrials-gov"/>
        <map value="Brief Title"/>
      </mapping>
    </element>
    <element id="ResearchStudy:shr-research-Study.protocol">
      <path value="ResearchStudy.protocol"/>
      <short value="Steps followed in executing study"/>
      <definition value="The set of steps expected to be performed as part of the execution of the study."/>
      <min value="0"/>
      <max value="*"/>
      <type>
        <code value="Reference"/>
        <targetProfile value="http://hl7.org/fhir/StructureDefinition/PlanDefinition"/>
      </type>
      <isSummary value="true"/>
      <mapping>
        <identity value="clinicaltrials-gov"/>
        <map value="Interventions; Arm/Intervention Cross-Reference"/>
      </mapping>
      <mapping>
        <identity value="rim"/>
        <map value=".outboundRelationship[typeCode=DEFN].target"/>
      </mapping>
    </element>
    <element id="ResearchStudy:shr-research-Study.partOf">
      <path value="ResearchStudy.partOf"/>
      <short value="Part of larger study"/>
      <definition value="A larger research study of which this particular study is a component or step."/>
      <requirements value="Allows breaking a study into components (e.g. by study site) each with their own PI, status, enrollment, etc."/>
      <alias value="container"/>
      <min value="0"/>
      <max value="*"/>
      <type>
        <code value="Reference"/>
        <targetProfile value="http://standardhealthrecord.org/fhir/StructureDefinition/shr-research-Study"/>
      </type>
      <isSummary value="true"/>
      <mapping>
        <identity value="rim"/>
        <map value=".inboundRelationship[typeCode=COMP].source[moodCode=EVN]"/>
      </mapping>
    </element>
    <element id="ResearchStudy:shr-research-Study.status">
      <path value="ResearchStudy.status"/>
      <short value="draft | in-progress | suspended | stopped | completed | entered-in-error"/>
      <definition value="The current state of the study."/>
      <comment value="This element is labeled as a modifier because the status contains codes that mark the resource as not currently valid."/>
      <min value="1"/>
      <max value="1"/>
      <type>
        <code value="code"/>
      </type>
      <isModifier value="true"/>
      <isSummary value="true"/>
      <binding>
        <extension url="http://hl7.org/fhir/StructureDefinition/elementdefinition-bindingName">
          <valueString value="ResearchStudyStatus"/>
        </extension>
        <strength value="required"/>
        <description value="Codes that convey the current status of the research study"/>
        <valueSetReference>
          <reference value="http://hl7.org/fhir/ValueSet/research-study-status"/>
        </valueSetReference>
      </binding>
      <mapping>
        <identity value="rim"/>
        <map value=".status"/>
      </mapping>
      <mapping>
        <identity value="w5"/>
        <map value="status"/>
      </mapping>
    </element>
    <element id="ResearchStudy:shr-research-Study.category">
      <path value="ResearchStudy.category"/>
      <short value="Classifications for the study"/>
      <definition value="Codes categorizing the type of study such as investigational vs. observational, type of blinding, type of randomization, safety vs. efficacy, etc."/>
      <min value="0"/>
      <max value="*"/>
      <type>
        <code value="CodeableConcept"/>
      </type>
      <isSummary value="true"/>
      <binding>
        <extension url="http://hl7.org/fhir/StructureDefinition/elementdefinition-bindingName">
          <valueString value="ResearchStudyCategory"/>
        </extension>
        <strength value="example"/>
        <description value="Codes that describe the type of research study.  E.g. Study phase, Interventional/Observational, blinding type, etc."/>
      </binding>
      <mapping>
        <identity value="clinicaltrials-gov"/>
        <map value="Study Type; Primary Purpose; Study Phase; Interventional Model; Masking; Allocation; study Classification; Observational Study Model; Time Perspective; Biospecimen Retention"/>
      </mapping>
    </element>
    <element id="ResearchStudy:shr-research-Study.focus">
      <path value="ResearchStudy.focus"/>
      <short value="Drugs, devices, conditions, etc. under study"/>
      <definition value="The condition(s), medication(s), food(s), therapy(ies), device(s) or other concerns or interventions that the study is seeking to gain more information about."/>
      <min value="0"/>
      <max value="*"/>
      <type>
        <code value="CodeableConcept"/>
      </type>
      <isSummary value="true"/>
      <binding>
        <extension url="http://hl7.org/fhir/StructureDefinition/elementdefinition-bindingName">
          <valueString value="ResearchStudyFocus"/>
        </extension>
        <strength value="example"/>
        <description value="Codes for medications, devices, conditions and other interventions"/>
      </binding>
      <mapping>
        <identity value="clinicaltrials-gov"/>
        <map value="Conditions or Focus of Study"/>
      </mapping>
      <mapping>
        <identity value="w5"/>
        <map value="what"/>
      </mapping>
    </element>
    <element id="ResearchStudy:shr-research-Study.contact">
      <path value="ResearchStudy.contact"/>
      <short value="Contact details for the study"/>
      <definition value="Contact details to assist a user in learning more about or engaging with the study."/>
      <min value="0"/>
      <max value="*"/>
      <type>
        <code value="ContactDetail"/>
        <profile value="http://standardhealthrecord.org/fhir/StructureDefinition/shr-core-ContactDetail"/>
      </type>
      <isSummary value="true"/>
      <mapping>
        <identity value="clinicaltrials-gov"/>
        <map value="Central Contact; Central Contact Backup; Overall Study Officials; Facility Contact &amp; Backup (if Study tied to only one location); Investigators"/>
      </mapping>
    </element>
    <element id="ResearchStudy:shr-research-Study.relatedArtifact">
      <path value="ResearchStudy.relatedArtifact"/>
      <short value="References and dependencies"/>
      <definition value="Citations, references and other related documents."/>
      <min value="0"/>
      <max value="*"/>
      <type>
        <code value="RelatedArtifact"/>
      </type>
      <mapping>
        <identity value="clinicaltrials-gov"/>
        <map value="Citations, Links, Available Study Data/Documents"/>
      </mapping>
    </element>
    <element id="ResearchStudy:shr-research-Study.keyword">
      <path value="ResearchStudy.keyword"/>
      <short value="Used to search for the study"/>
      <definition value="Key terms to aid in searching for or filtering the study."/>
      <min value="0"/>
      <max value="*"/>
      <type>
        <code value="CodeableConcept"/>
      </type>
      <isSummary value="true"/>
      <binding>
        <extension url="http://hl7.org/fhir/StructureDefinition/elementdefinition-bindingName">
          <valueString value="ResearchStudyKeyword"/>
        </extension>
        <strength value="example"/>
        <description value="Words associated with the study that may be useful in discovery"/>
      </binding>
      <mapping>
        <identity value="clinicaltrials-gov"/>
        <map value="Keywords"/>
      </mapping>
    </element>
    <element id="ResearchStudy:shr-research-Study.jurisdiction">
      <path value="ResearchStudy.jurisdiction"/>
      <short value="Geographic region(s) for study"/>
      <definition value="Indicates a country, state or other region where the study is taking place."/>
      <min value="0"/>
      <max value="1"/>
      <type>
        <code value="CodeableConcept"/>
      </type>
      <isSummary value="true"/>
      <binding>
        <extension url="http://hl7.org/fhir/StructureDefinition/elementdefinition-bindingName">
          <valueString value="Jurisdiction"/>
        </extension>
        <extension url="http://hl7.org/fhir/StructureDefinition/elementdefinition-isCommonBinding">
          <valueBoolean value="true"/>
        </extension>
        <strength value="extensible"/>
        <description value="Countries and regions within which this artifact is targeted for use"/>
        <valueSetReference>
          <reference value="http://hl7.org/fhir/ValueSet/jurisdiction"/>
        </valueSetReference>
      </binding>
    </element>
    <element id="ResearchStudy:shr-research-Study.description">
      <path value="ResearchStudy.description"/>
      <short value="What this is study doing"/>
      <definition value="A full description of how the study is being conducted."/>
      <min value="0"/>
      <max value="1"/>
      <type>
        <code value="markdown"/>
      </type>
      <mapping>
        <identity value="clinicaltrials-gov"/>
        <map value="Detailed Description"/>
      </mapping>
    </element>
    <element id="ResearchStudy:shr-research-Study.enrollment">
      <path value="ResearchStudy.enrollment"/>
      <short value="Inclusion &amp; exclusion criteria"/>
      <definition value="Reference to a Group that defines the criteria for and quantity of subjects participating in the study.  E.g. &quot; 200 female Europeans between the ages of 20 and 45 with early onset diabetes&quot;."/>
      <comment value="The Group referenced should not generally enumerate specific subjects.  Subjects will be linked to the study using the ResearchSubject resource."/>
      <alias value="patient"/>
      <min value="0"/>
      <max value="*"/>
      <type>
        <code value="Reference"/>
        <targetProfile value="http://standardhealthrecord.org/fhir/StructureDefinition/shr-entity-Group"/>
      </type>
      <isSummary value="true"/>
      <mapping>
        <identity value="clinicaltrials-gov"/>
        <map value="Enrollment; Number of Groups/Cohorts (= number of &quot;enrollment&quot; instances); Groups (Group/Cohort Label = Group.name; Group/Cohort Description = Group.description); Eligibility (Group criteria)"/>
      </mapping>
      <mapping>
        <identity value="w5"/>
        <map value="who.focus"/>
      </mapping>
    </element>
    <element id="ResearchStudy:shr-research-Study.period">
      <path value="ResearchStudy.period"/>
      <short value="When the study began and ended"/>
      <definition value="Identifies the start date and the expected (or actual, depending on status) end date for the study."/>
      <requirements value="[The list of types may be constrained as appropriate for the type of event]."/>
      <alias value="timing"/>
      <min value="0"/>
      <max value="1"/>
      <type>
        <code value="Period"/>
      </type>
      <isSummary value="true"/>
      <mapping>
        <identity value="clinicaltrials-gov"/>
        <map value="Study Start Date (start); Study Completion Date (end)"/>
      </mapping>
      <mapping>
        <identity value="w5"/>
        <map value="when.done"/>
      </mapping>
    </element>
    <element id="ResearchStudy:shr-research-Study.sponsor">
      <path value="ResearchStudy.sponsor"/>
      <short value="Organization responsible for the study"/>
      <definition value="The organization responsible for the execution of the study."/>
      <min value="0"/>
      <max value="1"/>
      <type>
        <code value="Reference"/>
        <targetProfile value="http://standardhealthrecord.org/fhir/StructureDefinition/shr-entity-Organization"/>
      </type>
      <isSummary value="true"/>
      <mapping>
        <identity value="clinicaltrials-gov"/>
        <map value="Sponsor"/>
      </mapping>
      <mapping>
        <identity value="w5"/>
        <map value="who.actor"/>
      </mapping>
    </element>
    <element id="ResearchStudy:shr-research-Study.principalInvestigator">
      <path value="ResearchStudy.principalInvestigator"/>
      <short value="The individual responsible for the study"/>
      <definition value="Indicates the individual who has primary oversite of the execution of the study."/>
      <min value="0"/>
      <max value="1"/>
      <type>
        <code value="Reference"/>
        <targetProfile value="http://standardhealthrecord.org/fhir/StructureDefinition/shr-entity-Practitioner"/>
      </type>
      <isSummary value="true"/>
      <mapping>
        <identity value="clinicaltrials-gov"/>
        <map value="Principal Investigator"/>
      </mapping>
      <mapping>
        <identity value="w5"/>
        <map value="who.actor"/>
      </mapping>
    </element>
    <element id="ResearchStudy:shr-research-Study.site">
      <path value="ResearchStudy.site"/>
      <short value="Location involved in study execution"/>
      <definition value="Clinic, hospital or other healthcare location that is participating in the study."/>
      <min value="0"/>
      <max value="*"/>
      <type>
        <code value="Reference"/>
        <targetProfile value="http://standardhealthrecord.org/fhir/StructureDefinition/shr-entity-Facility"/>
      </type>
      <isSummary value="true"/>
      <mapping>
        <identity value="clinicaltrials-gov"/>
        <map value="Facility"/>
      </mapping>
      <mapping>
        <identity value="w5"/>
        <map value="where"/>
      </mapping>
    </element>
    <element id="ResearchStudy:shr-research-Study.reasonStopped">
      <path value="ResearchStudy.reasonStopped"/>
      <short value="Reason for terminating study early"/>
      <definition value="A description and/or code explaining the premature termination of the study."/>
      <min value="0"/>
      <max value="1"/>
      <type>
        <code value="CodeableConcept"/>
      </type>
      <isSummary value="true"/>
      <mapping>
        <identity value="clinicaltrials-gov"/>
        <map value="Why Study Stopped"/>
      </mapping>
      <mapping>
        <identity value="w5"/>
        <map value="why"/>
      </mapping>
    </element>
    <element id="ResearchStudy:shr-research-Study.note">
      <path value="ResearchStudy.note"/>
      <short value="Comments made about the event"/>
      <definition value="Comments made about the event by the performer, subject or other participants."/>
      <min value="0"/>
      <max value="*"/>
      <type>
        <code value="Annotation"/>
        <profile value="http://standardhealthrecord.org/fhir/StructureDefinition/shr-core-Annotation"/>
      </type>
    </element>
    <element id="ResearchStudy:shr-research-Study.arm">
      <path value="ResearchStudy.arm"/>
      <short value="Defined path through the study for a subject"/>
      <definition value="Describes an expected sequence of events for one of the participants of a study.  E.g. Exposure to drug A, wash-out, exposure to drug B, wash-out, follow-up."/>
      <min value="0"/>
      <max value="*"/>
      <type>
        <code value="BackboneElement"/>
      </type>
      <constraint>
        <key value="ele-1"/>
        <severity value="error"/>
        <human value="All FHIR elements must have a @value or children"/>
        <expression value="hasValue() | (children().count() &gt; id.count())"/>
        <xpath value="@value|f:*|h:div"/>
        <source value="Element"/>
      </constraint>
      <mapping>
        <identity value="clinicaltrials-gov"/>
        <map value="Arms"/>
      </mapping>
    </element>
    <element id="ResearchStudy:shr-research-Study.arm.id">
      <path value="ResearchStudy.arm.id"/>
      <representation value="xmlAttr"/>
      <short value="xml:id (or equivalent in JSON)"/>
      <definition value="unique id for the element within a resource (for internal references). This may be any string value that does not contain spaces."/>
      <min value="0"/>
      <max value="1"/>
      <base>
        <path value="Element.id"/>
        <min value="0"/>
        <max value="1"/>
      </base>
      <type>
        <code value="string"/>
      </type>
      <mapping>
        <identity value="rim"/>
        <map value="n/a"/>
      </mapping>
    </element>
    <element id="ResearchStudy:shr-research-Study.arm.extension">
      <path value="ResearchStudy.arm.extension"/>
      <short value="Additional Content defined by implementations"/>
      <definition value="May be used to represent additional information that is not part of the basic definition of the element. In order to make the use of extensions safe and manageable, there is a strict set of governance  applied to the definition and use of extensions. Though any implementer is allowed to define an extension, there is a set of requirements that SHALL be met as part of the definition of the extension."/>
      <comment value="There can be no stigma associated with the use of extensions by any application, project, or standard - regardless of the institution or jurisdiction that uses or defines the extensions.  The use of extensions is what allows the FHIR specification to retain a core level of simplicity for everyone."/>
      <alias value="extensions"/>
      <alias value="user content"/>
      <min value="0"/>
      <max value="*"/>
      <base>
        <path value="Element.extension"/>
        <min value="0"/>
        <max value="*"/>
      </base>
      <type>
        <code value="Extension"/>
      </type>
      <mapping>
        <identity value="rim"/>
        <map value="n/a"/>
      </mapping>
    </element>
    <element id="ResearchStudy:shr-research-Study.arm.modifierExtension">
      <path value="ResearchStudy.arm.modifierExtension"/>
      <short value="Extensions that cannot be ignored"/>
      <definition value="May be used to represent additional information that is not part of the basic definition of the element, and that modifies the understanding of the element that contains it. Usually modifier elements provide negation or qualification. In order to make the use of extensions safe and manageable, there is a strict set of governance applied to the definition and use of extensions. Though any implementer is allowed to define an extension, there is a set of requirements that SHALL be met as part of the definition of the extension. Applications processing a resource are required to check for modifier extensions."/>
      <comment value="There can be no stigma associated with the use of extensions by any application, project, or standard - regardless of the institution or jurisdiction that uses or defines the extensions.  The use of extensions is what allows the FHIR specification to retain a core level of simplicity for everyone."/>
      <alias value="extensions"/>
      <alias value="user content"/>
      <alias value="modifiers"/>
      <min value="0"/>
      <max value="*"/>
      <base>
        <path value="BackboneElement.modifierExtension"/>
        <min value="0"/>
        <max value="*"/>
      </base>
      <type>
        <code value="Extension"/>
      </type>
      <isModifier value="true"/>
      <isSummary value="true"/>
      <mapping>
        <identity value="rim"/>
        <map value="N/A"/>
      </mapping>
    </element>
    <element id="ResearchStudy:shr-research-Study.arm.name">
      <path value="ResearchStudy.arm.name"/>
      <short value="Label for study arm"/>
      <definition value="Unique, human-readable label for this arm of the study."/>
      <min value="1"/>
      <max value="1"/>
      <type>
        <code value="string"/>
      </type>
      <mapping>
        <identity value="clinicaltrials-gov"/>
        <map value="Arm Label"/>
      </mapping>
    </element>
    <element id="ResearchStudy:shr-research-Study.arm.code">
      <path value="ResearchStudy.arm.code"/>
      <short value="Categorization of study arm"/>
      <definition value="Categorization of study arm, e.g. experimental, active comparator, placebo comparater."/>
      <min value="0"/>
      <max value="1"/>
      <type>
        <code value="CodeableConcept"/>
      </type>
      <binding>
        <strength value="required"/>
        <valueSetReference>
          <reference value="http://standardhealthrecord.org/shr/research/vs/StudyArmTypeVS"/>
        </valueSetReference>
      </binding>
      <mapping>
        <identity value="clinicaltrials-gov"/>
        <map value="Arm Type"/>
      </mapping>
    </element>
    <element id="ResearchStudy:shr-research-Study.arm.description">
      <path value="ResearchStudy.arm.description"/>
      <short value="Short explanation of study path"/>
      <definition value="A succinct description of the path through the study that would be followed by a subject adhering to this arm."/>
      <min value="0"/>
      <max value="1"/>
      <type>
        <code value="string"/>
      </type>
      <mapping>
        <identity value="clinicaltrials-gov"/>
        <map value="Arm Description"/>
      </mapping>
    </element>
  </snapshot>
  <differential>
    <element id="ResearchStudy:shr-research-Study">
      <path value="ResearchStudy"/>
      <short value="SHR Study Profile"/>
      <definition value="A clinical trial or similar research study. Reference: list of FDA data elements describing a research study: prsinfo.clinicaltrials.gov/definitions.html"/>
    </element>
    <element id="ResearchStudy:shr-research-Study.extension:relatedencounter">
      <path value="ResearchStudy.extension"/>
      <sliceName value="relatedencounter"/>
      <definition value="If content was generated during a patient encounter, related encounter is the encounter where the information was gained."/>
      <min value="0"/>
      <max value="1"/>
      <type>
        <code value="Extension"/>
        <profile value="http://standardhealthrecord.org/fhir/StructureDefinition/shr-base-RelatedEncounter-extension"/>
      </type>
    </element>
    <element id="ResearchStudy:shr-research-Study.extension:author">
      <path value="ResearchStudy.extension"/>
      <sliceName value="author"/>
      <definition value="The person or organization who created the entry and is responsible for (and may certify) the content."/>
      <min value="0"/>
      <max value="1"/>
      <type>
        <code value="Extension"/>
        <profile value="http://standardhealthrecord.org/fhir/StructureDefinition/shr-base-Author-extension"/>
      </type>
    </element>
    <element id="ResearchStudy:shr-research-Study.extension:informant">
      <path value="ResearchStudy.extension"/>
      <sliceName value="informant"/>
      <definition value="The person or entity that provided the information in the entry, as distinct from who created the entry, e.g. the subject (patient), medical professional, family member, device or software program."/>
      <min value="0"/>
      <max value="1"/>
      <type>
        <code value="Extension"/>
        <profile value="http://standardhealthrecord.org/fhir/StructureDefinition/shr-base-Informant-extension"/>
      </type>
    </element>
    <element id="ResearchStudy:shr-research-Study.extension:type">
      <path value="ResearchStudy.extension"/>
      <sliceName value="type"/>
      <definition value="The most specific code (lowest level term) describing the kind or sort of thing being represented."/>
      <min value="0"/>
      <max value="1"/>
      <type>
        <code value="Extension"/>
        <profile value="http://standardhealthrecord.org/fhir/StructureDefinition/shr-entity-Type-extension"/>
      </type>
    </element>
    <element id="ResearchStudy:shr-research-Study.extension:details">
      <path value="ResearchStudy.extension"/>
      <sliceName value="details"/>
      <definition value="An text note containing additional details, explanation, description, comment, or summarization. Details can discuss, support, explain changes to, or dispute information."/>
      <min value="0"/>
      <max value="1"/>
      <type>
        <code value="Extension"/>
        <profile value="http://standardhealthrecord.org/fhir/StructureDefinition/shr-core-Details-extension"/>
      </type>
    </element>
    <element id="ResearchStudy:shr-research-Study.identifier">
      <path value="ResearchStudy.identifier"/>
      <min value="1"/>
      <max value="1"/>
      <type>
        <code value="Identifier"/>
        <profile value="http://standardhealthrecord.org/fhir/StructureDefinition/shr-core-Identifier"/>
      </type>
    </element>
    <element id="ResearchStudy:shr-research-Study.title">
      <path value="ResearchStudy.title"/>
      <min value="1"/>
      <max value="1"/>
    </element>
    <element id="ResearchStudy:shr-research-Study.partOf">
      <path value="ResearchStudy.partOf"/>
      <type>
        <code value="Reference"/>
        <targetProfile value="http://standardhealthrecord.org/fhir/StructureDefinition/shr-research-Study"/>
      </type>
    </element>
    <element id="ResearchStudy:shr-research-Study.contact">
      <path value="ResearchStudy.contact"/>
      <type>
        <code value="ContactDetail"/>
        <profile value="http://standardhealthrecord.org/fhir/StructureDefinition/shr-core-ContactDetail"/>
      </type>
    </element>
    <element id="ResearchStudy:shr-research-Study.jurisdiction">
      <path value="ResearchStudy.jurisdiction"/>
      <min value="0"/>
      <max value="1"/>
    </element>
    <element id="ResearchStudy:shr-research-Study.enrollment">
      <path value="ResearchStudy.enrollment"/>
      <type>
        <code value="Reference"/>
        <targetProfile value="http://standardhealthrecord.org/fhir/StructureDefinition/shr-entity-Group"/>
      </type>
    </element>
    <element id="ResearchStudy:shr-research-Study.sponsor">
      <path value="ResearchStudy.sponsor"/>
      <type>
        <code value="Reference"/>
        <targetProfile value="http://standardhealthrecord.org/fhir/StructureDefinition/shr-entity-Organization"/>
      </type>
    </element>
    <element id="ResearchStudy:shr-research-Study.principalInvestigator">
      <path value="ResearchStudy.principalInvestigator"/>
      <type>
        <code value="Reference"/>
        <targetProfile value="http://standardhealthrecord.org/fhir/StructureDefinition/shr-entity-Practitioner"/>
      </type>
    </element>
    <element id="ResearchStudy:shr-research-Study.site">
      <path value="ResearchStudy.site"/>
      <type>
        <code value="Reference"/>
        <targetProfile value="http://standardhealthrecord.org/fhir/StructureDefinition/shr-entity-Facility"/>
      </type>
    </element>
    <element id="ResearchStudy:shr-research-Study.note">
      <path value="ResearchStudy.note"/>
      <type>
        <code value="Annotation"/>
        <profile value="http://standardhealthrecord.org/fhir/StructureDefinition/shr-core-Annotation"/>
      </type>
    </element>
    <element id="ResearchStudy:shr-research-Study.arm">
      <path value="ResearchStudy.arm"/>
    </element>
    <element id="ResearchStudy:shr-research-Study.arm.code">
      <path value="ResearchStudy.arm.code"/>
      <binding>
        <strength value="required"/>
        <valueSetReference>
          <reference value="http://standardhealthrecord.org/shr/research/vs/StudyArmTypeVS"/>
        </valueSetReference>
      </binding>
    </element>
  </differential>
</StructureDefinition>