<?xml version="1.0" encoding="UTF-8"?>

<StructureDefinition xmlns="http://hl7.org/fhir">
  <id value="cimi-procedure-LaboratoryProcedureRequestedStatement"/>
  <text>
    <status value="generated"/><div xmlns="http://www.w3.org/1999/xhtml">
  <p><b>SHR LaboratoryProcedureRequestedStatement Profile</b></p>
  <p/>
  <p><b>SHR Mapping Summary</b></p>
  <p><pre>cimi.procedure.LaboratoryProcedureRequestedStatement maps to ProcedureRequest:
  _Entry.CreationTime maps to authoredOn
  Signed.Attribution.EntityOrRole maps to requester
  LaboratoryProcedureTopic.TopicCode maps to code
  LaboratoryProcedureTopic.Category maps to category
  constrain doNotPerform to 0..0
  SubjectOfInformation maps to subject
  LaboratoryProcedureTopic.AnatomicalLocation maps to bodySite
  ProcedureRequestedContext.Encounter maps to context
  ProcedureRequestedContext.Reason maps to reasonCode
  ProcedureRequestedContext.Status maps to status
  ProcedureRequestedContext.RequestIntent maps to intent
  ProcedureRequestedContext.ExpectedPerformanceTime maps to occurrence[x]
  ProcedureRequestedContext.ExpectedPerformerType maps to performerType
  ProcedureRequestedContext.ExpectedPerformer maps to performer
  ProcedureRequestedContext.PriorityRank maps to priority
</pre></p>
</div>
  </text>
  <url value="http://standardhealthrecord.org/fhir/StructureDefinition/cimi-procedure-LaboratoryProcedureRequestedStatement"/>
  <identifier>
    <system value="http://standardhealthrecord.org"/>
    <value value="cimi.procedure.LaboratoryProcedureRequestedStatement"/>
  </identifier>
  <version value="0.1.0"/>
  <name value="LaboratoryProcedureRequestedStatementProfile"/>
  <title value="SHR LaboratoryProcedureRequestedStatement Profile"/>
  <status value="draft"/>
  <date value="2018-08-22T00:00:00-04:00"/>
  <publisher value="The MITRE Corporation: Standard Health Record Collaborative"/>
  <contact>
    <telecom>
      <system value="url"/>
      <value value="http://standardhealthrecord.org"/>
    </telecom>
  </contact>
  <fhirVersion value="3.0.1"/>
  <mapping>
    <identity value="workflow"/>
    <uri value="http://hl7.org/fhir/workflow"/>
    <name value="Workflow Mapping"/>
  </mapping>
  <mapping>
    <identity value="v2"/>
    <uri value="http://hl7.org/v2"/>
    <name value="HL7 v2 Mapping"/>
  </mapping>
  <mapping>
    <identity value="rim"/>
    <uri value="http://hl7.org/v3"/>
    <name value="RIM Mapping"/>
  </mapping>
  <mapping>
    <identity value="w5"/>
    <uri value="http://hl7.org/fhir/w5"/>
    <name value="W5 Mapping"/>
  </mapping>
  <mapping>
    <identity value="quick"/>
    <uri value="http://wiki.siframework.org/CQF"/>
    <name value="Quality Improvement and Clinical Knowledge (QUICK)"/>
  </mapping>
  <kind value="resource"/>
  <abstract value="false"/>
  <type value="ProcedureRequest"/>
  <baseDefinition value="http://hl7.org/fhir/StructureDefinition/ProcedureRequest"/>
  <derivation value="constraint"/>
  <snapshot>
    <element id="ProcedureRequest:cimi-procedure-LaboratoryProcedureRequestedStatement">
      <path value="ProcedureRequest"/>
      <short value="SHR LaboratoryProcedureRequestedStatement Profile"/>
      <definition value="A record of a request for diagnostic investigations, treatments, or operations to be performed."/>
      <alias value="diagnostic request"/>
      <min value="0"/>
      <max value="*"/>
      <constraint>
        <key value="dom-2"/>
        <severity value="error"/>
        <human value="If the resource is contained in another resource, it SHALL NOT contain nested Resources"/>
        <expression value="contained.contained.empty()"/>
        <xpath value="not(parent::f:contained and f:contained)"/>
        <source value="DomainResource"/>
      </constraint>
      <constraint>
        <key value="dom-1"/>
        <severity value="error"/>
        <human value="If the resource is contained in another resource, it SHALL NOT contain any narrative"/>
        <expression value="contained.text.empty()"/>
        <xpath value="not(parent::f:contained and f:text)"/>
        <source value="DomainResource"/>
      </constraint>
      <constraint>
        <key value="dom-4"/>
        <severity value="error"/>
        <human value="If a resource is contained in another resource, it SHALL NOT have a meta.versionId or a meta.lastUpdated"/>
        <expression value="contained.meta.versionId.empty() and contained.meta.lastUpdated.empty()"/>
        <xpath value="not(exists(f:contained/*/f:meta/f:versionId)) and not(exists(f:contained/*/f:meta/f:lastUpdated))"/>
        <source value="DomainResource"/>
      </constraint>
      <constraint>
        <key value="dom-3"/>
        <severity value="error"/>
        <human value="If the resource is contained in another resource, it SHALL be referred to from elsewhere in the resource"/>
        <expression value="contained.where((&#39;#&#39;+id in %resource.descendants().reference).not()).empty()"/>
        <xpath value="not(exists(for $id in f:contained/*/@id return $id[not(ancestor::f:contained/parent::*/descendant::f:reference/@value=concat(&#39;#&#39;, $id))]))"/>
        <source value="DomainResource"/>
      </constraint>
      <mapping>
        <identity value="rim"/>
        <map value="Entity. Role, or Act"/>
      </mapping>
      <mapping>
        <identity value="workflow"/>
        <map value="Request"/>
      </mapping>
      <mapping>
        <identity value="v2"/>
        <map value="ORC"/>
      </mapping>
      <mapping>
        <identity value="rim"/>
        <map value="Act[moodCode&lt;=INT]"/>
      </mapping>
      <mapping>
        <identity value="w5"/>
        <map value="clinical.general"/>
      </mapping>
    </element>
    <element id="ProcedureRequest:cimi-procedure-LaboratoryProcedureRequestedStatement.id">
      <path value="ProcedureRequest.id"/>
      <short value="Logical id of this artifact"/>
      <definition value="The logical id of the resource, as used in the URL for the resource. Once assigned, this value never changes."/>
      <comment value="The only time that a resource does not have an id is when it is being submitted to the server using a create operation."/>
      <min value="0"/>
      <max value="1"/>
      <base>
        <path value="Resource.id"/>
        <min value="0"/>
        <max value="1"/>
      </base>
      <type>
        <code value="id"/>
      </type>
      <isSummary value="true"/>
    </element>
    <element id="ProcedureRequest:cimi-procedure-LaboratoryProcedureRequestedStatement.meta">
      <path value="ProcedureRequest.meta"/>
      <short value="Metadata about the resource"/>
      <definition value="The metadata about the resource. This is content that is maintained by the infrastructure. Changes to the content may not always be associated with version changes to the resource."/>
      <min value="0"/>
      <max value="1"/>
      <base>
        <path value="Resource.meta"/>
        <min value="0"/>
        <max value="1"/>
      </base>
      <type>
        <code value="Meta"/>
      </type>
      <isSummary value="true"/>
    </element>
    <element id="ProcedureRequest:cimi-procedure-LaboratoryProcedureRequestedStatement.implicitRules">
      <path value="ProcedureRequest.implicitRules"/>
      <short value="A set of rules under which this content was created"/>
      <definition value="A reference to a set of rules that were followed when the resource was constructed, and which must be understood when processing the content."/>
      <comment value="Asserting this rule set restricts the content to be only understood by a limited set of trading partners. This inherently limits the usefulness of the data in the long term. However, the existing health eco-system is highly fractured, and not yet ready to define, collect, and exchange data in a generally computable sense. Wherever possible, implementers and/or specification writers should avoid using this element. &#xA;&#xA;This element is labelled as a modifier because the implicit rules may provide additional knowledge about the resource that modifies it&#39;s meaning or interpretation."/>
      <min value="0"/>
      <max value="1"/>
      <base>
        <path value="Resource.implicitRules"/>
        <min value="0"/>
        <max value="1"/>
      </base>
      <type>
        <code value="uri"/>
      </type>
      <isModifier value="true"/>
      <isSummary value="true"/>
    </element>
    <element id="ProcedureRequest:cimi-procedure-LaboratoryProcedureRequestedStatement.language">
      <path value="ProcedureRequest.language"/>
      <short value="Language of the resource content"/>
      <definition value="The base language in which the resource is written."/>
      <comment value="Language is provided to support indexing and accessibility (typically, services such as text to speech use the language tag). The html language tag in the narrative applies  to the narrative. The language tag on the resource may be used to specify the language of other presentations generated from the data in the resource  Not all the content has to be in the base language. The Resource.language should not be assumed to apply to the narrative automatically. If a language is specified, it should it also be specified on the div element in the html (see rules in HTML5 for information about the relationship between xml:lang and the html lang attribute)."/>
      <min value="0"/>
      <max value="1"/>
      <base>
        <path value="Resource.language"/>
        <min value="0"/>
        <max value="1"/>
      </base>
      <type>
        <code value="code"/>
      </type>
      <binding>
        <extension url="http://hl7.org/fhir/StructureDefinition/elementdefinition-maxValueSet">
          <valueReference>
            <reference value="http://hl7.org/fhir/ValueSet/all-languages"/>
          </valueReference>
        </extension>
        <extension url="http://hl7.org/fhir/StructureDefinition/elementdefinition-bindingName">
          <valueString value="Language"/>
        </extension>
        <extension url="http://hl7.org/fhir/StructureDefinition/elementdefinition-isCommonBinding">
          <valueBoolean value="true"/>
        </extension>
        <strength value="extensible"/>
        <description value="A human language."/>
        <valueSetReference>
          <reference value="http://hl7.org/fhir/ValueSet/languages"/>
        </valueSetReference>
      </binding>
    </element>
    <element id="ProcedureRequest:cimi-procedure-LaboratoryProcedureRequestedStatement.text">
      <path value="ProcedureRequest.text"/>
      <short value="Text summary of the resource, for human interpretation"/>
      <definition value="A human-readable narrative that contains a summary of the resource, and may be used to represent the content of the resource to a human. The narrative need not encode all the structured data, but is required to contain sufficient detail to make it &quot;clinically safe&quot; for a human to just read the narrative. Resource definitions may define what content should be represented in the narrative to ensure clinical safety."/>
      <comment value="Contained resources do not have narrative. Resources that are not contained SHOULD have a narrative. In some cases, a resource may only have text with little or no additional discrete data (as long as all minOccurs=1 elements are satisfied).  This may be necessary for data from legacy systems where information is captured as a &quot;text blob&quot; or where text is additionally entered raw or narrated and encoded in formation is added later."/>
      <alias value="narrative"/>
      <alias value="html"/>
      <alias value="xhtml"/>
      <alias value="display"/>
      <min value="0"/>
      <max value="1"/>
      <base>
        <path value="DomainResource.text"/>
        <min value="0"/>
        <max value="1"/>
      </base>
      <type>
        <code value="Narrative"/>
      </type>
      <condition value="dom-1"/>
      <mapping>
        <identity value="rim"/>
        <map value="Act.text?"/>
      </mapping>
    </element>
    <element id="ProcedureRequest:cimi-procedure-LaboratoryProcedureRequestedStatement.contained">
      <path value="ProcedureRequest.contained"/>
      <short value="Contained, inline Resources"/>
      <definition value="These resources do not have an independent existence apart from the resource that contains them - they cannot be identified independently, and nor can they have their own independent transaction scope."/>
      <comment value="This should never be done when the content can be identified properly, as once identification is lost, it is extremely difficult (and context dependent) to restore it again."/>
      <alias value="inline resources"/>
      <alias value="anonymous resources"/>
      <alias value="contained resources"/>
      <min value="0"/>
      <max value="*"/>
      <base>
        <path value="DomainResource.contained"/>
        <min value="0"/>
        <max value="*"/>
      </base>
      <type>
        <code value="Resource"/>
      </type>
      <mapping>
        <identity value="rim"/>
        <map value="N/A"/>
      </mapping>
    </element>
    <element id="ProcedureRequest:cimi-procedure-LaboratoryProcedureRequestedStatement.extension">
      <path value="ProcedureRequest.extension"/>
      <slicing id="2">
        <discriminator>
          <type value="value"/>
          <path value="url"/>
        </discriminator>
        <ordered value="false"/>
        <rules value="open"/>
      </slicing>
      <short value="Additional Content defined by implementations"/>
      <definition value="May be used to represent additional information that is not part of the basic definition of the resource. In order to make the use of extensions safe and manageable, there is a strict set of governance  applied to the definition and use of extensions. Though any implementer is allowed to define an extension, there is a set of requirements that SHALL be met as part of the definition of the extension."/>
      <comment value="There can be no stigma associated with the use of extensions by any application, project, or standard - regardless of the institution or jurisdiction that uses or defines the extensions.  The use of extensions is what allows the FHIR specification to retain a core level of simplicity for everyone."/>
      <alias value="extensions"/>
      <alias value="user content"/>
      <min value="0"/>
      <max value="*"/>
      <base>
        <path value="DomainResource.extension"/>
        <min value="0"/>
        <max value="*"/>
      </base>
      <type>
        <code value="Extension"/>
      </type>
      <mapping>
        <identity value="rim"/>
        <map value="N/A"/>
      </mapping>
    </element>
    <element id="ProcedureRequest:cimi-procedure-LaboratoryProcedureRequestedStatement.extension:sourceofinformation">
      <path value="ProcedureRequest.extension"/>
      <sliceName value="sourceofinformation"/>
      <definition value="The person or entity that provided the information in the entry, e.g. the subject (patient), medical professional, family member, device or software program, as distinct from who recorded the entry."/>
      <min value="0"/>
      <max value="1"/>
      <type>
        <code value="Extension"/>
        <profile value="http://standardhealthrecord.org/fhir/StructureDefinition/cimi-core-SourceOfInformation-extension"/>
      </type>
    </element>
    <element id="ProcedureRequest:cimi-procedure-LaboratoryProcedureRequestedStatement.extension:annotation">
      <path value="ProcedureRequest.extension"/>
      <sliceName value="annotation"/>
      <definition value="An added or follow-up note, often after the fact, that contains metadata about who made the statement and when."/>
      <min value="0"/>
      <max value="*"/>
      <type>
        <code value="Extension"/>
        <profile value="http://standardhealthrecord.org/fhir/StructureDefinition/cimi-element-Annotation-extension"/>
      </type>
    </element>
    <element id="ProcedureRequest:cimi-procedure-LaboratoryProcedureRequestedStatement.extension:recordstatus">
      <path value="ProcedureRequest.extension"/>
      <sliceName value="recordstatus"/>
      <definition value="Concept indicating the state of this record, e.g., &#39;entered in error&#39;."/>
      <min value="0"/>
      <max value="1"/>
      <type>
        <code value="Extension"/>
        <profile value="http://standardhealthrecord.org/fhir/StructureDefinition/cimi-core-RecordStatus-extension"/>
      </type>
    </element>
    <element id="ProcedureRequest:cimi-procedure-LaboratoryProcedureRequestedStatement.extension:recorded">
      <path value="ProcedureRequest.extension"/>
      <sliceName value="recorded"/>
      <definition value="The person who entered the order on behalf of another individual for example in the case of a verbal or a telephone order."/>
      <min value="0"/>
      <max value="1"/>
      <type>
        <code value="Extension"/>
        <profile value="http://standardhealthrecord.org/fhir/StructureDefinition/cimi-core-Recorded-extension"/>
      </type>
    </element>
    <element id="ProcedureRequest:cimi-procedure-LaboratoryProcedureRequestedStatement.extension:cosigned">
      <path value="ProcedureRequest.extension"/>
      <sliceName value="cosigned"/>
      <definition value="Provenance information specific to the cosigning of the clinical statement."/>
      <min value="0"/>
      <max value="*"/>
      <type>
        <code value="Extension"/>
        <profile value="http://standardhealthrecord.org/fhir/StructureDefinition/cimi-core-Cosigned-extension"/>
      </type>
    </element>
    <element id="ProcedureRequest:cimi-procedure-LaboratoryProcedureRequestedStatement.extension:verified">
      <path value="ProcedureRequest.extension"/>
      <sliceName value="verified"/>
      <definition value="Provenance information specific to the verification process associated with this statement (e.g., verifier, when verified, etc.)"/>
      <min value="0"/>
      <max value="*"/>
      <type>
        <code value="Extension"/>
        <profile value="http://standardhealthrecord.org/fhir/StructureDefinition/cimi-core-Verified-extension"/>
      </type>
    </element>
    <element id="ProcedureRequest:cimi-procedure-LaboratoryProcedureRequestedStatement.modifierExtension">
      <path value="ProcedureRequest.modifierExtension"/>
      <short value="Extensions that cannot be ignored"/>
      <definition value="May be used to represent additional information that is not part of the basic definition of the resource, and that modifies the understanding of the element that contains it. Usually modifier elements provide negation or qualification. In order to make the use of extensions safe and manageable, there is a strict set of governance applied to the definition and use of extensions. Though any implementer is allowed to define an extension, there is a set of requirements that SHALL be met as part of the definition of the extension. Applications processing a resource are required to check for modifier extensions."/>
      <comment value="There can be no stigma associated with the use of extensions by any application, project, or standard - regardless of the institution or jurisdiction that uses or defines the extensions.  The use of extensions is what allows the FHIR specification to retain a core level of simplicity for everyone."/>
      <alias value="extensions"/>
      <alias value="user content"/>
      <min value="0"/>
      <max value="*"/>
      <base>
        <path value="DomainResource.modifierExtension"/>
        <min value="0"/>
        <max value="*"/>
      </base>
      <type>
        <code value="Extension"/>
      </type>
      <isModifier value="true"/>
      <mapping>
        <identity value="rim"/>
        <map value="N/A"/>
      </mapping>
    </element>
    <element id="ProcedureRequest:cimi-procedure-LaboratoryProcedureRequestedStatement.identifier">
      <path value="ProcedureRequest.identifier"/>
      <short value="Identifiers assigned to this order"/>
      <definition value="Identifiers assigned to this order instance by the orderer and/or the receiver and/or order fulfiller."/>
      <comment value="The identifier.type element is used to distinguish between the identifiers assigned by the orderer (known as the &#39;Placer&#39; in HL7 v2) and the producer of the observations in response to the order (known as the &#39;Filler&#39; in HL7 v2).  For further discussion and examples see the resource notes section below."/>
      <min value="0"/>
      <max value="*"/>
      <type>
        <code value="Identifier"/>
      </type>
      <isSummary value="true"/>
      <mapping>
        <identity value="workflow"/>
        <map value="Request.identifier"/>
      </mapping>
      <mapping>
        <identity value="v2"/>
        <map value="ORC.2, ORC.3"/>
      </mapping>
      <mapping>
        <identity value="rim"/>
        <map value=".identifier"/>
      </mapping>
      <mapping>
        <identity value="quick"/>
        <map value="ClinicalStatement.identifier"/>
      </mapping>
      <mapping>
        <identity value="w5"/>
        <map value="id"/>
      </mapping>
    </element>
    <element id="ProcedureRequest:cimi-procedure-LaboratoryProcedureRequestedStatement.definition">
      <path value="ProcedureRequest.definition"/>
      <short value="Protocol or definition"/>
      <definition value="Protocol or definition followed by this request."/>
      <alias value="protocol"/>
      <min value="0"/>
      <max value="*"/>
      <type>
        <code value="Reference"/>
        <targetProfile value="http://hl7.org/fhir/StructureDefinition/ActivityDefinition"/>
      </type>
      <type>
        <code value="Reference"/>
        <targetProfile value="http://hl7.org/fhir/StructureDefinition/PlanDefinition"/>
      </type>
      <isSummary value="true"/>
      <mapping>
        <identity value="workflow"/>
        <map value="Request.definition"/>
      </mapping>
      <mapping>
        <identity value="v2"/>
        <map value="Varies by domain"/>
      </mapping>
      <mapping>
        <identity value="rim"/>
        <map value=".outboundRelationship[typeCode=DEFN].target"/>
      </mapping>
    </element>
    <element id="ProcedureRequest:cimi-procedure-LaboratoryProcedureRequestedStatement.basedOn">
      <path value="ProcedureRequest.basedOn"/>
      <short value="What request fulfills"/>
      <definition value="Plan/proposal/order fulfilled by this request."/>
      <alias value="fulfills"/>
      <min value="0"/>
      <max value="*"/>
      <type>
        <code value="Reference"/>
        <targetProfile value="http://hl7.org/fhir/StructureDefinition/Resource"/>
      </type>
      <isSummary value="true"/>
      <mapping>
        <identity value="workflow"/>
        <map value="Request.basedOn"/>
      </mapping>
      <mapping>
        <identity value="v2"/>
        <map value="ORC.8 (plus others)"/>
      </mapping>
      <mapping>
        <identity value="rim"/>
        <map value=".outboundRelationship[typeCode=FLFS].target"/>
      </mapping>
    </element>
    <element id="ProcedureRequest:cimi-procedure-LaboratoryProcedureRequestedStatement.replaces">
      <path value="ProcedureRequest.replaces"/>
      <short value="What request replaces"/>
      <definition value="The request takes the place of the referenced completed or terminated request(s)."/>
      <min value="0"/>
      <max value="*"/>
      <type>
        <code value="Reference"/>
        <targetProfile value="http://hl7.org/fhir/StructureDefinition/Resource"/>
      </type>
      <isSummary value="true"/>
      <mapping>
        <identity value="workflow"/>
        <map value="Request.replaces"/>
      </mapping>
      <mapping>
        <identity value="v2"/>
        <map value="Handled by message location of ORC (ORC.1=RO or RU)"/>
      </mapping>
      <mapping>
        <identity value="rim"/>
        <map value=".outboundRelationship[typeCode=RPLC].target"/>
      </mapping>
    </element>
    <element id="ProcedureRequest:cimi-procedure-LaboratoryProcedureRequestedStatement.requisition">
      <path value="ProcedureRequest.requisition"/>
      <short value="Composite Request ID"/>
      <definition value="A shared identifier common to all procedure or diagnostic requests that were authorized more or less simultaneously by a single author, representing the composite or group identifier."/>
      <comment value="Requests are linked either by a &quot;basedOn&quot; relationship (i.e. one request is fulfilling another) or by having a common requisition. Requests that are part of the same requisition are generally treated independently from the perspective of changing their state or maintaining them after initial creation."/>
      <requirements value="Some business processes need to know if multiple items were ordered as part of the same &quot;requisition&quot; for billing or other purposes."/>
      <alias value="grouperId"/>
      <alias value="groupIdentifier"/>
      <min value="0"/>
      <max value="1"/>
      <type>
        <code value="Identifier"/>
      </type>
      <isSummary value="true"/>
      <mapping>
        <identity value="v2"/>
        <map value="ORC.4"/>
      </mapping>
      <mapping>
        <identity value="rim"/>
        <map value=".inboundRelationship(typeCode=COMP].source[moodCode=INT].identifier"/>
      </mapping>
    </element>
    <element id="ProcedureRequest:cimi-procedure-LaboratoryProcedureRequestedStatement.status">
      <path value="ProcedureRequest.status"/>
      <short value="draft | active | suspended | completed | entered-in-error | cancelled"/>
      <definition value="The status of the order."/>
      <comment value="The status is generally fully in the control of the requester - they determine whether the order is draft or active and, after it has been activated, competed, cancelled or suspended. States relating to the activities of the performer are reflected on either the corresponding event (see [Event Pattern](event.html) for general discussion) or using the [Task](task.html) resource.&#xA;&#xA;This element is labeled as a modifier because the status contains codes that mark the resource as not currently valid."/>
      <min value="1"/>
      <max value="1"/>
      <type>
        <code value="code"/>
      </type>
      <isModifier value="true"/>
      <isSummary value="true"/>
      <binding>
        <extension url="http://hl7.org/fhir/StructureDefinition/elementdefinition-bindingName">
          <valueString value="ProcedureRequestStatus"/>
        </extension>
        <strength value="required"/>
        <description value="The status of a procedure or diagnostic order."/>
        <valueSetReference>
          <reference value="http://hl7.org/fhir/ValueSet/request-status"/>
        </valueSetReference>
      </binding>
      <mapping>
        <identity value="workflow"/>
        <map value="Request.status"/>
      </mapping>
      <mapping>
        <identity value="v2"/>
        <map value="ORC.5"/>
      </mapping>
      <mapping>
        <identity value="rim"/>
        <map value=".status"/>
      </mapping>
      <mapping>
        <identity value="quick"/>
        <map value="Action.currentStatus"/>
      </mapping>
      <mapping>
        <identity value="w5"/>
        <map value="status"/>
      </mapping>
    </element>
    <element id="ProcedureRequest:cimi-procedure-LaboratoryProcedureRequestedStatement.intent">
      <path value="ProcedureRequest.intent"/>
      <short value="proposal | plan | order +"/>
      <definition value="Whether the request is a proposal, plan, an original order or a reflex order."/>
      <comment value="This element is labeled as a modifier because the intent alters when and how the resource is actually applicable."/>
      <min value="1"/>
      <max value="1"/>
      <type>
        <code value="code"/>
      </type>
      <isModifier value="true"/>
      <isSummary value="true"/>
      <binding>
        <extension url="http://hl7.org/fhir/StructureDefinition/elementdefinition-bindingName">
          <valueString value="ProcedureRequestIntent"/>
        </extension>
        <strength value="required"/>
        <description value="The kind of procedure or diagnostic request"/>
        <valueSetReference>
          <reference value="http://hl7.org/fhir/ValueSet/request-intent"/>
        </valueSetReference>
      </binding>
      <mapping>
        <identity value="workflow"/>
        <map value="Request.intent"/>
      </mapping>
      <mapping>
        <identity value="v2"/>
        <map value="N/A"/>
      </mapping>
      <mapping>
        <identity value="rim"/>
        <map value=".moodCode (nuances beyond PRP/PLAN/RQO would need to be elsewhere)"/>
      </mapping>
      <mapping>
        <identity value="w5"/>
        <map value="class"/>
      </mapping>
    </element>
    <element id="ProcedureRequest:cimi-procedure-LaboratoryProcedureRequestedStatement.priority">
      <path value="ProcedureRequest.priority"/>
      <short value="routine | urgent | asap | stat"/>
      <definition value="Indicates how quickly the ProcedureRequest should be addressed with respect to other requests."/>
      <min value="0"/>
      <max value="1"/>
      <type>
        <code value="code"/>
      </type>
      <meaningWhenMissing value="If missing, this task should be performed with normal priority"/>
      <isSummary value="true"/>
      <binding>
        <extension url="http://hl7.org/fhir/StructureDefinition/elementdefinition-bindingName">
          <valueString value="ProcedureRequestPriority"/>
        </extension>
        <strength value="required"/>
        <description value="Identifies the level of importance to be assigned to actioning the request"/>
        <valueSetReference>
          <reference value="http://hl7.org/fhir/ValueSet/request-priority"/>
        </valueSetReference>
      </binding>
      <mapping>
        <identity value="workflow"/>
        <map value="Request.priority"/>
      </mapping>
      <mapping>
        <identity value="v2"/>
        <map value="TQ1.9"/>
      </mapping>
      <mapping>
        <identity value="rim"/>
        <map value=".priorityCode"/>
      </mapping>
      <mapping>
        <identity value="w5"/>
        <map value="class"/>
      </mapping>
    </element>
    <element id="ProcedureRequest:cimi-procedure-LaboratoryProcedureRequestedStatement.doNotPerform">
      <path value="ProcedureRequest.doNotPerform"/>
      <short value="True if procedure should not be performed"/>
      <definition value="Set this to true if the record is saying that the procedure should NOT be performed."/>
      <comment value="This element is labeled as a [modifier](conformance-rules.html#isModifier.html) because it indicates that a procedure shouldn&#39;t happen, instead of a request for it to happen.  In general, only the code and timeframe will be present, though occasional additional qualifiers such as body site or even performer could be included to narrow the scope of the prohibition.  If the ProcedureRequest.code and ProcedureRequest.doNotPerform both contain negation, that will reinforce prohibition and should not have a double negative interpretation."/>
      <requirements value="Used for do not ambulate, do not elevate head of bed, do not flush NG tube, do not take blood pressure on a certain arm, etc."/>
      <min value="0"/>
      <max value="0"/>
      <type>
        <code value="boolean"/>
      </type>
      <defaultValueBoolean value="false"/>
      <isModifier value="true"/>
      <isSummary value="true"/>
      <mapping>
        <identity value="rim"/>
        <map value=".actionNegationInd"/>
      </mapping>
    </element>
    <element id="ProcedureRequest:cimi-procedure-LaboratoryProcedureRequestedStatement.category">
      <path value="ProcedureRequest.category"/>
      <short value="Classification of procedure"/>
      <definition value="A code that classifies the procedure for searching, sorting and display purposes (e.g. &quot;Surgical Procedure&quot;)."/>
      <comment value="There may be multiple axis of categorization depending on the context or use case for retrieving or displaying the resource.  The level of granularity is defined by the category concepts in the value set."/>
      <requirements value="Used for filtering what procedure request are retrieved and displayed."/>
      <min value="0"/>
      <max value="1"/>
      <type>
        <code value="CodeableConcept"/>
        <profile value="http://standardhealthrecord.org/fhir/StructureDefinition/shr-core-CodeableConcept"/>
      </type>
      <isSummary value="true"/>
      <binding>
        <extension url="http://hl7.org/fhir/StructureDefinition/elementdefinition-bindingName">
          <valueString value="ProcedureRequestCategory"/>
        </extension>
        <strength value="example"/>
        <description value="Classification of the procedure"/>
        <valueSetReference>
          <reference value="http://hl7.org/fhir/ValueSet/procedure-category"/>
        </valueSetReference>
      </binding>
      <mapping>
        <identity value="rim"/>
        <map value=".outboundRelationship[typeCode=&quot;COMP].target[classCode=&quot;LIST&quot;, moodCode=&quot;INT&quot;].code"/>
      </mapping>
      <mapping>
        <identity value="w5"/>
        <map value="class"/>
      </mapping>
    </element>
    <element id="ProcedureRequest:cimi-procedure-LaboratoryProcedureRequestedStatement.category.id">
      <path value="ProcedureRequest.category.id"/>
      <representation value="xmlAttr"/>
      <short value="xml:id (or equivalent in JSON)"/>
      <definition value="unique id for the element within a resource (for internal references). This may be any string value that does not contain spaces."/>
      <min value="0"/>
      <max value="1"/>
      <base>
        <path value="Element.id"/>
        <min value="0"/>
        <max value="1"/>
      </base>
      <type>
        <code value="string"/>
      </type>
      <mapping>
        <identity value="rim"/>
        <map value="n/a"/>
      </mapping>
    </element>
    <element id="ProcedureRequest:cimi-procedure-LaboratoryProcedureRequestedStatement.category.extension">
      <path value="ProcedureRequest.category.extension"/>
      <slicing>
        <discriminator>
          <type value="value"/>
          <path value="url"/>
        </discriminator>
        <description value="Extensions are always sliced by (at least) url"/>
        <rules value="open"/>
      </slicing>
      <short value="Additional Content defined by implementations"/>
      <definition value="May be used to represent additional information that is not part of the basic definition of the element. In order to make the use of extensions safe and manageable, there is a strict set of governance  applied to the definition and use of extensions. Though any implementer is allowed to define an extension, there is a set of requirements that SHALL be met as part of the definition of the extension."/>
      <comment value="There can be no stigma associated with the use of extensions by any application, project, or standard - regardless of the institution or jurisdiction that uses or defines the extensions.  The use of extensions is what allows the FHIR specification to retain a core level of simplicity for everyone."/>
      <alias value="extensions"/>
      <alias value="user content"/>
      <min value="0"/>
      <max value="*"/>
      <base>
        <path value="Element.extension"/>
        <min value="0"/>
        <max value="*"/>
      </base>
      <type>
        <code value="Extension"/>
      </type>
      <mapping>
        <identity value="rim"/>
        <map value="n/a"/>
      </mapping>
    </element>
    <element id="ProcedureRequest:cimi-procedure-LaboratoryProcedureRequestedStatement.category.coding">
      <path value="ProcedureRequest.category.coding"/>
      <slicing id="1">
        <discriminator>
          <type value="value"/>
          <path value="code"/>
        </discriminator>
        <ordered value="false"/>
        <rules value="open"/>
      </slicing>
      <short value="Code defined by a terminology system"/>
      <definition value="A reference to a code defined by a terminology system."/>
      <comment value="Codes may be defined very casually in enumerations, or code lists, up to very formal definitions such as SNOMED CT - see the HL7 v3 Core Principles for more information.  Ordering of codings is undefined and SHALL NOT be used to infer meaning. Generally, at most only one of the coding values will be labeled as UserSelected = true."/>
      <requirements value="Allows for translations and alternate encodings within a code system.  Also supports communication of the same instance to systems requiring different encodings."/>
      <min value="0"/>
      <max value="*"/>
      <type>
        <code value="Coding"/>
        <profile value="http://standardhealthrecord.org/fhir/StructureDefinition/shr-core-Coding"/>
      </type>
      <isSummary value="true"/>
      <mapping>
        <identity value="v2"/>
        <map value="C*E.1-8, C*E.10-22"/>
      </mapping>
      <mapping>
        <identity value="rim"/>
        <map value="union(., ./translation)"/>
      </mapping>
      <mapping>
        <identity value="orim"/>
        <map value="fhir:CodeableConcept.coding rdfs:subPropertyOf dt:CD.coding"/>
      </mapping>
    </element>
    <element id="ProcedureRequest:cimi-procedure-LaboratoryProcedureRequestedStatement.category.coding:Fixed_laboratory">
      <path value="ProcedureRequest.category.coding"/>
      <sliceName value="Fixed_laboratory"/>
      <definition value="A reference to a code defined by a terminology system."/>
      <min value="1"/>
      <max value="1"/>
      <type>
        <code value="Coding"/>
        <profile value="http://standardhealthrecord.org/fhir/StructureDefinition/shr-core-Coding"/>
      </type>
      <isSummary value="true"/>
    </element>
    <element id="ProcedureRequest:cimi-procedure-LaboratoryProcedureRequestedStatement.category.coding:Fixed_laboratory.id">
      <path value="ProcedureRequest.category.coding.id"/>
      <representation value="xmlAttr"/>
      <short value="xml:id (or equivalent in JSON)"/>
      <definition value="unique id for the element within a resource (for internal references). This may be any string value that does not contain spaces."/>
      <min value="0"/>
      <max value="1"/>
      <base>
        <path value="Element.id"/>
        <min value="0"/>
        <max value="1"/>
      </base>
      <type>
        <code value="string"/>
      </type>
      <mapping>
        <identity value="rim"/>
        <map value="n/a"/>
      </mapping>
    </element>
    <element id="ProcedureRequest:cimi-procedure-LaboratoryProcedureRequestedStatement.category.coding:Fixed_laboratory.extension">
      <path value="ProcedureRequest.category.coding.extension"/>
      <slicing>
        <discriminator>
          <type value="value"/>
          <path value="url"/>
        </discriminator>
        <description value="Extensions are always sliced by (at least) url"/>
        <rules value="open"/>
      </slicing>
      <short value="Additional Content defined by implementations"/>
      <definition value="May be used to represent additional information that is not part of the basic definition of the element. In order to make the use of extensions safe and manageable, there is a strict set of governance  applied to the definition and use of extensions. Though any implementer is allowed to define an extension, there is a set of requirements that SHALL be met as part of the definition of the extension."/>
      <comment value="There can be no stigma associated with the use of extensions by any application, project, or standard - regardless of the institution or jurisdiction that uses or defines the extensions.  The use of extensions is what allows the FHIR specification to retain a core level of simplicity for everyone."/>
      <alias value="extensions"/>
      <alias value="user content"/>
      <min value="0"/>
      <max value="*"/>
      <base>
        <path value="Element.extension"/>
        <min value="0"/>
        <max value="*"/>
      </base>
      <type>
        <code value="Extension"/>
      </type>
      <mapping>
        <identity value="rim"/>
        <map value="n/a"/>
      </mapping>
    </element>
    <element id="ProcedureRequest:cimi-procedure-LaboratoryProcedureRequestedStatement.category.coding:Fixed_laboratory.system">
      <path value="ProcedureRequest.category.coding.system"/>
      <short value="Identity of the terminology system"/>
      <definition value="The identification of the code system that defines the meaning of the symbol in the code."/>
      <comment value="The URI may be an OID (urn:oid:...) or a UUID (urn:uuid:...).  OIDs and UUIDs SHALL be references to the HL7 OID registry. Otherwise, the URI should come from HL7&#39;s list of FHIR defined special URIs or it should de-reference to some definition that establish the system clearly and unambiguously."/>
      <requirements value="Need to be unambiguous about the source of the definition of the symbol."/>
      <min value="0"/>
      <max value="1"/>
      <type>
        <code value="uri"/>
      </type>
      <fixedUri value="http://hl7.org/fhir/observation-category"/>
      <isSummary value="true"/>
      <mapping>
        <identity value="v2"/>
        <map value="C*E.3"/>
      </mapping>
      <mapping>
        <identity value="rim"/>
        <map value="./codeSystem"/>
      </mapping>
      <mapping>
        <identity value="orim"/>
        <map value="fhir:Coding.system rdfs:subPropertyOf dt:CDCoding.codeSystem"/>
      </mapping>
    </element>
    <element id="ProcedureRequest:cimi-procedure-LaboratoryProcedureRequestedStatement.category.coding:Fixed_laboratory.version">
      <path value="ProcedureRequest.category.coding.version"/>
      <short value="Version of the system - if relevant"/>
      <definition value="The version of the code system which was used when choosing this code. Note that a well-maintained code system does not need the version reported, because the meaning of codes is consistent across versions. However this cannot consistently be assured. and when the meaning is not guaranteed to be consistent, the version SHOULD be exchanged."/>
      <comment value="Where the terminology does not clearly define what string should be used to identify code system versions, the recommendation is to use the date (expressed in FHIR date format) on which that version was officially published as the version date."/>
      <min value="0"/>
      <max value="1"/>
      <type>
        <code value="string"/>
      </type>
      <isSummary value="true"/>
      <mapping>
        <identity value="v2"/>
        <map value="C*E.7"/>
      </mapping>
      <mapping>
        <identity value="rim"/>
        <map value="./codeSystemVersion"/>
      </mapping>
      <mapping>
        <identity value="orim"/>
        <map value="fhir:Coding.version rdfs:subPropertyOf dt:CDCoding.codeSystemVersion"/>
      </mapping>
    </element>
    <element id="ProcedureRequest:cimi-procedure-LaboratoryProcedureRequestedStatement.category.coding:Fixed_laboratory.code">
      <path value="ProcedureRequest.category.coding.code"/>
      <short value="Symbol in syntax defined by the system"/>
      <definition value="A symbol in syntax defined by the system. The symbol may be a predefined code or an expression in a syntax defined by the coding system (e.g. post-coordination)."/>
      <requirements value="Need to refer to a particular code in the system."/>
      <min value="0"/>
      <max value="1"/>
      <type>
        <code value="code"/>
      </type>
      <fixedCode value="laboratory"/>
      <isSummary value="true"/>
      <mapping>
        <identity value="v2"/>
        <map value="C*E.1"/>
      </mapping>
      <mapping>
        <identity value="rim"/>
        <map value="./code"/>
      </mapping>
      <mapping>
        <identity value="orim"/>
        <map value="fhir:Coding.code rdfs:subPropertyOf dt:CDCoding.code"/>
      </mapping>
    </element>
    <element id="ProcedureRequest:cimi-procedure-LaboratoryProcedureRequestedStatement.category.coding:Fixed_laboratory.display">
      <extension url="http://hl7.org/fhir/StructureDefinition/elementdefinition-translatable">
        <valueBoolean value="true"/>
      </extension>
      <path value="ProcedureRequest.category.coding.display"/>
      <short value="Representation defined by the system"/>
      <definition value="A representation of the meaning of the code in the system, following the rules of the system."/>
      <requirements value="Need to be able to carry a human-readable meaning of the code for readers that do not know  the system."/>
      <min value="0"/>
      <max value="1"/>
      <type>
        <code value="string"/>
      </type>
      <isSummary value="true"/>
      <mapping>
        <identity value="v2"/>
        <map value="C*E.2 - but note this is not well followed"/>
      </mapping>
      <mapping>
        <identity value="rim"/>
        <map value="CV.displayName"/>
      </mapping>
      <mapping>
        <identity value="orim"/>
        <map value="fhir:Coding.display rdfs:subPropertyOf dt:CDCoding.displayName"/>
      </mapping>
    </element>
    <element id="ProcedureRequest:cimi-procedure-LaboratoryProcedureRequestedStatement.category.coding:Fixed_laboratory.userSelected">
      <path value="ProcedureRequest.category.coding.userSelected"/>
      <short value="If this coding was chosen directly by the user"/>
      <definition value="Indicates that this coding was chosen by a user directly - i.e. off a pick list of available items (codes or displays)."/>
      <comment value="Amongst a set of alternatives, a directly chosen code is the most appropriate starting point for new translations. There is some ambiguity about what exactly &#39;directly chosen&#39; implies, and trading partner agreement may be needed to clarify the use of this element and its consequences more completely."/>
      <requirements value="This has been identified as a clinical safety criterium - that this exact system/code pair was chosen explicitly, rather than inferred by the system based on some rules or language processing."/>
      <min value="0"/>
      <max value="1"/>
      <type>
        <code value="boolean"/>
      </type>
      <isSummary value="true"/>
      <mapping>
        <identity value="v2"/>
        <map value="Sometimes implied by being first"/>
      </mapping>
      <mapping>
        <identity value="rim"/>
        <map value="CD.codingRationale"/>
      </mapping>
      <mapping>
        <identity value="orim"/>
        <map value="fhir:Coding.userSelected fhir:mapsTo dt:CDCoding.codingRationale. fhir:Coding.userSelected fhir:hasMap fhir:Coding.userSelected.map. fhir:Coding.userSelected.map a fhir:Map;   fhir:target dt:CDCoding.codingRationale. fhir:Coding.userSelected\#true a [     fhir:source &quot;true&quot;;     fhir:target dt:CDCoding.codingRationale\#O   ]"/>
      </mapping>
    </element>
    <element id="ProcedureRequest:cimi-procedure-LaboratoryProcedureRequestedStatement.category.text">
      <extension url="http://hl7.org/fhir/StructureDefinition/elementdefinition-translatable">
        <valueBoolean value="true"/>
      </extension>
      <path value="ProcedureRequest.category.text"/>
      <short value="Plain text representation of the concept"/>
      <definition value="A human language representation of the concept as seen/selected/uttered by the user who entered the data and/or which represents the intended meaning of the user."/>
      <comment value="Very often the text is the same as a displayName of one of the codings."/>
      <requirements value="The codes from the terminologies do not always capture the correct meaning with all the nuances of the human using them, or sometimes there is no appropriate code at all. In these cases, the text is used to capture the full meaning of the source."/>
      <min value="0"/>
      <max value="1"/>
      <type>
        <code value="string"/>
      </type>
      <isSummary value="true"/>
      <mapping>
        <identity value="v2"/>
        <map value="C*E.9. But note many systems use C*E.2 for this"/>
      </mapping>
      <mapping>
        <identity value="rim"/>
        <map value="./originalText[mediaType/code=&quot;text/plain&quot;]/data"/>
      </mapping>
      <mapping>
        <identity value="orim"/>
        <map value="fhir:CodeableConcept.text rdfs:subPropertyOf dt:CD.originalText"/>
      </mapping>
    </element>
    <element id="ProcedureRequest:cimi-procedure-LaboratoryProcedureRequestedStatement.code">
      <path value="ProcedureRequest.code"/>
      <short value="What is being requested/ordered"/>
      <definition value="A code that identifies a particular procedure, diagnostic investigation, or panel of investigations, that have been requested."/>
      <comment value="Many laboratory and radiology procedure codes embed the specimen/organ system in the test ordeer name, for example,  serum or serum/plasma glucose, or a chest xray. The specimen may not be recorded separately from the test code."/>
      <min value="1"/>
      <max value="1"/>
      <type>
        <code value="CodeableConcept"/>
        <profile value="http://standardhealthrecord.org/fhir/StructureDefinition/shr-core-CodeableConcept"/>
      </type>
      <isSummary value="true"/>
      <binding>
        <strength value="required"/>
        <valueSetReference>
          <reference value="http://hl7.org/fhir/ValueSet/observation-codes"/>
        </valueSetReference>
      </binding>
      <mapping>
        <identity value="workflow"/>
        <map value="Request.code"/>
      </mapping>
      <mapping>
        <identity value="v2"/>
        <map value="Varies by domain"/>
      </mapping>
      <mapping>
        <identity value="rim"/>
        <map value=".code"/>
      </mapping>
      <mapping>
        <identity value="quick"/>
        <map value="Procedure.procedureCode"/>
      </mapping>
      <mapping>
        <identity value="w5"/>
        <map value="what"/>
      </mapping>
    </element>
    <element id="ProcedureRequest:cimi-procedure-LaboratoryProcedureRequestedStatement.subject">
      <path value="ProcedureRequest.subject"/>
      <short value="Individual the service is ordered for"/>
      <definition value="On whom or what the procedure or diagnostic is to be performed. This is usually a human patient, but can also be requested on animals, groups of humans or animals, devices such as dialysis machines, or even locations (typically for environmental scans)."/>
      <min value="1"/>
      <max value="1"/>
      <type>
        <code value="Reference"/>
        <targetProfile value="http://standardhealthrecord.org/fhir/StructureDefinition/cimi-entity-Patient"/>
      </type>
      <isSummary value="true"/>
      <mapping>
        <identity value="workflow"/>
        <map value="Request.subject"/>
      </mapping>
      <mapping>
        <identity value="v2"/>
        <map value="Accompanying PID segment"/>
      </mapping>
      <mapping>
        <identity value="rim"/>
        <map value=".participation[typeCode=SBJ].role"/>
      </mapping>
      <mapping>
        <identity value="quick"/>
        <map value="ClinicalStatement.subject"/>
      </mapping>
      <mapping>
        <identity value="w5"/>
        <map value="who.focus"/>
      </mapping>
    </element>
    <element id="ProcedureRequest:cimi-procedure-LaboratoryProcedureRequestedStatement.context">
      <path value="ProcedureRequest.context"/>
      <short value="Encounter or Episode during which request was created"/>
      <definition value="An encounter or episode of care that provides additional information about the healthcare context in which this request is made."/>
      <alias value="encounter"/>
      <min value="0"/>
      <max value="1"/>
      <type>
        <code value="Reference"/>
        <targetProfile value="http://standardhealthrecord.org/fhir/StructureDefinition/cimi-encounter-Encounter"/>
      </type>
      <isSummary value="true"/>
      <mapping>
        <identity value="workflow"/>
        <map value="Request.context"/>
      </mapping>
      <mapping>
        <identity value="v2"/>
        <map value="Accompanying PV1"/>
      </mapping>
      <mapping>
        <identity value="rim"/>
        <map value=".inboundRelationship(typeCode=COMP].source[classCode&lt;=PCPR, moodCode=EVN]"/>
      </mapping>
      <mapping>
        <identity value="quick"/>
        <map value="ClinicalStatement.encounter"/>
      </mapping>
      <mapping>
        <identity value="w5"/>
        <map value="context"/>
      </mapping>
    </element>
    <element id="ProcedureRequest:cimi-procedure-LaboratoryProcedureRequestedStatement.occurrence[x]">
      <path value="ProcedureRequest.occurrence[x]"/>
      <short value="When procedure should occur"/>
      <definition value="The date/time at which the diagnostic testing should occur."/>
      <alias value="schedule"/>
      <min value="0"/>
      <max value="1"/>
      <type>
        <code value="dateTime"/>
      </type>
      <type>
        <code value="Period"/>
      </type>
      <type>
        <code value="Timing"/>
        <profile value="http://standardhealthrecord.org/fhir/StructureDefinition/shr-core-Timing"/>
      </type>
      <isSummary value="true"/>
      <mapping>
        <identity value="workflow"/>
        <map value="Request.occurrence[x]"/>
      </mapping>
      <mapping>
        <identity value="v2"/>
        <map value="Accompanying TQ1/TQ2 segments"/>
      </mapping>
      <mapping>
        <identity value="rim"/>
        <map value=".effectiveTime"/>
      </mapping>
      <mapping>
        <identity value="quick"/>
        <map value="Procedure.procedureSchedule"/>
      </mapping>
      <mapping>
        <identity value="w5"/>
        <map value="when.planned"/>
      </mapping>
    </element>
    <element id="ProcedureRequest:cimi-procedure-LaboratoryProcedureRequestedStatement.asNeeded[x]">
      <path value="ProcedureRequest.asNeeded[x]"/>
      <short value="Preconditions for procedure or diagnostic"/>
      <definition value="If a CodeableConcept is present, it indicates the pre-condition for performing the procedure.  For example &quot;pain&quot;, &quot;on flare-up&quot;, etc."/>
      <min value="0"/>
      <max value="1"/>
      <type>
        <code value="boolean"/>
      </type>
      <type>
        <code value="CodeableConcept"/>
      </type>
      <isSummary value="true"/>
      <binding>
        <extension url="http://hl7.org/fhir/StructureDefinition/elementdefinition-bindingName">
          <valueString value="ProcedureAsNeededReason"/>
        </extension>
        <strength value="example"/>
        <description value="A coded concept identifying the pre-condition that should hold prior to performing a procedure.  For example &quot;pain&quot;, &quot;on flare-up&quot;, etc."/>
        <valueSetReference>
          <reference value="http://hl7.org/fhir/ValueSet/medication-as-needed-reason"/>
        </valueSetReference>
      </binding>
      <mapping>
        <identity value="rim"/>
        <map value="boolean: precondition.negationInd (inversed - so negationInd = true means asNeeded=false CodeableConcept: precondition.observationEventCriterion[code=&quot;Assertion&quot;].value"/>
      </mapping>
      <mapping>
        <identity value="quick"/>
        <map value="Proposal.prnReason.reason"/>
      </mapping>
    </element>
    <element id="ProcedureRequest:cimi-procedure-LaboratoryProcedureRequestedStatement.authoredOn">
      <path value="ProcedureRequest.authoredOn"/>
      <short value="Date request signed"/>
      <definition value="When the request transitioned to being actionable."/>
      <alias value="orderedOn"/>
      <min value="1"/>
      <max value="1"/>
      <type>
        <code value="dateTime"/>
      </type>
      <isSummary value="true"/>
      <mapping>
        <identity value="workflow"/>
        <map value="Request.authoredOn"/>
      </mapping>
      <mapping>
        <identity value="v2"/>
        <map value="ORC.9"/>
      </mapping>
      <mapping>
        <identity value="rim"/>
        <map value=".participation[typeCode=AUT].time"/>
      </mapping>
      <mapping>
        <identity value="quick"/>
        <map value="Proposal.proposedAtTime"/>
      </mapping>
      <mapping>
        <identity value="w5"/>
        <map value="when.recorded"/>
      </mapping>
    </element>
    <element id="ProcedureRequest:cimi-procedure-LaboratoryProcedureRequestedStatement.requester">
      <path value="ProcedureRequest.requester"/>
      <short value="Who/what is requesting procedure or diagnostic"/>
      <definition value="The individual who initiated the request and has responsibility for its activation."/>
      <comment value="This not the dispatcher, but rather who is the authorizer."/>
      <alias value="author"/>
      <alias value="orderer"/>
      <min value="0"/>
      <max value="1"/>
      <type>
        <code value="BackboneElement"/>
      </type>
      <constraint>
        <key value="ele-1"/>
        <severity value="error"/>
        <human value="All FHIR elements must have a @value or children"/>
        <expression value="hasValue() | (children().count() &gt; id.count())"/>
        <xpath value="@value|f:*|h:div"/>
        <source value="Element"/>
      </constraint>
      <isSummary value="true"/>
      <mapping>
        <identity value="workflow"/>
        <map value="Request.requester"/>
      </mapping>
      <mapping>
        <identity value="v2"/>
        <map value="ORC.12"/>
      </mapping>
      <mapping>
        <identity value="rim"/>
        <map value=".participation[typeCode=AUT].role"/>
      </mapping>
      <mapping>
        <identity value="quick"/>
        <map value="ClinicalStatement.statementAuthor"/>
      </mapping>
    </element>
    <element id="ProcedureRequest:cimi-procedure-LaboratoryProcedureRequestedStatement.requester.id">
      <path value="ProcedureRequest.requester.id"/>
      <representation value="xmlAttr"/>
      <short value="xml:id (or equivalent in JSON)"/>
      <definition value="unique id for the element within a resource (for internal references). This may be any string value that does not contain spaces."/>
      <min value="0"/>
      <max value="1"/>
      <base>
        <path value="Element.id"/>
        <min value="0"/>
        <max value="1"/>
      </base>
      <type>
        <code value="string"/>
      </type>
      <mapping>
        <identity value="rim"/>
        <map value="n/a"/>
      </mapping>
    </element>
    <element id="ProcedureRequest:cimi-procedure-LaboratoryProcedureRequestedStatement.requester.extension">
      <path value="ProcedureRequest.requester.extension"/>
      <short value="Additional Content defined by implementations"/>
      <definition value="May be used to represent additional information that is not part of the basic definition of the element. In order to make the use of extensions safe and manageable, there is a strict set of governance  applied to the definition and use of extensions. Though any implementer is allowed to define an extension, there is a set of requirements that SHALL be met as part of the definition of the extension."/>
      <comment value="There can be no stigma associated with the use of extensions by any application, project, or standard - regardless of the institution or jurisdiction that uses or defines the extensions.  The use of extensions is what allows the FHIR specification to retain a core level of simplicity for everyone."/>
      <alias value="extensions"/>
      <alias value="user content"/>
      <min value="0"/>
      <max value="*"/>
      <base>
        <path value="Element.extension"/>
        <min value="0"/>
        <max value="*"/>
      </base>
      <type>
        <code value="Extension"/>
      </type>
      <mapping>
        <identity value="rim"/>
        <map value="n/a"/>
      </mapping>
    </element>
    <element id="ProcedureRequest:cimi-procedure-LaboratoryProcedureRequestedStatement.requester.modifierExtension">
      <path value="ProcedureRequest.requester.modifierExtension"/>
      <short value="Extensions that cannot be ignored"/>
      <definition value="May be used to represent additional information that is not part of the basic definition of the element, and that modifies the understanding of the element that contains it. Usually modifier elements provide negation or qualification. In order to make the use of extensions safe and manageable, there is a strict set of governance applied to the definition and use of extensions. Though any implementer is allowed to define an extension, there is a set of requirements that SHALL be met as part of the definition of the extension. Applications processing a resource are required to check for modifier extensions."/>
      <comment value="There can be no stigma associated with the use of extensions by any application, project, or standard - regardless of the institution or jurisdiction that uses or defines the extensions.  The use of extensions is what allows the FHIR specification to retain a core level of simplicity for everyone."/>
      <alias value="extensions"/>
      <alias value="user content"/>
      <alias value="modifiers"/>
      <min value="0"/>
      <max value="*"/>
      <base>
        <path value="BackboneElement.modifierExtension"/>
        <min value="0"/>
        <max value="*"/>
      </base>
      <type>
        <code value="Extension"/>
      </type>
      <isModifier value="true"/>
      <isSummary value="true"/>
      <mapping>
        <identity value="rim"/>
        <map value="N/A"/>
      </mapping>
    </element>
    <element id="ProcedureRequest:cimi-procedure-LaboratoryProcedureRequestedStatement.requester.agent">
      <path value="ProcedureRequest.requester.agent"/>
      <short value="Individual making the request"/>
      <definition value="The device, practitioner or organization who initiated the request."/>
      <min value="1"/>
      <max value="1"/>
      <type>
        <code value="Reference"/>
        <targetProfile value="http://hl7.org/fhir/StructureDefinition/Device"/>
      </type>
      <type>
        <code value="Reference"/>
        <targetProfile value="http://hl7.org/fhir/StructureDefinition/Practitioner"/>
      </type>
      <type>
        <code value="Reference"/>
        <targetProfile value="http://hl7.org/fhir/StructureDefinition/Organization"/>
      </type>
      <isSummary value="true"/>
      <mapping>
        <identity value="workflow"/>
        <map value="Request.requester.agent"/>
      </mapping>
      <mapping>
        <identity value="v2"/>
        <map value="ORC.12"/>
      </mapping>
      <mapping>
        <identity value="rim"/>
        <map value=".player"/>
      </mapping>
      <mapping>
        <identity value="quick"/>
        <map value="ClinicalStatement.statementAuthor"/>
      </mapping>
      <mapping>
        <identity value="w5"/>
        <map value="who.author"/>
      </mapping>
    </element>
    <element id="ProcedureRequest:cimi-procedure-LaboratoryProcedureRequestedStatement.requester.onBehalfOf">
      <path value="ProcedureRequest.requester.onBehalfOf"/>
      <short value="Organization agent is acting for"/>
      <definition value="The organization the device or practitioner was acting on behalf of."/>
      <requirements value="Practitioners and Devices can be associated with multiple organizations.  This element indicates which organization they were acting on behalf of when authoring the request."/>
      <min value="0"/>
      <max value="1"/>
      <type>
        <code value="Reference"/>
        <targetProfile value="http://hl7.org/fhir/StructureDefinition/Organization"/>
      </type>
      <isSummary value="true"/>
      <mapping>
        <identity value="workflow"/>
        <map value="Request.requester.onBehalfOf"/>
      </mapping>
      <mapping>
        <identity value="v2"/>
        <map value="N/A"/>
      </mapping>
      <mapping>
        <identity value="rim"/>
        <map value=".scoper"/>
      </mapping>
    </element>
    <element id="ProcedureRequest:cimi-procedure-LaboratoryProcedureRequestedStatement.performerType">
      <path value="ProcedureRequest.performerType"/>
      <short value="Performer role"/>
      <definition value="Desired type of performer for doing the diagnostic testing."/>
      <comment value="this is a  role, not  a participation type.  I.e. does not describe the task, but describes the capacity.  For example, &#x201C;compounding pharmacy&#x201D; or &#x201C;psychiatrist&#x201D; or &#x201C;internal referral&#x201D;."/>
      <min value="0"/>
      <max value="1"/>
      <type>
        <code value="CodeableConcept"/>
        <profile value="http://standardhealthrecord.org/fhir/StructureDefinition/shr-core-CodeableConcept"/>
      </type>
      <isSummary value="true"/>
      <binding>
        <extension url="http://hl7.org/fhir/StructureDefinition/elementdefinition-bindingName">
          <valueString value="ProcedureRequestParticipantRole"/>
        </extension>
        <strength value="example"/>
        <description value="Indicates specific responsibility of an individual within the care team, such as &quot;Primary physician&quot;, &quot;Team coordinator&quot;, &quot;Caregiver&quot;, etc."/>
        <valueSetReference>
          <reference value="http://hl7.org/fhir/ValueSet/participant-role"/>
        </valueSetReference>
      </binding>
      <mapping>
        <identity value="workflow"/>
        <map value="Request.performerType"/>
      </mapping>
      <mapping>
        <identity value="v2"/>
        <map value="PRT"/>
      </mapping>
      <mapping>
        <identity value="rim"/>
        <map value=".participation[typeCode=PRF].role[scoper.determinerCode=KIND].code"/>
      </mapping>
      <mapping>
        <identity value="w5"/>
        <map value="who.actor"/>
      </mapping>
    </element>
    <element id="ProcedureRequest:cimi-procedure-LaboratoryProcedureRequestedStatement.performer">
      <path value="ProcedureRequest.performer"/>
      <short value="Requested perfomer"/>
      <definition value="The desired perfomer for doing the diagnostic testing.  For example, the surgeon, dermatopathologist, endoscopist, etc."/>
      <comment value="If needed, use an [extension](extensibility.html) for listing alternative performers and/or roles and/or preference."/>
      <min value="0"/>
      <max value="1"/>
      <type>
        <code value="Reference"/>
        <targetProfile value="http://standardhealthrecord.org/fhir/StructureDefinition/cimi-entity-Organization"/>
      </type>
      <isSummary value="true"/>
      <mapping>
        <identity value="workflow"/>
        <map value="Request.Performer"/>
      </mapping>
      <mapping>
        <identity value="v2"/>
        <map value="PRT"/>
      </mapping>
      <mapping>
        <identity value="rim"/>
        <map value=".participation[typeCode=PRF].role[scoper.determinerCode=INSTANCE]"/>
      </mapping>
      <mapping>
        <identity value="w5"/>
        <map value="who.actor"/>
      </mapping>
    </element>
    <element id="ProcedureRequest:cimi-procedure-LaboratoryProcedureRequestedStatement.reasonCode">
      <path value="ProcedureRequest.reasonCode"/>
      <short value="Explanation/Justification for test"/>
      <definition value="An explanation or justification for why this diagnostic investigation is being requested in coded or textual form.   This is often for billing purposes.  May relate to the resources referred to in supportingInformation."/>
      <comment value="This may be used to decide how the diagnostic investigation will be performed, or even if it will be performed at all.   Use CodeableConcept text element if the data is free (uncoded) text as shown in the [CT Scan example](procedurerequest-example-di.html)."/>
      <min value="0"/>
      <max value="*"/>
      <type>
        <code value="CodeableConcept"/>
        <profile value="http://standardhealthrecord.org/fhir/StructureDefinition/shr-core-CodeableConcept"/>
      </type>
      <isSummary value="true"/>
      <binding>
        <extension url="http://hl7.org/fhir/StructureDefinition/elementdefinition-bindingName">
          <valueString value="ProcedureRequestReason"/>
        </extension>
        <strength value="example"/>
        <description value="Diagnosis or problem codes justifying the reason for requesting the procedure or diagnostic investigation."/>
        <valueSetReference>
          <reference value="http://hl7.org/fhir/ValueSet/procedure-reason"/>
        </valueSetReference>
      </binding>
      <mapping>
        <identity value="workflow"/>
        <map value="Request.reasonCod"/>
      </mapping>
      <mapping>
        <identity value="v2"/>
        <map value="ORC.16"/>
      </mapping>
      <mapping>
        <identity value="rim"/>
        <map value=".reasonCode"/>
      </mapping>
      <mapping>
        <identity value="w5"/>
        <map value="why"/>
      </mapping>
    </element>
    <element id="ProcedureRequest:cimi-procedure-LaboratoryProcedureRequestedStatement.reasonReference">
      <path value="ProcedureRequest.reasonReference"/>
      <short value="Explanation/Justification for test"/>
      <definition value="Indicates another resource that provides a justification for why this diagnostic investigation is being requested.   May relate to the resources referred to in supportingInformation."/>
      <comment value="This may be used to decide how the diagnostic investigation will be performed, or even if it will be performed at all.   Use CodeableConcept text element if the data is free (uncoded) text as shown in the [CT Scan example](procedurerequest-example-di.html)."/>
      <min value="0"/>
      <max value="*"/>
      <type>
        <code value="Reference"/>
        <targetProfile value="http://hl7.org/fhir/StructureDefinition/Condition"/>
      </type>
      <type>
        <code value="Reference"/>
        <targetProfile value="http://hl7.org/fhir/StructureDefinition/Observation"/>
      </type>
      <isSummary value="true"/>
      <mapping>
        <identity value="workflow"/>
        <map value="Request.reasonReference"/>
      </mapping>
      <mapping>
        <identity value="v2"/>
        <map value="ORC.16"/>
      </mapping>
      <mapping>
        <identity value="rim"/>
        <map value=".outboundRelationship[typeCode=RSON].target"/>
      </mapping>
      <mapping>
        <identity value="w5"/>
        <map value="why"/>
      </mapping>
    </element>
    <element id="ProcedureRequest:cimi-procedure-LaboratoryProcedureRequestedStatement.supportingInfo">
      <path value="ProcedureRequest.supportingInfo"/>
      <short value="Additional clinical information"/>
      <definition value="Additional clinical information about the patient or specimen that may influence the procedure or diagnostics or their interpretations.     This information includes diagnosis, clinical findings and other observations.  In laboratory ordering these are typically referred to as &quot;ask at order entry questions (AOEs)&quot;.  This includes observations explicitly requested by the producer (filler) to provide context or supporting information needed to complete the order. For example,  reporting the amount of inspired oxygen for blood gas measurements."/>
      <alias value="Ask at order entry question"/>
      <alias value="AOE"/>
      <min value="0"/>
      <max value="*"/>
      <type>
        <code value="Reference"/>
        <targetProfile value="http://hl7.org/fhir/StructureDefinition/Resource"/>
      </type>
      <mapping>
        <identity value="workflow"/>
        <map value="Request.supportingInformation"/>
      </mapping>
      <mapping>
        <identity value="v2"/>
        <map value="Accompanying segments"/>
      </mapping>
      <mapping>
        <identity value="rim"/>
        <map value=".outboundRelationship[typeCode=PERT].target"/>
      </mapping>
    </element>
    <element id="ProcedureRequest:cimi-procedure-LaboratoryProcedureRequestedStatement.specimen">
      <path value="ProcedureRequest.specimen"/>
      <short value="Procedure Samples"/>
      <definition value="One or more specimens that the laboratory procedure will use."/>
      <comment value="Many diagnostic procedures need a specimen, but the request itself is not actually about the specimen. This element is for when the diagnostic is requested on already existing specimens and the request points to the specimen it applies to.    Conversely, If the request is entered first with an unknown specimen, The [Specimen](specimen.html) resource references to the ProcedureRequest."/>
      <min value="0"/>
      <max value="*"/>
      <type>
        <code value="Reference"/>
        <targetProfile value="http://hl7.org/fhir/StructureDefinition/Specimen"/>
      </type>
      <isSummary value="true"/>
      <mapping>
        <identity value="v2"/>
        <map value="SPM"/>
      </mapping>
      <mapping>
        <identity value="rim"/>
        <map value=".participation[typeCode=SPC].role"/>
      </mapping>
    </element>
    <element id="ProcedureRequest:cimi-procedure-LaboratoryProcedureRequestedStatement.bodySite">
      <path value="ProcedureRequest.bodySite"/>
      <short value="Location on Body"/>
      <definition value="Anatomic location where the procedure should be performed. This is the target site."/>
      <comment value="Only used if not implicit in the code found in ProcedureRequest.type.  If the use case requires BodySite to be handled as a separate resource instead of an inline coded element (e.g. to identify and track separately)  then use the standard extension [procedurerequest-targetBodySite](extension-procedurerequest-targetbodysite.html)."/>
      <requirements value="Knowing where the procedure is performed is important for tracking if multiple sites are possible."/>
      <alias value="location"/>
      <min value="0"/>
      <max value="*"/>
      <type>
        <code value="CodeableConcept"/>
        <profile value="http://standardhealthrecord.org/fhir/StructureDefinition/shr-core-CodeableConcept"/>
      </type>
      <isSummary value="true"/>
      <binding>
        <strength value="required"/>
        <valueSetReference>
          <reference value="http://standardhealthrecord.org/cimi/element/vs/AnatomicalLocationVS"/>
        </valueSetReference>
      </binding>
      <mapping>
        <identity value="v2"/>
        <map value="SPM"/>
      </mapping>
      <mapping>
        <identity value="rim"/>
        <map value="targetSiteCode"/>
      </mapping>
      <mapping>
        <identity value="quick"/>
        <map value="Procedure.targetBodySite"/>
      </mapping>
    </element>
    <element id="ProcedureRequest:cimi-procedure-LaboratoryProcedureRequestedStatement.note">
      <path value="ProcedureRequest.note"/>
      <short value="Comments"/>
      <definition value="Any other notes and comments made about the service request. For example, letting provider know that &quot;patient hates needles&quot; or other provider instructions."/>
      <min value="0"/>
      <max value="*"/>
      <type>
        <code value="Annotation"/>
      </type>
      <mapping>
        <identity value="workflow"/>
        <map value="Request.note"/>
      </mapping>
      <mapping>
        <identity value="v2"/>
        <map value="NTE"/>
      </mapping>
      <mapping>
        <identity value="rim"/>
        <map value=".inboundRelationship(typeCode=SUBJ].source[classCode=ANNGEN, moodCode=EVN].value[xsi:type=ST]"/>
      </mapping>
      <mapping>
        <identity value="quick"/>
        <map value="ClinicalStatement.additionalText"/>
      </mapping>
    </element>
    <element id="ProcedureRequest:cimi-procedure-LaboratoryProcedureRequestedStatement.relevantHistory">
      <path value="ProcedureRequest.relevantHistory"/>
      <short value="Request provenance"/>
      <definition value="Key events in the history of the request."/>
      <comment value="This may not include provenances for all versions of the request &#x2013; only those deemed &#x201C;relevant&#x201D; or important.&#xD;This SHALL NOT include the Provenance associated with this current version of the resource.  (If that provenance is deemed to be a &#x201C;relevant&#x201D; change, it will need to be added as part of a later update.  Until then, it can be queried directly as the Provenance that points to this version using _revinclude&#xD;All Provenances should have some historical version of this Request as their subject."/>
      <min value="0"/>
      <max value="*"/>
      <type>
        <code value="Reference"/>
        <targetProfile value="http://hl7.org/fhir/StructureDefinition/Provenance"/>
      </type>
      <mapping>
        <identity value="workflow"/>
        <map value="Request.relevantHistory"/>
      </mapping>
      <mapping>
        <identity value="v2"/>
        <map value="N/A"/>
      </mapping>
      <mapping>
        <identity value="rim"/>
        <map value=".inboundRelationship(typeCode=SUBJ].source[classCode=CACT, moodCode=EVN]"/>
      </mapping>
    </element>
  </snapshot>
  <differential>
    <element id="ProcedureRequest:cimi-procedure-LaboratoryProcedureRequestedStatement">
      <path value="ProcedureRequest"/>
      <short value="SHR LaboratoryProcedureRequestedStatement Profile"/>
      <definition value="A record of a request for diagnostic investigations, treatments, or operations to be performed."/>
    </element>
    <element id="ProcedureRequest:cimi-procedure-LaboratoryProcedureRequestedStatement.extension:sourceofinformation">
      <path value="ProcedureRequest.extension"/>
      <sliceName value="sourceofinformation"/>
      <definition value="The person or entity that provided the information in the entry, e.g. the subject (patient), medical professional, family member, device or software program, as distinct from who recorded the entry."/>
      <min value="0"/>
      <max value="1"/>
      <type>
        <code value="Extension"/>
        <profile value="http://standardhealthrecord.org/fhir/StructureDefinition/cimi-core-SourceOfInformation-extension"/>
      </type>
    </element>
    <element id="ProcedureRequest:cimi-procedure-LaboratoryProcedureRequestedStatement.extension:annotation">
      <path value="ProcedureRequest.extension"/>
      <sliceName value="annotation"/>
      <definition value="An added or follow-up note, often after the fact, that contains metadata about who made the statement and when."/>
      <min value="0"/>
      <max value="*"/>
      <type>
        <code value="Extension"/>
        <profile value="http://standardhealthrecord.org/fhir/StructureDefinition/cimi-element-Annotation-extension"/>
      </type>
    </element>
    <element id="ProcedureRequest:cimi-procedure-LaboratoryProcedureRequestedStatement.extension:recordstatus">
      <path value="ProcedureRequest.extension"/>
      <sliceName value="recordstatus"/>
      <definition value="Concept indicating the state of this record, e.g., &#39;entered in error&#39;."/>
      <min value="0"/>
      <max value="1"/>
      <type>
        <code value="Extension"/>
        <profile value="http://standardhealthrecord.org/fhir/StructureDefinition/cimi-core-RecordStatus-extension"/>
      </type>
    </element>
    <element id="ProcedureRequest:cimi-procedure-LaboratoryProcedureRequestedStatement.extension:recorded">
      <path value="ProcedureRequest.extension"/>
      <sliceName value="recorded"/>
      <definition value="The person who entered the order on behalf of another individual for example in the case of a verbal or a telephone order."/>
      <min value="0"/>
      <max value="1"/>
      <type>
        <code value="Extension"/>
        <profile value="http://standardhealthrecord.org/fhir/StructureDefinition/cimi-core-Recorded-extension"/>
      </type>
    </element>
    <element id="ProcedureRequest:cimi-procedure-LaboratoryProcedureRequestedStatement.extension:cosigned">
      <path value="ProcedureRequest.extension"/>
      <sliceName value="cosigned"/>
      <definition value="Provenance information specific to the cosigning of the clinical statement."/>
      <min value="0"/>
      <max value="*"/>
      <type>
        <code value="Extension"/>
        <profile value="http://standardhealthrecord.org/fhir/StructureDefinition/cimi-core-Cosigned-extension"/>
      </type>
    </element>
    <element id="ProcedureRequest:cimi-procedure-LaboratoryProcedureRequestedStatement.extension:verified">
      <path value="ProcedureRequest.extension"/>
      <sliceName value="verified"/>
      <definition value="Provenance information specific to the verification process associated with this statement (e.g., verifier, when verified, etc.)"/>
      <min value="0"/>
      <max value="*"/>
      <type>
        <code value="Extension"/>
        <profile value="http://standardhealthrecord.org/fhir/StructureDefinition/cimi-core-Verified-extension"/>
      </type>
    </element>
    <element id="ProcedureRequest:cimi-procedure-LaboratoryProcedureRequestedStatement.doNotPerform">
      <path value="ProcedureRequest.doNotPerform"/>
      <min value="0"/>
      <max value="0"/>
    </element>
    <element id="ProcedureRequest:cimi-procedure-LaboratoryProcedureRequestedStatement.category">
      <path value="ProcedureRequest.category"/>
      <min value="0"/>
      <max value="1"/>
      <type>
        <code value="CodeableConcept"/>
        <profile value="http://standardhealthrecord.org/fhir/StructureDefinition/shr-core-CodeableConcept"/>
      </type>
    </element>
    <element id="ProcedureRequest:cimi-procedure-LaboratoryProcedureRequestedStatement.category.coding">
      <path value="ProcedureRequest.category.coding"/>
      <slicing id="1">
        <discriminator>
          <type value="value"/>
          <path value="code"/>
        </discriminator>
        <ordered value="false"/>
        <rules value="open"/>
      </slicing>
    </element>
    <element id="ProcedureRequest:cimi-procedure-LaboratoryProcedureRequestedStatement.category.coding:Fixed_laboratory">
      <path value="ProcedureRequest.category.coding"/>
      <sliceName value="Fixed_laboratory"/>
      <definition value="A reference to a code defined by a terminology system."/>
      <min value="1"/>
      <max value="1"/>
      <type>
        <code value="Coding"/>
        <profile value="http://standardhealthrecord.org/fhir/StructureDefinition/shr-core-Coding"/>
      </type>
      <isSummary value="true"/>
    </element>
    <element id="ProcedureRequest:cimi-procedure-LaboratoryProcedureRequestedStatement.category.coding:Fixed_laboratory.system">
      <path value="ProcedureRequest.category.coding.system"/>
      <fixedUri value="http://hl7.org/fhir/observation-category"/>
    </element>
    <element id="ProcedureRequest:cimi-procedure-LaboratoryProcedureRequestedStatement.category.coding:Fixed_laboratory.code">
      <path value="ProcedureRequest.category.coding.code"/>
      <fixedCode value="laboratory"/>
    </element>
    <element id="ProcedureRequest:cimi-procedure-LaboratoryProcedureRequestedStatement.code">
      <path value="ProcedureRequest.code"/>
      <type>
        <code value="CodeableConcept"/>
        <profile value="http://standardhealthrecord.org/fhir/StructureDefinition/shr-core-CodeableConcept"/>
      </type>
      <binding>
        <strength value="required"/>
        <valueSetReference>
          <reference value="http://hl7.org/fhir/ValueSet/observation-codes"/>
        </valueSetReference>
      </binding>
    </element>
    <element id="ProcedureRequest:cimi-procedure-LaboratoryProcedureRequestedStatement.subject">
      <path value="ProcedureRequest.subject"/>
      <type>
        <code value="Reference"/>
        <targetProfile value="http://standardhealthrecord.org/fhir/StructureDefinition/cimi-entity-Patient"/>
      </type>
    </element>
    <element id="ProcedureRequest:cimi-procedure-LaboratoryProcedureRequestedStatement.context">
      <path value="ProcedureRequest.context"/>
      <type>
        <code value="Reference"/>
        <targetProfile value="http://standardhealthrecord.org/fhir/StructureDefinition/cimi-encounter-Encounter"/>
      </type>
    </element>
    <element id="ProcedureRequest:cimi-procedure-LaboratoryProcedureRequestedStatement.occurrence[x]">
      <path value="ProcedureRequest.occurrence[x]"/>
      <type>
        <code value="dateTime"/>
      </type>
      <type>
        <code value="Period"/>
      </type>
      <type>
        <code value="Timing"/>
        <profile value="http://standardhealthrecord.org/fhir/StructureDefinition/shr-core-Timing"/>
      </type>
    </element>
    <element id="ProcedureRequest:cimi-procedure-LaboratoryProcedureRequestedStatement.authoredOn">
      <path value="ProcedureRequest.authoredOn"/>
      <min value="1"/>
      <max value="1"/>
    </element>
    <element id="ProcedureRequest:cimi-procedure-LaboratoryProcedureRequestedStatement.performerType">
      <path value="ProcedureRequest.performerType"/>
      <type>
        <code value="CodeableConcept"/>
        <profile value="http://standardhealthrecord.org/fhir/StructureDefinition/shr-core-CodeableConcept"/>
      </type>
    </element>
    <element id="ProcedureRequest:cimi-procedure-LaboratoryProcedureRequestedStatement.performer">
      <path value="ProcedureRequest.performer"/>
      <type>
        <code value="Reference"/>
        <targetProfile value="http://standardhealthrecord.org/fhir/StructureDefinition/cimi-entity-Organization"/>
      </type>
    </element>
    <element id="ProcedureRequest:cimi-procedure-LaboratoryProcedureRequestedStatement.reasonCode">
      <path value="ProcedureRequest.reasonCode"/>
      <type>
        <code value="CodeableConcept"/>
        <profile value="http://standardhealthrecord.org/fhir/StructureDefinition/shr-core-CodeableConcept"/>
      </type>
    </element>
    <element id="ProcedureRequest:cimi-procedure-LaboratoryProcedureRequestedStatement.bodySite">
      <path value="ProcedureRequest.bodySite"/>
      <type>
        <code value="CodeableConcept"/>
        <profile value="http://standardhealthrecord.org/fhir/StructureDefinition/shr-core-CodeableConcept"/>
      </type>
      <binding>
        <strength value="required"/>
        <valueSetReference>
          <reference value="http://standardhealthrecord.org/cimi/element/vs/AnatomicalLocationVS"/>
        </valueSetReference>
      </binding>
    </element>
  </differential>
</StructureDefinition>