<?xml version="1.0" encoding="UTF-8"?>

<ValueSet xmlns="http://hl7.org/fhir">
  <id value="shr-vital-BodyWeightQualifierVS"/>
  <text>
    <status value="generated"/><div xmlns="http://www.w3.org/1999/xhtml">
<p><b>SHR BodyWeightQualifierVS ValueSet</b></p>
<p/>
</div>
  </text>
  <url value="http://standardhealthrecord.org/shr/vital/vs/BodyWeightQualifierVS"/>
  <identifier>
    <system value="http://standardhealthrecord.org"/>
    <value value="shr.vital.BodyWeightQualifierVS"/>
  </identifier>
  <version value="0.0.1"/>
  <name value="SHR BodyWeightQualifierVS ValueSet"/>
  <title value="SHR BodyWeightQualifierVS ValueSet"/>
  <status value="draft"/>
  <date value="2017-12-19"/>
  <publisher value="The MITRE Corporation: Standard Health Record Collaborative"/>
  <contact>
    <telecom>
      <system value="url"/>
      <value value="http://standardhealthrecord.org"/>
    </telecom>
  </contact>
  <compose>
    <include>
      <system value="http://standardhealthrecord.org/shr/vital/cs/BodyWeightQualifierCS"/>
      <concept>
        <code value="meas"/>
        <display value="Measured"/>
      </concept>
      <concept>
        <code value="est"/>
        <display value="Estimated"/>
      </concept>
      <concept>
        <code value="ideal"/>
        <display value="Ideal"/>
      </concept>
      <concept>
        <code value="clothed"/>
        <display value="with clothes"/>
      </concept>
      <concept>
        <code value="unclothed"/>
        <display value="without clothes"/>
      </concept>
      <concept>
        <code value="pre_dialysis"/>
        <display value="pre dialysis"/>
      </concept>
      <concept>
        <code value="post_dialysis"/>
        <display value="post dialysis"/>
      </concept>
      <concept>
        <code value="preop"/>
        <display value="pre operative"/>
      </concept>
      <concept>
        <code value="postop"/>
        <display value="pre pregnancy"/>
      </concept>
      <concept>
        <code value="antepartum"/>
        <display value="ante partum"/>
      </concept>
      <concept>
        <code value="delivery"/>
        <display value="mother at delivery"/>
      </concept>
      <concept>
        <code value="postpartum"/>
        <display value="post partum"/>
      </concept>
      <concept>
        <code value="birth"/>
        <display value="birth weight"/>
      </concept>
      <concept>
        <code value="dry"/>
        <display value="dry"/>
      </concept>
    </include>
  </compose>
</ValueSet>