<?xml version="1.0" encoding="UTF-8"?>

<ValueSet xmlns="http://hl7.org/fhir">
  <id value="shr-procedure-ChangeFlagVS"/>
  <text>
    <status value="generated"/><div xmlns="http://www.w3.org/1999/xhtml">
<p><b>SHR ChangeFlagVS ValueSet</b></p>
<p/>
</div>
  </text>
  <url value="http://standardhealthrecord.org/shr/procedure/vs/ChangeFlagVS"/>
  <identifier>
    <system value="http://standardhealthrecord.org"/>
    <value value="shr.procedure.ChangeFlagVS"/>
  </identifier>
  <version value="0.0.1"/>
  <name value="SHR ChangeFlagVS ValueSet"/>
  <title value="SHR ChangeFlagVS ValueSet"/>
  <status value="draft"/>
  <date value="2018-02-27"/>
  <publisher value="The MITRE Corporation: Standard Health Record Collaborative"/>
  <contact>
    <telecom>
      <system value="url"/>
      <value value="http://standardhealthrecord.org"/>
    </telecom>
  </contact>
  <compose>
    <include>
      <system value="http://ncimeta.nci.nih.gov"/>
      <concept>
        <code value="C2346711"/>
        <display value="About the same"/>
      </concept>
      <concept>
        <code value="C0332272"/>
        <display value="Better"/>
      </concept>
      <concept>
        <code value="C1457868"/>
        <display value="Worse"/>
      </concept>
      <concept>
        <code value="C3854148"/>
        <display value="Significant change up"/>
      </concept>
      <concept>
        <code value="C3854147"/>
        <display value="Significant change down"/>
      </concept>
    </include>
  </compose>
</ValueSet>