<?xml version="1.0" encoding="UTF-8"?>

<ValueSet xmlns="http://hl7.org/fhir">
  <id value="shr-core-PortionTotalityVS"/>
  <text>
    <status value="generated"/><div xmlns="http://www.w3.org/1999/xhtml">
<p><b>SHR PortionTotalityVS ValueSet</b></p>
<p>Further detail of the anatomical location or specimen detailing whether it includes the entire entity or only a part or portion.</p>
</div>
  </text>
  <url value="http://standardhealthrecord.org/shr/core/vs/PortionTotalityVS"/>
  <identifier>
    <system value="http://standardhealthrecord.org"/>
    <value value="shr.core.PortionTotalityVS"/>
  </identifier>
  <version value="0.0.1"/>
  <name value="SHR PortionTotalityVS ValueSet"/>
  <title value="SHR PortionTotalityVS ValueSet"/>
  <status value="draft"/>
  <date value="2017-12-19"/>
  <publisher value="The MITRE Corporation: Standard Health Record Collaborative"/>
  <contact>
    <telecom>
      <system value="url"/>
      <value value="http://standardhealthrecord.org"/>
    </telecom>
  </contact>
  <description value="Further detail of the anatomical location or specimen detailing whether it includes the entire entity or only a part or portion."/>
  <compose>
    <include>
      <system value="https://evs.nci.nih.gov/ftp1/CDISC/SDTM/"/>
      <filter>
        <property value="concept"/>
        <op value="is-a"/>
        <value value="C99075"/>
      </filter>
    </include>
  </compose>
</ValueSet>