<?xml version="1.0" encoding="UTF-8"?>

<ValueSet xmlns="http://hl7.org/fhir">
  <id value="cimi-element-AnatomicalDirectionVS"/>
  <text>
    <status value="generated"/><div xmlns="http://www.w3.org/1999/xhtml">
<p><b>SHR AnatomicalDirectionVS ValueSet</b></p>
<p>Anatomical location or specimen further detailing directionality. Codes are from NCI</p>
</div>
  </text>
  <url value="http://standardhealthrecord.org/cimi/element/vs/AnatomicalDirectionVS"/>
  <identifier>
    <system value="http://standardhealthrecord.org"/>
    <value value="cimi.element.AnatomicalDirectionVS"/>
  </identifier>
  <version value="0.1.0"/>
  <name value="AnatomicalDirectionVS"/>
  <title value="SHR AnatomicalDirectionVS ValueSet"/>
  <status value="draft"/>
  <date value="2018-08-22T00:00:00-04:00"/>
  <publisher value="The MITRE Corporation: Standard Health Record Collaborative"/>
  <contact>
    <telecom>
      <system value="url"/>
      <value value="http://standardhealthrecord.org"/>
    </telecom>
  </contact>
  <description value="Anatomical location or specimen further detailing directionality. Codes are from NCI"/>
  <compose>
    <include>
      <system value="http://standardhealthrecord.org/cimi/element/cs/AnatomicalDirectionCS"/>
      <concept>
        <code value="C25231"/>
        <display value="ANTERIOR Denoting the front portion of the body or a structure."/>
      </concept>
      <concept>
        <code value="C25423"/>
        <display value="APICAL Relating to or located at the apex."/>
      </concept>
      <concept>
        <code value="C90067"/>
        <display value="BASAL Relating to or located at the lowest portion of a structure."/>
      </concept>
      <concept>
        <code value="C73851"/>
        <display value="CAUDAL Toward the tail in a body."/>
      </concept>
      <concept>
        <code value="C25445"/>
        <display value="CENTRAL A point or area that is approximately central within some larger region or structure."/>
      </concept>
      <concept>
        <code value="C37936"/>
        <display value="CRANIAL Toward the head in a body."/>
      </concept>
      <concept>
        <code value="C25240"/>
        <display value="DEEP Extending relatively far inward."/>
      </concept>
      <concept>
        <code value="C25237"/>
        <display value="DISTAL Situated farthest from a point of reference."/>
      </concept>
      <concept>
        <code value="C45874"/>
        <display value="DORSAL Pertaining to the back or upper surface of the body."/>
      </concept>
      <concept>
        <code value="C90376"/>
        <display value="DORSOLATERAL Toward the back and side of a body."/>
      </concept>
      <concept>
        <code value="C90386"/>
        <display value="FORE Of or involving the front of a main body."/>
      </concept>
      <concept>
        <code value="C90393"/>
        <display value="HIND Of or involving the back of a main body."/>
      </concept>
      <concept>
        <code value="C25353"/>
        <display value="INFERIOR Pertaining to a point below a given reference point."/>
      </concept>
      <concept>
        <code value="C37980"/>
        <display value="INNER Inside or closer to the inside of the body or object."/>
      </concept>
      <concept>
        <code value="C73705"/>
        <display value="INTERMEDIATE Located between two points or extremes."/>
      </concept>
      <concept>
        <code value="C25309"/>
        <display value="LOWER The bottom one of two."/>
      </concept>
      <concept>
        <code value="C25232"/>
        <display value="MEDIAL Toward the middle or in a limb toward the median plane."/>
      </concept>
      <concept>
        <code value="C81170"/>
        <display value="MIDLINE A medial line, especially the medial line or medial plane of the body (or some part of the body)."/>
      </concept>
      <concept>
        <code value="C27958"/>
        <display value="NASAL Of, or related to, or in the direction of the nose."/>
      </concept>
      <concept>
        <code value="C38166"/>
        <display value="OUTER Being on or toward the outside of the body or object."/>
      </concept>
      <concept>
        <code value="C25233"/>
        <display value="PERIPHERAL On or near an edge or constituting an outer boundary;the outer area."/>
      </concept>
      <concept>
        <code value="C25622"/>
        <display value="POSTERIOR Denoting the back portion of the body or a structure."/>
      </concept>
      <concept>
        <code value="C94393"/>
        <display value="ROSTRAL Toward the muzzle in the head."/>
      </concept>
      <concept>
        <code value="C25239"/>
        <display value="SUPERFICIAL Of or pertaining to the exterior surface."/>
      </concept>
      <concept>
        <code value="C25235"/>
        <display value="SUPERIOR Pertaining to a point above a given reference point."/>
      </concept>
      <concept>
        <code value="C25245"/>
        <display value="SURFACE The extended two-dimensional outer layer or area of a three-dimensional object."/>
      </concept>
      <concept>
        <code value="C117754"/>
        <display value="TEMPORAL Of, or related to, anatomic sites that are located in the cranium, brain, and eye."/>
      </concept>
      <concept>
        <code value="C90069"/>
        <display value="TIP The pointed end of a structure."/>
      </concept>
      <concept>
        <code value="C25355"/>
        <display value="UPPER The top one of two."/>
      </concept>
      <concept>
        <code value="C45875"/>
        <display value="VENTRAL Pertaining to the front or lower surface of the body."/>
      </concept>
      <concept>
        <code value="C98798"/>
        <display value="VENTROLATERAL Of or pertaining to the front and side of a main body."/>
      </concept>
    </include>
  </compose>
</ValueSet>