<?xml version="1.0" encoding="UTF-8"?>

<ValueSet xmlns="http://hl7.org/fhir">
  <id value="shr-skin-SupportSurfaceFeatureVS"/>
  <meta>
    <profile value="http://hl7.org/fhir/StructureDefinition/valueset-shareable-definition"/>
  </meta>
  <text>
    <status value="generated"/><div xmlns="http://www.w3.org/1999/xhtml">
<p><b>SHR SupportSurfaceFeatureVS ValueSet</b></p>
<p/>
</div>
  </text>
  <url value="http://standardhealthrecord.org/shr/skin/vs/SupportSurfaceFeatureVS"/>
  <identifier>
    <system value="http://standardhealthrecord.org"/>
    <value value="shr.skin.SupportSurfaceFeatureVS"/>
  </identifier>
  <version value="0.0.1"/>
  <name value="SHR SupportSurfaceFeatureVS ValueSet"/>
  <title value="SHR SupportSurfaceFeatureVS ValueSet"/>
  <status value="draft"/>
  <date value="2017-08-08T15:56:20.410Z"/>
  <publisher value="The MITRE Corporation: Standard Health Record Collaborative"/>
  <contact>
    <telecom>
      <system value="url"/>
      <value value="http://www.standardhealthrecord.org"/>
    </telecom>
  </contact>
  <compose>
    <include>
      <system value="http://standardhealthrecord.org/shr/skin/cs/SupportSurfaceFeatureCS"/>
      <concept>
        <code value="fluidized"/>
        <display value="Air fluidized"/>
      </concept>
      <concept>
        <code value="alternating"/>
        <display value="Alternating pressure"/>
      </concept>
      <concept>
        <code value="rotation"/>
        <display value="Lateral rotation"/>
      </concept>
      <concept>
        <code value="low_air_loss"/>
        <display value="Low air loss"/>
      </concept>
      <concept>
        <code value="envelopment"/>
        <display value="Envelopment"/>
      </concept>
      <concept>
        <code value="multi_zone"/>
        <display value="Multi-zone surface"/>
      </concept>
      <concept>
        <code value="redist"/>
        <display value="Pressure redistribution"/>
      </concept>
    </include>
  </compose>
</ValueSet>