<?xml version="1.0" encoding="UTF-8"?>

<ValueSet xmlns="http://hl7.org/fhir">
  <id value="shr-base-MissingValueReasonVS"/>
  <meta>
    <profile value="http://hl7.org/fhir/StructureDefinition/valueset-shareable-definition"/>
  </meta>
  <text>
    <status value="generated"/><div xmlns="http://www.w3.org/1999/xhtml">
<p><b>SHR MissingValueReasonVS ValueSet</b></p>
<p>Reasons that a value associated with a test or other observation is missing.</p>
</div>
  </text>
  <url value="http://standardhealthrecord.org/shr/base/vs/MissingValueReasonVS"/>
  <identifier>
    <system value="http://standardhealthrecord.org"/>
    <value value="shr.base.MissingValueReasonVS"/>
  </identifier>
  <version value="0.0.1"/>
  <name value="SHR MissingValueReasonVS ValueSet"/>
  <title value="SHR MissingValueReasonVS ValueSet"/>
  <status value="draft"/>
  <date value="2017-04-18T15:12:20.487Z"/>
  <publisher value="The MITRE Corporation: Standard Health Record Collaborative"/>
  <contact>
    <telecom>
      <system value="url"/>
      <value value="http://www.standardhealthrecord.org"/>
    </telecom>
  </contact>
  <description value="Reasons that a value associated with a test or other observation is missing."/>
  <compose>
    <include>
      <system value="http://standardhealthrecord.org/shr/base/cs/MissingValueReasonCS"/>
      <concept>
        <code value="missing_unanswered"/>
        <display value="The source was asked but declined to respond to the question, or the question was left unanswered."/>
      </concept>
      <concept>
        <code value="missing_na"/>
        <display value="The question or data element is not applicable, or based on other answers, no answer to this question is required."/>
      </concept>
      <concept>
        <code value="missing_redacted"/>
        <display value="The information has been redacted."/>
      </concept>
      <concept>
        <code value="missing_no_clue"/>
        <display value="The reason the information is not present is not known."/>
      </concept>
      <concept>
        <code value="missing_cancelled"/>
        <display value="The request or order to collect this information was cancelled."/>
      </concept>
      <concept>
        <code value="missing_collection"/>
        <display value="Missing due to a problem collecting, identifying, or locating the specimen, including patient refusal or unable to provide specimen"/>
      </concept>
      <concept>
        <code value="missing_specimen"/>
        <display value="Missing due to a problem with the specimen, e.g. contamination, clotting, improper tube type, improper storage, too small, etc."/>
      </concept>
      <concept>
        <code value="missing_malfunction"/>
        <display value="Missing due to instrument malfunction."/>
      </concept>
    </include>
  </compose>
</ValueSet>