<?xml version="1.0" encoding="UTF-8"?>

<ValueSet xmlns="http://hl7.org/fhir">
  <id value="shr-core-BodySiteVS"/>
  <meta>
    <profile value="http://hl7.org/fhir/StructureDefinition/valueset-shareable-definition"/>
  </meta>
  <text>
    <status value="generated"/><div xmlns="http://www.w3.org/1999/xhtml">
<p><b>SHR BodySiteVS ValueSet</b></p>
<p>Location on or in the body.</p>
</div>
  </text>
  <url value="http://standardhealthrecord.org/shr/core/vs/BodySiteVS"/>
  <identifier>
    <system value="http://standardhealthrecord.org"/>
    <value value="shr.core.BodySiteVS"/>
  </identifier>
  <version value="0.0.1"/>
  <name value="SHR BodySiteVS ValueSet"/>
  <title value="SHR BodySiteVS ValueSet"/>
  <status value="draft"/>
  <date value="2017-04-18T15:12:20.489Z"/>
  <publisher value="The MITRE Corporation: Standard Health Record Collaborative"/>
  <contact>
    <telecom>
      <system value="url"/>
      <value value="http://www.standardhealthrecord.org"/>
    </telecom>
  </contact>
  <description value="Location on or in the body."/>
  <compose>
    <include>
      <system value="http://ncimeta.nci.nih.gov"/>
      <filter>
        <property value="concept"/>
        <op value="is-a"/>
        <value value="T023"/>
      </filter>
    </include>
    <include>
      <system value="http://ncimeta.nci.nih.gov"/>
      <filter>
        <property value="concept"/>
        <op value="is-a"/>
        <value value="T029"/>
      </filter>
    </include>
    <include>
      <system value="http://ncimeta.nci.nih.gov"/>
      <filter>
        <property value="concept"/>
        <op value="is-a"/>
        <value value="T030"/>
      </filter>
    </include>
  </compose>
</ValueSet>