<?xml version="1.0" encoding="UTF-8"?>

<ValueSet xmlns="http://hl7.org/fhir">
  <id value="shr-oncology-BreastCancerTypeVS"/>
  <text>
    <status value="generated"/><div xmlns="http://www.w3.org/1999/xhtml">
<p><b>SHR BreastCancerTypeVS ValueSet</b></p>
<p>Histologic types of breast cancer. Codes are drawn from ICD-O-3. Codes are presented as local codes due to the lack of a ICD-O-3 terminology server available to the FHIR IG publisher.</p>
</div>
  </text>
  <url value="http://standardhealthrecord.org/shr/oncology/vs/BreastCancerTypeVS"/>
  <identifier>
    <system value="http://standardhealthrecord.org"/>
    <value value="shr.oncology.BreastCancerTypeVS"/>
  </identifier>
  <version value="0.1.0"/>
  <name value="BreastCancerTypeVS"/>
  <title value="SHR BreastCancerTypeVS ValueSet"/>
  <status value="draft"/>
  <date value="2018-08-22T00:00:00-04:00"/>
  <publisher value="The MITRE Corporation: Standard Health Record Collaborative"/>
  <contact>
    <telecom>
      <system value="url"/>
      <value value="http://standardhealthrecord.org"/>
    </telecom>
  </contact>
  <description value="Histologic types of breast cancer. Codes are drawn from ICD-O-3. Codes are presented as local codes due to the lack of a ICD-O-3 terminology server available to the FHIR IG publisher."/>
  <compose>
    <include>
      <system value="http://snomed.info/sct"/>
      <concept>
        <code value="86049000"/>
        <display value="Malignant neoplasm, primary (morphologic abnormality)"/>
      </concept>
      <concept>
        <code value="68956006"/>
        <display value="Carcinoma in situ (morphologic abnormality)"/>
      </concept>
      <concept>
        <code value="65692009"/>
        <display value="Spindle cell carcinoma (morphologic abnormality)"/>
      </concept>
      <concept>
        <code value="128631001"/>
        <display value="Carcinoma with osteoclast-like giant cells (morphologic abnormality)"/>
      </concept>
      <concept>
        <code value="74364000"/>
        <display value="Small cell carcinoma (morphologic abnormality)"/>
      </concept>
      <concept>
        <code value="59529006"/>
        <display value="Squamous cell carcinoma in situ (morphologic abnormality)"/>
      </concept>
      <concept>
        <code value="35917007"/>
        <display value="Adenocarcinoma, no subtype (morphologic abnormality)"/>
      </concept>
      <concept>
        <code value="11671000"/>
        <display value="Adenoid cystic carcinoma (morphologic abnormality)"/>
      </concept>
      <concept>
        <code value="30156004"/>
        <display value="Cribriform carcinoma (morphologic abnormality)"/>
      </concept>
      <concept>
        <code value="19665009"/>
        <display value="Tubular adenoma (morphologic abnormality)"/>
      </concept>
      <concept>
        <code value="55937004"/>
        <display value="Neuroendocrine carcinoma (morphologic abnormality)"/>
      </concept>
      <concept>
        <code value="128662002"/>
        <display value="Adenocarcinoma with mixed subtypes (morphologic abnormality)"/>
      </concept>
      <concept>
        <code value="89439007"/>
        <display value="Oxyphilic adenoma (morphologic abnormality)"/>
      </concept>
      <concept>
        <code value="3839000"/>
        <display value="Lipid-rich carcinoma (morphologic abnormality)"/>
      </concept>
      <concept>
        <code value="74280008"/>
        <display value="Glycogen-rich carcinoma (morphologic abnormality)"/>
      </concept>
      <concept>
        <code value="36318001"/>
        <display value="Apocrine adenoma (morphologic abnormality)"/>
      </concept>
      <concept>
        <code value="78424008"/>
        <display value="Sebaceous adenoma (morphologic abnormality)"/>
      </concept>
      <concept>
        <code value="39892006"/>
        <display value="Mucoepidermoid tumor (morphologic abnormality)"/>
      </concept>
      <concept>
        <code value="33170000"/>
        <display value="Mucinous adenoma (morphologic abnormality)"/>
      </concept>
      <concept>
        <code value="86616005"/>
        <display value="Intraductal carcinoma, noninfiltrating (morphologic abnormality)"/>
      </concept>
      <concept>
        <code value="36425007"/>
        <display value="Comedocarcinoma (morphologic abnormality)"/>
      </concept>
      <concept>
        <code value="41919003"/>
        <display value="Juvenile carcinoma of the breast (morphologic abnormality)"/>
      </concept>
      <concept>
        <code value="30566004"/>
        <display value="Noninfiltrating intraductal papillary adenocarcinoma (morphologic abnormality)"/>
      </concept>
      <concept>
        <code value="47488001"/>
        <display value="Intracystic papillary adenoma (morphologic abnormality)"/>
      </concept>
      <concept>
        <code value="128696009"/>
        <display value="Intraductal micropapillary carcinoma (morphologic abnormality)"/>
      </concept>
      <concept>
        <code value="32913002"/>
        <display value="Medullary carcinoma (morphologic abnormality)"/>
      </concept>
      <concept>
        <code value="128698005"/>
        <display value="Atypical medullary carcinoma (morphologic abnormality)"/>
      </concept>
      <concept>
        <code value="58477004"/>
        <display value="Infiltrating ductular carcinoma (morphologic abnormality)"/>
      </concept>
      <concept>
        <code value="35232005"/>
        <display value="Infiltrating duct and lobular carcinoma (morphologic abnormality)"/>
      </concept>
      <concept>
        <code value="128700001"/>
        <display value="Infiltrating duct mixed with other types of carcinoma (morphologic abnormality)"/>
      </concept>
      <concept>
        <code value="128701002"/>
        <display value="Infiltrating lobular mixed with other types of carcinoma (morphologic abnormality)"/>
      </concept>
      <concept>
        <code value="128702009"/>
        <display value="Polymorphous low grade adenocarcinoma (morphologic abnormality)"/>
      </concept>
      <concept>
        <code value="32968003"/>
        <display value="Inflammatory carcinoma"/>
      </concept>
      <concept>
        <code value="2985005"/>
        <display value="Paget&#39;s disease, mammary (morphologic abnormality)"/>
      </concept>
      <concept>
        <code value="82591005"/>
        <display value="Paget&#39;s disease and infiltrating duct carcinoma of breast (morphologic abnormality)"/>
      </concept>
      <concept>
        <code value="54666007"/>
        <display value="Paget&#39;s disease and intraductal carcinoma of breast (morphologic abnormality)"/>
      </concept>
      <concept>
        <code value="15176003"/>
        <display value="Adenocarcinoma with squamous metaplasia (morphologic abnormality)"/>
      </concept>
      <concept>
        <code value="733875004"/>
        <display value="Fibromatosis-like metaplastic carcinoma (morphologic abnormality)"/>
      </concept>
      <concept>
        <code value="128704005"/>
        <display value="Adenocarcinoma with neuroendocrine differentiation (morphologic abnormality)"/>
      </concept>
      <concept>
        <code value="128705006"/>
        <display value="Metaplastic carcinoma (morphologic abnormality)"/>
      </concept>
      <concept>
        <code value="69291002"/>
        <display value="Myoepithelioma (morphologic abnormality)"/>
      </concept>
      <concept>
        <code value="128765009"/>
        <display value="Adenomyoepithelioma (morphologic abnormality)"/>
      </concept>
    </include>
    <include>
      <system value="http://standardhealthrecord.org/shr/oncology/cs/BreastCancerTypeCS"/>
      <concept>
        <code value="8509"/>
        <display value="Solid papillary carcinoma"/>
      </concept>
      <concept>
        <code value="8571"/>
        <display value="Metaplastic carcinoma with mesenchymal differentiation"/>
      </concept>
    </include>
  </compose>
</ValueSet>