<?xml version="1.0" encoding="UTF-8"?>

<ValueSet xmlns="http://hl7.org/fhir">
  <id value="cimi-adverse-AdverseEventGradeVS"/>
  <text>
    <status value="generated"/><div xmlns="http://www.w3.org/1999/xhtml">
<p><b>SHR AdverseEventGradeVS ValueSet</b></p>
<p/>
</div>
  </text>
  <url value="http://standardhealthrecord.org/cimi/adverse/vs/AdverseEventGradeVS"/>
  <identifier>
    <system value="http://standardhealthrecord.org"/>
    <value value="cimi.adverse.AdverseEventGradeVS"/>
  </identifier>
  <version value="0.1.0"/>
  <name value="AdverseEventGradeVS"/>
  <title value="SHR AdverseEventGradeVS ValueSet"/>
  <status value="draft"/>
  <date value="2018-08-22T00:00:00-04:00"/>
  <publisher value="The MITRE Corporation: Standard Health Record Collaborative"/>
  <contact>
    <telecom>
      <system value="url"/>
      <value value="http://standardhealthrecord.org"/>
    </telecom>
  </contact>
  <compose>
    <include>
      <system value="http://ncimeta.nci.nih.gov"/>
      <concept>
        <code value="C1513302"/>
        <display value="Mild Adverse Event. Transient or mild discomfort, no limitaion in activity; no medical intervention or therapy required"/>
      </concept>
      <concept>
        <code value="C1513374"/>
        <display value="Moderate Adverse Event. Daily activity is affected moderately; some assistance might be needed; no or minimal medical intervention/therapy required."/>
      </concept>
      <concept>
        <code value="C1519275"/>
        <display value="Severe Adverse Event. Daily activity is markedly reduced; some assistance usually required; medical intervention/therapy required, hospitalization or hospice care possible."/>
      </concept>
      <concept>
        <code value="C1517874"/>
        <display value="Potentially Life-Threatening Adverse Event. Extreme limitation to daily activity, significant assistance required; significant medical intervention/therapy, hospitalization or hospice care very likely."/>
      </concept>
      <concept>
        <code value="C1559081"/>
        <display value="Fatal Adverse Event. Adverse event associated with death"/>
      </concept>
    </include>
  </compose>
</ValueSet>