<?xml version="1.0" encoding="UTF-8"?>

<ValueSet xmlns="http://hl7.org/fhir">
  <id value="shr-procedure-HIVScreeningTestResultVS"/>
  <text>
    <status value="generated"/><div xmlns="http://www.w3.org/1999/xhtml">
<p><b>SHR HIVScreeningTestResultVS ValueSet</b></p>
<p/>
</div>
  </text>
  <url value="http://standardhealthrecord.org/shr/procedure/vs/HIVScreeningTestResultVS"/>
  <identifier>
    <system value="http://standardhealthrecord.org"/>
    <value value="shr.procedure.HIVScreeningTestResultVS"/>
  </identifier>
  <version value="0.0.1"/>
  <name value="SHR HIVScreeningTestResultVS ValueSet"/>
  <title value="SHR HIVScreeningTestResultVS ValueSet"/>
  <status value="draft"/>
  <date value="2017-12-12"/>
  <publisher value="The MITRE Corporation: Standard Health Record Collaborative"/>
  <contact>
    <telecom>
      <system value="url"/>
      <value value="http://standardhealthrecord.org"/>
    </telecom>
  </contact>
  <compose>
    <include>
      <system value="http://loinc.org"/>
      <concept>
        <code value="LA6576-8"/>
        <display value="Positive (HIV positive, undifferentiated)"/>
      </concept>
      <concept>
        <code value="LA6577-6"/>
        <display value="Negative (HIV negative)"/>
      </concept>
      <concept>
        <code value="LA11884-6"/>
        <display value="Indeterminant"/>
      </concept>
      <concept>
        <code value="LA15841-2"/>
        <display value="Invalid"/>
      </concept>
    </include>
  </compose>
</ValueSet>