<?xml version="1.0" encoding="UTF-8"?>

<ValueSet xmlns="http://hl7.org/fhir">
  <id value="shr-encounter-ReasonEncounterDidNotHappenVS"/>
  <text>
    <status value="generated"/><div xmlns="http://www.w3.org/1999/xhtml">
<p><b>SHR ReasonEncounterDidNotHappenVS ValueSet</b></p>
<p/>
</div>
  </text>
  <url value="http://standardhealthrecord.org/shr/encounter/vs/ReasonEncounterDidNotHappenVS"/>
  <identifier>
    <system value="http://standardhealthrecord.org"/>
    <value value="shr.encounter.ReasonEncounterDidNotHappenVS"/>
  </identifier>
  <version value="0.0.1"/>
  <name value="SHR ReasonEncounterDidNotHappenVS ValueSet"/>
  <title value="SHR ReasonEncounterDidNotHappenVS ValueSet"/>
  <status value="draft"/>
  <date value="2017-12-19"/>
  <publisher value="The MITRE Corporation: Standard Health Record Collaborative"/>
  <contact>
    <telecom>
      <system value="url"/>
      <value value="http://standardhealthrecord.org"/>
    </telecom>
  </contact>
  <compose>
    <include>
      <system value="http://standardhealthrecord.org/shr/encounter/cs/ReasonEncounterDidNotHappenCS"/>
      <concept>
        <code value="cancelled"/>
        <display value="Patient cancelled appointment"/>
      </concept>
      <concept>
        <code value="lost_touch"/>
        <display value="Lost touch with patient"/>
      </concept>
      <concept>
        <code value="withdrew"/>
        <display value="Patient withdrew from trial"/>
      </concept>
      <concept>
        <code value="hospitalized"/>
        <display value="Patient was hospitalized"/>
      </concept>
    </include>
  </compose>
</ValueSet>