<?xml version="1.0" encoding="UTF-8"?>

<ValueSet xmlns="http://hl7.org/fhir">
  <id value="shr-oncology-HER2StatusVS"/>
  <text>
    <status value="generated"/><div xmlns="http://www.w3.org/1999/xhtml">
<p><b>SHR HER2StatusVS ValueSet</b></p>
<p>HER2 status overall result</p>
</div>
  </text>
  <url value="http://standardhealthrecord.org/shr/oncology/vs/HER2StatusVS"/>
  <identifier>
    <system value="http://standardhealthrecord.org"/>
    <value value="shr.oncology.HER2StatusVS"/>
  </identifier>
  <version value="0.0.1"/>
  <name value="SHR HER2StatusVS ValueSet"/>
  <title value="SHR HER2StatusVS ValueSet"/>
  <status value="draft"/>
  <date value="2017-12-20"/>
  <publisher value="The MITRE Corporation: Standard Health Record Collaborative"/>
  <contact>
    <telecom>
      <system value="url"/>
      <value value="http://standardhealthrecord.org"/>
    </telecom>
  </contact>
  <description value="HER2 status overall result"/>
  <compose>
    <include>
      <system value="https://sdt.cap.org"/>
      <concept>
        <code value="31015"/>
        <display value="Negative/Not Amplified (IHC Score 0)"/>
      </concept>
      <concept>
        <code value="31016"/>
        <display value="Negative (IHC Score 1+)"/>
      </concept>
      <concept>
        <code value="31017"/>
        <display value="Equivocal (ICHC Score 2+)"/>
      </concept>
      <concept>
        <code value="31018"/>
        <display value="Positive/Amplified (IHC Score 3+)"/>
      </concept>
      <concept>
        <code value="25883"/>
        <display value="Cannot be determined (indeterminate)"/>
      </concept>
    </include>
  </compose>
</ValueSet>