<?xml version="1.0" encoding="UTF-8"?>

<ValueSet xmlns="http://hl7.org/fhir">
  <id value="shr-skin-PressureUlcerAssociationVS"/>
  <meta>
    <profile value="http://hl7.org/fhir/StructureDefinition/valueset-shareable-definition"/>
  </meta>
  <text>
    <status value="generated"/><div xmlns="http://www.w3.org/1999/xhtml">
<p><b>SHR PressureUlcerAssociationVS ValueSet</b></p>
<p/>
</div>
  </text>
  <url value="http://standardhealthrecord.org/shr/skin/vs/PressureUlcerAssociationVS"/>
  <identifier>
    <system value="http://standardhealthrecord.org"/>
    <value value="shr.skin.PressureUlcerAssociationVS"/>
  </identifier>
  <version value="0.0.1"/>
  <name value="SHR PressureUlcerAssociationVS ValueSet"/>
  <title value="SHR PressureUlcerAssociationVS ValueSet"/>
  <status value="draft"/>
  <date value="2017-05-09T18:19:21.856Z"/>
  <publisher value="The MITRE Corporation: Standard Health Record Collaborative"/>
  <contact>
    <telecom>
      <system value="url"/>
      <value value="http://www.standardhealthrecord.org"/>
    </telecom>
  </contact>
  <compose>
    <include>
      <system value="http://standardhealthrecord.org/shr/skin/cs/PressureUlcerAssociationCS"/>
      <concept>
        <code value="device"/>
        <display value="Device related"/>
      </concept>
      <concept>
        <code value="pressure_point"/>
        <display value="Pressure-point related"/>
      </concept>
    </include>
  </compose>
</ValueSet>