<?xml version="1.0" encoding="UTF-8"?>

<ValueSet xmlns="http://hl7.org/fhir">
  <id value="shr-oncology-ReceptorVS"/>
  <text>
    <status value="generated"/><div xmlns="http://www.w3.org/1999/xhtml">
<p><b>SHR ReceptorVS ValueSet</b></p>
<p/>
</div>
  </text>
  <url value="http://standardhealthrecord.org/shr/oncology/vs/ReceptorVS"/>
  <identifier>
    <system value="http://standardhealthrecord.org"/>
    <value value="shr.oncology.ReceptorVS"/>
  </identifier>
  <version value="0.1.0"/>
  <name value="ReceptorVS"/>
  <title value="SHR ReceptorVS ValueSet"/>
  <status value="draft"/>
  <date value="2018-08-21T00:00:00-04:00"/>
  <publisher value="The MITRE Corporation: Standard Health Record Collaborative"/>
  <contact>
    <telecom>
      <system value="url"/>
      <value value="http://standardhealthrecord.org"/>
    </telecom>
  </contact>
  <compose>
    <include>
      <system value="http://snomed.info/sct"/>
      <filter>
        <property value="concept"/>
        <op value="is-a"/>
        <value value="116647005"/>
      </filter>
    </include>
  </compose>
</ValueSet>