<?xml version="1.0" encoding="UTF-8"?>

<ValueSet xmlns="http://hl7.org/fhir">
  <id value="shr-sex-SexualActivityVS"/>
  <meta>
    <profile value="http://hl7.org/fhir/StructureDefinition/valueset-shareable-definition"/>
  </meta>
  <text>
    <status value="generated"/><div xmlns="http://www.w3.org/1999/xhtml">
<p><b>SHR SexualActivityVS ValueSet</b></p>
<p/>
</div>
  </text>
  <url value="http://standardhealthrecord.org/shr/sex/vs/SexualActivityVS"/>
  <identifier>
    <system value="http://standardhealthrecord.org"/>
    <value value="shr.sex.SexualActivityVS"/>
  </identifier>
  <version value="0.0.1"/>
  <name value="SHR SexualActivityVS ValueSet"/>
  <title value="SHR SexualActivityVS ValueSet"/>
  <status value="draft"/>
  <date value="2017-05-10T18:00:13.096Z"/>
  <publisher value="The MITRE Corporation: Standard Health Record Collaborative"/>
  <contact>
    <telecom>
      <system value="url"/>
      <value value="http://www.standardhealthrecord.org"/>
    </telecom>
  </contact>
  <compose>
    <include>
      <system value="http://ncimeta.nci.nih.gov"/>
      <concept>
        <code value="C0425726"/>
        <display value="Never been sexually active"/>
      </concept>
      <concept>
        <code value="C0425725"/>
        <display value="Currently not sexually active"/>
      </concept>
      <concept>
        <code value="C0036899"/>
        <display value="Sexually abstinent"/>
      </concept>
      <concept>
        <code value="C4272228"/>
        <display value="Sexually active, heterosexual activity"/>
      </concept>
      <concept>
        <code value="C2046970"/>
        <display value="Sexually active, homosexual activity"/>
      </concept>
      <concept>
        <code value="C2135319"/>
        <display value="Sexually active in mutually monogamous relationship"/>
      </concept>
      <concept>
        <code value="C2135645"/>
        <display value="Sexually active with prostitutes"/>
      </concept>
      <concept>
        <code value="C2220418"/>
        <display value="Sexually active as a prostitute"/>
      </concept>
      <concept>
        <code value="C2229925"/>
        <display value="Sexually active with lack of responsibility"/>
      </concept>
      <concept>
        <code value="C2220257"/>
        <display value="Sexually active with frequent new partners"/>
      </concept>
      <concept>
        <code value="C2220419"/>
        <display value="Sexually active with persons at risk for HIV-related disease"/>
      </concept>
      <concept>
        <code value="C2229924"/>
        <display value="Sexually active and practicing safe(r) sex"/>
      </concept>
      <concept>
        <code value="C2133544"/>
        <display value="Sexually active and trying to become pregnant"/>
      </concept>
    </include>
  </compose>
</ValueSet>