<?xml version="1.0" encoding="UTF-8"?>

<ValueSet xmlns="http://hl7.org/fhir">
  <id value="shr-lab-PositiveNegativeVS"/>
  <meta>
    <profile value="http://hl7.org/fhir/StructureDefinition/valueset-shareable-definition"/>
  </meta>
  <text>
    <status value="generated"/><div xmlns="http://www.w3.org/1999/xhtml">
<p><b>SHR PositiveNegativeVS ValueSet</b></p>
<p/>
</div>
  </text>
  <url value="http://standardhealthrecord.org/shr/lab/vs/PositiveNegativeVS"/>
  <identifier>
    <system value="http://standardhealthrecord.org"/>
    <value value="shr.lab.PositiveNegativeVS"/>
  </identifier>
  <version value="0.0.1"/>
  <name value="SHR PositiveNegativeVS ValueSet"/>
  <title value="SHR PositiveNegativeVS ValueSet"/>
  <status value="draft"/>
  <date value="2017-05-10T18:00:13.095Z"/>
  <publisher value="The MITRE Corporation: Standard Health Record Collaborative"/>
  <contact>
    <telecom>
      <system value="url"/>
      <value value="http://www.standardhealthrecord.org"/>
    </telecom>
  </contact>
  <compose>
    <include>
      <system value="http://ncimeta.nci.nih.gov"/>
      <concept>
        <code value="C1446409"/>
        <display value="Positive"/>
      </concept>
      <concept>
        <code value="C0205160"/>
        <display value="Negative"/>
      </concept>
    </include>
  </compose>
</ValueSet>