<?xml version="1.0" encoding="UTF-8"?>

<ValueSet xmlns="http://hl7.org/fhir">
  <id value="shr-allergy-DrugIngredientVS"/>
  <meta>
    <profile value="http://hl7.org/fhir/StructureDefinition/valueset-shareable-definition"/>
  </meta>
  <text>
    <status value="generated"/><div xmlns="http://www.w3.org/1999/xhtml">
<p><b>SHR DrugIngredientVS ValueSet</b></p>
<p>Drug allergies involve ingredients or mixtures, not specific dose forms. The value set focuses on drug ingredients.</p>
</div>
  </text>
  <url value="http://standardhealthrecord.org/shr/allergy/vs/DrugIngredientVS"/>
  <identifier>
    <system value="http://standardhealthrecord.org"/>
    <value value="shr.allergy.DrugIngredientVS"/>
  </identifier>
  <version value="0.0.1"/>
  <name value="SHR DrugIngredientVS ValueSet"/>
  <title value="SHR DrugIngredientVS ValueSet"/>
  <status value="draft"/>
  <date value="2017-05-10T18:00:13.091Z"/>
  <publisher value="The MITRE Corporation: Standard Health Record Collaborative"/>
  <contact>
    <telecom>
      <system value="url"/>
      <value value="http://www.standardhealthrecord.org"/>
    </telecom>
  </contact>
  <description value="Drug allergies involve ingredients or mixtures, not specific dose forms. The value set focuses on drug ingredients."/>
</ValueSet>