<?xml version="1.0" encoding="UTF-8"?>

<ValueSet xmlns="http://hl7.org/fhir">
  <id value="shr-core-TimeUnitOfMeasureVS"/>
  <text>
    <status value="generated"/><div xmlns="http://www.w3.org/1999/xhtml">
<p><b>SHR TimeUnitOfMeasureVS ValueSet</b></p>
<p>Units of measure related to time.</p>
</div>
  </text>
  <url value="http://standardhealthrecord.org/shr/core/vs/TimeUnitOfMeasureVS"/>
  <identifier>
    <system value="http://standardhealthrecord.org"/>
    <value value="shr.core.TimeUnitOfMeasureVS"/>
  </identifier>
  <version value="0.0.1"/>
  <name value="SHR TimeUnitOfMeasureVS ValueSet"/>
  <title value="SHR TimeUnitOfMeasureVS ValueSet"/>
  <status value="draft"/>
  <date value="2018-02-27"/>
  <publisher value="The MITRE Corporation: Standard Health Record Collaborative"/>
  <contact>
    <telecom>
      <system value="url"/>
      <value value="http://standardhealthrecord.org"/>
    </telecom>
  </contact>
  <description value="Units of measure related to time."/>
  <compose>
    <include>
      <system value="http://unitsofmeasure.org"/>
      <concept>
        <code value="us"/>
        <display value="Microsecond"/>
      </concept>
      <concept>
        <code value="ms"/>
        <display value="Millisecond"/>
      </concept>
      <concept>
        <code value="s"/>
        <display value="Second"/>
      </concept>
      <concept>
        <code value="min"/>
        <display value="Minute"/>
      </concept>
      <concept>
        <code value="h"/>
        <display value="Hour"/>
      </concept>
      <concept>
        <code value="wk"/>
        <display value="Week"/>
      </concept>
      <concept>
        <code value="mo"/>
        <display value="Month"/>
      </concept>
      <concept>
        <code value="a"/>
        <display value="Year"/>
      </concept>
    </include>
  </compose>
</ValueSet>