<?xml version="1.0" encoding="UTF-8"?>

<ValueSet xmlns="http://hl7.org/fhir">
  <id value="shr-sex-IntercourseDifficultyVS"/>
  <text>
    <status value="generated"/><div xmlns="http://www.w3.org/1999/xhtml">
<p><b>SHR IntercourseDifficultyVS ValueSet</b></p>
<p/>
</div>
  </text>
  <url value="http://standardhealthrecord.org/shr/sex/vs/IntercourseDifficultyVS"/>
  <identifier>
    <system value="http://standardhealthrecord.org"/>
    <value value="shr.sex.IntercourseDifficultyVS"/>
  </identifier>
  <version value="0.0.1"/>
  <name value="SHR IntercourseDifficultyVS ValueSet"/>
  <title value="SHR IntercourseDifficultyVS ValueSet"/>
  <status value="draft"/>
  <date value="2017-12-12"/>
  <publisher value="The MITRE Corporation: Standard Health Record Collaborative"/>
  <contact>
    <telecom>
      <system value="url"/>
      <value value="http://standardhealthrecord.org"/>
    </telecom>
  </contact>
  <compose>
    <include>
      <system value="http://ncimeta.nci.nih.gov"/>
      <concept>
        <code value="C1384606"/>
        <display value="Dyspareunia (difficult or painful intercourse)"/>
      </concept>
      <concept>
        <code value="C2219920"/>
        <display value="Lack of sensation felt during sexual intercourse"/>
      </concept>
      <concept>
        <code value="C0011124"/>
        <display value="Decreased libido"/>
      </concept>
      <concept>
        <code value="C2220018"/>
        <display value="Aversion to sexual intercourse"/>
      </concept>
      <concept>
        <code value="C0425739"/>
        <display value="Vaginal dryness on intercourse"/>
      </concept>
      <concept>
        <code value="C0156406"/>
        <display value="Postcoital bleeding"/>
      </concept>
      <concept>
        <code value="C0278103"/>
        <display value="Fear of intercourse"/>
      </concept>
      <concept>
        <code value="C0425732"/>
        <display value="Sexual intercourse difficult"/>
      </concept>
      <concept>
        <code value="C0455842"/>
        <display value="Problem getting an erection"/>
      </concept>
      <concept>
        <code value="C0858253"/>
        <display value="Inability to maintain erection"/>
      </concept>
      <concept>
        <code value="C0033038"/>
        <display value="Premature ejaculation"/>
      </concept>
      <concept>
        <code value="C0425761"/>
        <display value="Failure of orgasm"/>
      </concept>
    </include>
  </compose>
</ValueSet>