<?xml version="1.0" encoding="UTF-8"?>

<ValueSet xmlns="http://hl7.org/fhir">
  <id value="shr-lab-HIVScreeningTestCodeVS"/>
  <meta>
    <profile value="http://hl7.org/fhir/StructureDefinition/valueset-shareable-definition"/>
  </meta>
  <text>
    <status value="generated"/><div xmlns="http://www.w3.org/1999/xhtml">
<p><b>SHR HIVScreeningTestCodeVS ValueSet</b></p>
<p/>
</div>
  </text>
  <url value="http://standardhealthrecord.org/shr/lab/vs/HIVScreeningTestCodeVS"/>
  <identifier>
    <system value="http://standardhealthrecord.org"/>
    <value value="shr.lab.HIVScreeningTestCodeVS"/>
  </identifier>
  <version value="0.0.1"/>
  <name value="SHR HIVScreeningTestCodeVS ValueSet"/>
  <title value="SHR HIVScreeningTestCodeVS ValueSet"/>
  <status value="draft"/>
  <date value="2017-08-08T15:56:20.408Z"/>
  <publisher value="The MITRE Corporation: Standard Health Record Collaborative"/>
  <contact>
    <telecom>
      <system value="url"/>
      <value value="http://www.standardhealthrecord.org"/>
    </telecom>
  </contact>
</ValueSet>