<?xml version="1.0" encoding="UTF-8"?>

<ValueSet xmlns="http://hl7.org/fhir">
  <id value="shr-device-DeviceVS"/>
  <text>
    <status value="generated"/><div xmlns="http://www.w3.org/1999/xhtml">
<p><b>SHR DeviceVS ValueSet</b></p>
<p/>
</div>
  </text>
  <url value="http://standardhealthrecord.org/shr/device/vs/DeviceVS"/>
  <identifier>
    <system value="http://standardhealthrecord.org"/>
    <value value="shr.device.DeviceVS"/>
  </identifier>
  <version value="0.0.1"/>
  <name value="SHR DeviceVS ValueSet"/>
  <title value="SHR DeviceVS ValueSet"/>
  <status value="draft"/>
  <date value="2017-12-12"/>
  <publisher value="The MITRE Corporation: Standard Health Record Collaborative"/>
  <contact>
    <telecom>
      <system value="url"/>
      <value value="http://standardhealthrecord.org"/>
    </telecom>
  </contact>
  <compose>
    <include>
      <system value="http://snomed.info/sct"/>
      <filter>
        <property value="concept"/>
        <op value="is-a"/>
        <value value="49062001"/>
      </filter>
    </include>
  </compose>
</ValueSet>