<?xml version="1.0" encoding="UTF-8"?>

<ValueSet xmlns="http://hl7.org/fhir">
  <id value="shr-lab-HIVSupplementalTestResultVS"/>
  <meta>
    <profile value="http://hl7.org/fhir/StructureDefinition/valueset-shareable-definition"/>
  </meta>
  <text>
    <status value="generated"/><div xmlns="http://www.w3.org/1999/xhtml">
<p><b>SHR HIVSupplementalTestResultVS ValueSet</b></p>
<p/>
</div>
  </text>
  <url value="http://standardhealthrecord.org/shr/lab/vs/HIVSupplementalTestResultVS"/>
  <identifier>
    <system value="http://standardhealthrecord.org"/>
    <value value="shr.lab.HIVSupplementalTestResultVS"/>
  </identifier>
  <version value="0.0.1"/>
  <name value="SHR HIVSupplementalTestResultVS ValueSet"/>
  <title value="SHR HIVSupplementalTestResultVS ValueSet"/>
  <status value="draft"/>
  <date value="2017-05-09T18:19:21.854Z"/>
  <publisher value="The MITRE Corporation: Standard Health Record Collaborative"/>
  <contact>
    <telecom>
      <system value="url"/>
      <value value="http://www.standardhealthrecord.org"/>
    </telecom>
  </contact>
  <compose>
    <include>
      <system value="http://loinc.org"/>
      <concept>
        <code value="LA15256-3"/>
        <display value="Nonreactive"/>
      </concept>
      <concept>
        <code value="LA15255-5"/>
        <display value="Reactive"/>
      </concept>
      <concept>
        <code value="LA18330-3"/>
        <display value="HIV-1 reactive (positive)"/>
      </concept>
      <concept>
        <code value="LA18331-1"/>
        <display value="HIV-2 reactive (positive)"/>
      </concept>
      <concept>
        <code value="LA18332-9"/>
        <display value="HIV reactive (undifferentiated)"/>
      </concept>
      <concept>
        <code value="LA21479-3"/>
        <display value="HIV1 p24 Antigen (+) and HIV 1+2 Antibody (-)"/>
      </concept>
      <concept>
        <code value="LA21480-1"/>
        <display value="HIV1 p24 Antigen (-) and HIV 1+2 Antibody (+)"/>
      </concept>
      <concept>
        <code value="LA21481-9"/>
        <display value="HIV1 p24 Antigen (+) and HIV 1+2 Antibody (+)"/>
      </concept>
      <concept>
        <code value="LA21482-7"/>
        <display value="HIV1 p24 Antigen (-) and HIV 1+2 Antibody (-)"/>
      </concept>
      <concept>
        <code value="LA11884-6"/>
        <display value="Indeterminant"/>
      </concept>
      <concept>
        <code value="LA15841-2"/>
        <display value="Invalid"/>
      </concept>
    </include>
  </compose>
</ValueSet>