<?xml version="1.0" encoding="UTF-8"?>

<ValueSet xmlns="http://hl7.org/fhir">
  <id value="shr-core-DirectionalityVS"/>
  <text>
    <status value="generated"/><div xmlns="http://www.w3.org/1999/xhtml">
<p><b>SHR DirectionalityVS ValueSet</b></p>
<p>Anatomical location or specimen further detailing directionality.</p>
</div>
  </text>
  <url value="http://standardhealthrecord.org/shr/core/vs/DirectionalityVS"/>
  <identifier>
    <system value="http://standardhealthrecord.org"/>
    <value value="shr.core.DirectionalityVS"/>
  </identifier>
  <version value="0.0.1"/>
  <name value="SHR DirectionalityVS ValueSet"/>
  <title value="SHR DirectionalityVS ValueSet"/>
  <status value="draft"/>
  <date value="2017-12-12"/>
  <publisher value="The MITRE Corporation: Standard Health Record Collaborative"/>
  <contact>
    <telecom>
      <system value="url"/>
      <value value="http://standardhealthrecord.org"/>
    </telecom>
  </contact>
  <description value="Anatomical location or specimen further detailing directionality."/>
  <compose>
    <include>
      <system value="https://evs.nci.nih.gov/ftp1/CDISC/SDTM/"/>
      <filter>
        <property value="concept"/>
        <op value="is-a"/>
        <value value="C99074"/>
      </filter>
    </include>
  </compose>
</ValueSet>