<?xml version="1.0" encoding="UTF-8"?>

<ValueSet xmlns="http://hl7.org/fhir">
  <id value="shr-financial-InsuranceProviderTypeVS"/>
  <text>
    <status value="generated"/><div xmlns="http://www.w3.org/1999/xhtml">
<p><b>SHR InsuranceProviderTypeVS ValueSet</b></p>
<p/>
</div>
  </text>
  <url value="http://standardhealthrecord.org/shr/financial/vs/InsuranceProviderTypeVS"/>
  <identifier>
    <system value="http://standardhealthrecord.org"/>
    <value value="shr.financial.InsuranceProviderTypeVS"/>
  </identifier>
  <version value="0.0.1"/>
  <name value="SHR InsuranceProviderTypeVS ValueSet"/>
  <title value="SHR InsuranceProviderTypeVS ValueSet"/>
  <status value="draft"/>
  <date value="2017-12-12"/>
  <publisher value="The MITRE Corporation: Standard Health Record Collaborative"/>
  <contact>
    <telecom>
      <system value="url"/>
      <value value="http://standardhealthrecord.org"/>
    </telecom>
  </contact>
  <compose>
    <include>
      <system value="http://standardhealthrecord.org/shr/financial/cs/InsuranceProviderTypeCS"/>
      <concept>
        <code value="chip"/>
        <display value="CHIP or SCHIP - State or Federal Children&#39;s Health Insurance Program"/>
      </concept>
      <concept>
        <code value="medicaid"/>
        <display value="Medicaid"/>
      </concept>
      <concept>
        <code value="medicare"/>
        <display value="Medicare"/>
      </concept>
      <concept>
        <code value="military"/>
        <display value="Military coverage (Tricare)"/>
      </concept>
      <concept>
        <code value="veteran"/>
        <display value="VA coverage"/>
      </concept>
      <concept>
        <code value="private"/>
        <display value="Private or self-insured group"/>
      </concept>
      <concept>
        <code value="no_insurance"/>
        <display value="No health insurance"/>
      </concept>
    </include>
  </compose>
</ValueSet>