<?xml version="1.0" encoding="UTF-8"?>

<ValueSet xmlns="http://hl7.org/fhir">
  <id value="cimi-context-ExpectationContextVS"/>
  <text>
    <status value="generated"/><div xmlns="http://www.w3.org/1999/xhtml">
<p><b>SHR ExpectationContextVS ValueSet</b></p>
<p>A code describing the sense in which a finding is expected.</p>
</div>
  </text>
  <url value="http://standardhealthrecord.org/cimi/context/vs/ExpectationContextVS"/>
  <identifier>
    <system value="http://standardhealthrecord.org"/>
    <value value="cimi.context.ExpectationContextVS"/>
  </identifier>
  <version value="0.1.0"/>
  <name value="ExpectationContextVS"/>
  <title value="SHR ExpectationContextVS ValueSet"/>
  <status value="draft"/>
  <date value="2018-08-21T00:00:00-04:00"/>
  <publisher value="The MITRE Corporation: Standard Health Record Collaborative"/>
  <contact>
    <telecom>
      <system value="url"/>
      <value value="http://standardhealthrecord.org"/>
    </telecom>
  </contact>
  <description value="A code describing the sense in which a finding is expected."/>
  <compose>
    <include>
      <system value="http://snomed.info/sct"/>
      <concept>
        <code value="410517006"/>
        <display value="Expected"/>
      </concept>
      <concept>
        <code value="410596003"/>
        <display value="Likely outcome"/>
      </concept>
      <concept>
        <code value="410595004"/>
        <display value="Prognosis"/>
      </concept>
      <concept>
        <code value="71033007"/>
        <display value="Impending"/>
      </concept>
    </include>
  </compose>
</ValueSet>