<?xml version="1.0" encoding="UTF-8"?>

<ValueSet xmlns="http://hl7.org/fhir">
  <id value="shr-core-YesNoUnknownVS"/>
  <text>
    <status value="generated"/><div xmlns="http://www.w3.org/1999/xhtml">
<p><b>SHR YesNoUnknownVS ValueSet</b></p>
<p/>
</div>
  </text>
  <url value="http://standardhealthrecord.org/shr/core/vs/YesNoUnknownVS"/>
  <identifier>
    <system value="http://standardhealthrecord.org"/>
    <value value="shr.core.YesNoUnknownVS"/>
  </identifier>
  <version value="0.0.1"/>
  <name value="SHR YesNoUnknownVS ValueSet"/>
  <title value="SHR YesNoUnknownVS ValueSet"/>
  <status value="draft"/>
  <date value="2017-12-20"/>
  <publisher value="The MITRE Corporation: Standard Health Record Collaborative"/>
  <contact>
    <telecom>
      <system value="url"/>
      <value value="http://standardhealthrecord.org"/>
    </telecom>
  </contact>
  <compose>
    <include>
      <system value="http://standardhealthrecord.org/shr/core/cs/YesNoUnknownCS"/>
      <concept>
        <code value="yes"/>
        <display value="Yes, or true"/>
      </concept>
      <concept>
        <code value="no"/>
        <display value="No, or false"/>
      </concept>
      <concept>
        <code value="unknown"/>
        <display value="Unknown"/>
      </concept>
    </include>
  </compose>
</ValueSet>