<?xml version="1.0" encoding="UTF-8"?>

<ValueSet xmlns="http://hl7.org/fhir">
  <id value="shr-environment-HomeEnvironmentRiskVS"/>
  <text>
    <status value="generated"/><div xmlns="http://www.w3.org/1999/xhtml">
<p><b>SHR HomeEnvironmentRiskVS ValueSet</b></p>
<p/>
</div>
  </text>
  <url value="http://standardhealthrecord.org/shr/environment/vs/HomeEnvironmentRiskVS"/>
  <identifier>
    <system value="http://standardhealthrecord.org"/>
    <value value="shr.environment.HomeEnvironmentRiskVS"/>
  </identifier>
  <version value="0.0.1"/>
  <name value="SHR HomeEnvironmentRiskVS ValueSet"/>
  <title value="SHR HomeEnvironmentRiskVS ValueSet"/>
  <status value="draft"/>
  <date value="2018-02-27"/>
  <publisher value="The MITRE Corporation: Standard Health Record Collaborative"/>
  <contact>
    <telecom>
      <system value="url"/>
      <value value="http://standardhealthrecord.org"/>
    </telecom>
  </contact>
  <compose>
    <include>
      <system value="http://standardhealthrecord.org/shr/environment/cs/HomeEnvironmentRiskCS"/>
      <concept>
        <code value="guns"/>
        <display value="Guns in household"/>
      </concept>
      <concept>
        <code value="more_guns"/>
        <display value="Guns in neighborhood"/>
      </concept>
      <concept>
        <code value="smoke_detectors"/>
        <display value="No Smoke Detectors"/>
      </concept>
      <concept>
        <code value="radiation"/>
        <display value="Radon or other radiation source"/>
      </concept>
      <concept>
        <code value="swimming_pool"/>
        <display value="Swimming Pool"/>
      </concept>
      <concept>
        <code value="lead"/>
        <display value="Lead in soil, paint or water"/>
      </concept>
      <concept>
        <code value="well"/>
        <display value="Well water"/>
      </concept>
      <concept>
        <code value="mold"/>
        <display value="Mold"/>
      </concept>
      <concept>
        <code value="noise"/>
        <display value="Excessive noise"/>
      </concept>
      <concept>
        <code value="no_connection"/>
        <display value="No internet"/>
      </concept>
      <concept>
        <code value="no_electricity"/>
        <display value="Unreliable electricity supply"/>
      </concept>
      <concept>
        <code value="air_quality"/>
        <display value="Poor air quality"/>
      </concept>
      <concept>
        <code value="water_quality"/>
        <display value="Poor drinking water quality"/>
      </concept>
      <concept>
        <code value="crime"/>
        <display value="Neighborhood crime"/>
      </concept>
      <concept>
        <code value="traffic"/>
        <display value="Neighborhood traffic"/>
      </concept>
      <concept>
        <code value="unwalkable"/>
        <display value="Neighborhood unwalkable"/>
      </concept>
      <concept>
        <code value="insects"/>
        <display value="Insect infestation"/>
      </concept>
      <concept>
        <code value="rodents"/>
        <display value="Rodent infestation"/>
      </concept>
      <concept>
        <code value="asbestos"/>
        <display value="Asbestos"/>
      </concept>
      <concept>
        <code value="disrepair"/>
        <display value="Home in disrepair"/>
      </concept>
      <concept>
        <code value="clutter"/>
        <display value="Clutter or hoarding"/>
      </concept>
      <concept>
        <code value="fire_hazard"/>
        <display value="No fire escape or other fire hazard"/>
      </concept>
      <concept>
        <code value="stairs"/>
        <display value="Steps hard to navigate"/>
      </concept>
      <concept>
        <code value="bathroom"/>
        <display value="Bathroom facilities hard to utilize, e.g., on another floor or lacking accomodations"/>
      </concept>
      <concept>
        <code value="crowding"/>
        <display value="Overcrowded"/>
      </concept>
      <concept>
        <code value="isolated"/>
        <display value="Too far away from things"/>
      </concept>
      <concept>
        <code value="transportation"/>
        <display value="Hard to access transportation resources"/>
      </concept>
      <concept>
        <code value="radiation"/>
        <display value="Radiation"/>
      </concept>
      <concept>
        <code value="asbestos"/>
        <display value="Asbestos"/>
      </concept>
      <concept>
        <code value="pesticides"/>
        <display value="Pesticides"/>
      </concept>
      <concept>
        <code value="motorcycle"/>
        <display value="Ride motorcycle"/>
      </concept>
      <concept>
        <code value="contact_sports"/>
        <display value="Play contact sports"/>
      </concept>
      <concept>
        <code value="seat_belt"/>
        <display value="Does not wear seat belts"/>
      </concept>
      <concept>
        <code value="sun_exposure"/>
        <display value="Spends excessive time in the sun"/>
      </concept>
      <concept>
        <code value="tanning"/>
        <display value="Uses tanning bed"/>
      </concept>
    </include>
  </compose>
</ValueSet>