<?xml version="1.0" encoding="UTF-8"?>

<CodeSystem xmlns="http://hl7.org/fhir">
  <id value="shr-skin-SupportSurfaceFeatureCS"/>
  <meta>
    <profile value="http://hl7.org/fhir/StructureDefinition/codesystem-shareable-definition"/>
  </meta>
  <text>
    <status value="generated"/><div xmlns="http://www.w3.org/1999/xhtml">
<p><b>SHR SupportSurfaceFeatureCS CodeSystem</b></p>
<p/>
</div>
  </text>
  <url value="http://standardhealthrecord.org/shr/skin/cs/SupportSurfaceFeatureCS"/>
  <identifier>
    <system value="http://standardhealthrecord.org"/>
    <value value="shr.skin.SupportSurfaceFeatureCS"/>
  </identifier>
  <version value="0.0.1"/>
  <name value="SHR SupportSurfaceFeatureCS CodeSystem"/>
  <title value="SHR SupportSurfaceFeatureCS CodeSystem"/>
  <status value="draft"/>
  <date value="2017-08-01T02:25:17.604Z"/>
  <publisher value="The MITRE Corporation: Standard Health Record Collaborative"/>
  <contact>
    <telecom>
      <system value="url"/>
      <value value="http://www.standardhealthrecord.org"/>
    </telecom>
  </contact>
  <caseSensitive value="true"/>
  <content value="complete"/>
  <count value="7"/>
  <concept>
    <code value="fluidized"/>
    <display value="Air fluidized"/>
    <definition value="Air fluidized"/>
  </concept>
  <concept>
    <code value="alternating"/>
    <display value="Alternating pressure"/>
    <definition value="Alternating pressure"/>
  </concept>
  <concept>
    <code value="rotation"/>
    <display value="Lateral rotation"/>
    <definition value="Lateral rotation"/>
  </concept>
  <concept>
    <code value="low_air_loss"/>
    <display value="Low air loss"/>
    <definition value="Low air loss"/>
  </concept>
  <concept>
    <code value="envelopment"/>
    <display value="Envelopment"/>
    <definition value="Envelopment"/>
  </concept>
  <concept>
    <code value="multi_zone"/>
    <display value="Multi-zone surface"/>
    <definition value="Multi-zone surface"/>
  </concept>
  <concept>
    <code value="redist"/>
    <display value="Pressure redistribution"/>
    <definition value="Pressure redistribution"/>
  </concept>
</CodeSystem>