{
  "resourceType": "CodeSystem",
  "id": "shr-device-RespiratoryRateSettingCS",
  "meta": {
    "profile": [
      "http://hl7.org/fhir/StructureDefinition/codesystem-shareable-definition"
    ]
  },
  "text": {
    "status": "generated",
    "div": "<div xmlns=\"http://www.w3.org/1999/xhtml\">\n<p><b>SHR RespiratoryRateSettingCS CodeSystem</b></p>\n<p/>\n</div>"
  },
  "url": "http://standardhealthrecord.org/shr/device/cs/RespiratoryRateSettingCS",
  "identifier": {
    "system": "http://standardhealthrecord.org",
    "value": "shr.device.RespiratoryRateSettingCS"
  },
  "version": "0.0.1",
  "name": "SHR RespiratoryRateSettingCS CodeSystem",
  "title": "SHR RespiratoryRateSettingCS CodeSystem",
  "status": "draft",
  "date": "2017-08-01T01:59:59.882Z",
  "publisher": "The MITRE Corporation: Standard Health Record Collaborative",
  "contact": [
    {
      "telecom": [
        {
          "system": "url",
          "value": "http://www.standardhealthrecord.org"
        }
      ]
    }
  ],
  "caseSensitive": true,
  "content": "complete",
  "count": 6,
  "concept": [
    {
      "code": "set_min_alarm",
      "display": "minimum alarm",
      "definition": "minimum alarm"
    },
    {
      "code": "set_min",
      "display": "minimum",
      "definition": "minimum"
    },
    {
      "code": "set_max",
      "display": "maximum",
      "definition": "maximum"
    },
    {
      "code": "set_max_alarm",
      "display": "maximum alarm",
      "definition": "maximum alarm"
    },
    {
      "code": "set_target",
      "display": "target setting",
      "definition": "target setting"
    },
    {
      "code": "set_sigh",
      "display": "Sigh rate setting LOINC#19838-2",
      "definition": "Sigh rate setting LOINC#19838-2"
    }
  ]
}