<?xml version="1.0" encoding="UTF-8"?>

<CodeSystem xmlns="http://hl7.org/fhir">
  <id value="shr-demographics-TelephoneTypeCS"/>
  <meta>
    <profile value="http://hl7.org/fhir/StructureDefinition/codesystem-shareable-definition"/>
  </meta>
  <text>
    <status value="generated"/><div xmlns="http://www.w3.org/1999/xhtml">
<p><b>SHR TelephoneTypeCS CodeSystem</b></p>
<p/>
</div>
  </text>
  <url value="http://standardhealthrecord.org/shr/demographics/cs/TelephoneTypeCS"/>
  <identifier>
    <system value="http://standardhealthrecord.org"/>
    <value value="shr.demographics.TelephoneTypeCS"/>
  </identifier>
  <version value="0.0.1"/>
  <name value="SHR TelephoneTypeCS CodeSystem"/>
  <title value="SHR TelephoneTypeCS CodeSystem"/>
  <status value="draft"/>
  <date value="2017-08-01T01:59:59.882Z"/>
  <publisher value="The MITRE Corporation: Standard Health Record Collaborative"/>
  <contact>
    <telecom>
      <system value="url"/>
      <value value="http://www.standardhealthrecord.org"/>
    </telecom>
  </contact>
  <caseSensitive value="true"/>
  <content value="complete"/>
  <count value="2"/>
  <concept>
    <code value="mobile"/>
    <display value="Mobile phone (assumed text capable)"/>
    <definition value="Mobile phone (assumed text capable)"/>
  </concept>
  <concept>
    <code value="land"/>
    <display value="Landline telephone"/>
    <definition value="Landline telephone"/>
  </concept>
</CodeSystem>