<?xml version="1.0" encoding="UTF-8"?>

<CodeSystem xmlns="http://hl7.org/fhir">
  <id value="shr-skin-SupportSurfaceBodyPositionCS"/>
  <meta>
    <profile value="http://hl7.org/fhir/StructureDefinition/codesystem-shareable-definition"/>
  </meta>
  <text>
    <status value="generated"/><div xmlns="http://www.w3.org/1999/xhtml">
<p><b>SHR SupportSurfaceBodyPositionCS CodeSystem</b></p>
<p/>
</div>
  </text>
  <url value="http://standardhealthrecord.org/shr/skin/cs/SupportSurfaceBodyPositionCS"/>
  <identifier>
    <system value="http://standardhealthrecord.org"/>
    <value value="shr.skin.SupportSurfaceBodyPositionCS"/>
  </identifier>
  <version value="0.0.1"/>
  <name value="SHR SupportSurfaceBodyPositionCS CodeSystem"/>
  <title value="SHR SupportSurfaceBodyPositionCS CodeSystem"/>
  <status value="draft"/>
  <date value="2017-07-31T23:48:31.537Z"/>
  <publisher value="The MITRE Corporation: Standard Health Record Collaborative"/>
  <contact>
    <telecom>
      <system value="url"/>
      <value value="http://www.standardhealthrecord.org"/>
    </telecom>
  </contact>
  <caseSensitive value="true"/>
  <content value="complete"/>
  <count value="2"/>
  <concept>
    <code value="sitting"/>
    <display value="Sitting"/>
    <definition value="Sitting"/>
  </concept>
  <concept>
    <code value="lying"/>
    <display value="Lying"/>
    <definition value="Lying"/>
  </concept>
</CodeSystem>