{
  "resourceType": "CodeSystem",
  "id": "shr-oncology-HER2MethodCS",
  "meta": {
    "profile": [
      "http://hl7.org/fhir/StructureDefinition/codesystem-shareable-definition"
    ]
  },
  "text": {
    "status": "generated",
    "div": "<div xmlns=\"http://www.w3.org/1999/xhtml\">\n<p><b>SHR HER2MethodCS CodeSystem</b></p>\n<p/>\n</div>"
  },
  "url": "http://standardhealthrecord.org/shr/oncology/cs/HER2MethodCS",
  "identifier": {
    "system": "http://standardhealthrecord.org",
    "value": "shr.oncology.HER2MethodCS"
  },
  "version": "0.0.1",
  "name": "SHR HER2MethodCS CodeSystem",
  "title": "SHR HER2MethodCS CodeSystem",
  "status": "draft",
  "date": "2017-07-31T16:44:15.690Z",
  "publisher": "The MITRE Corporation: Standard Health Record Collaborative",
  "contact": [
    {
      "telecom": [
        {
          "system": "url",
          "value": "http://www.standardhealthrecord.org"
        }
      ]
    }
  ],
  "caseSensitive": true,
  "content": "complete",
  "count": 3,
  "concept": [
    {
      "code": "spot-light",
      "display": "SPot-Light HER2 CISH test",
      "definition": "SPot-Light HER2 CISH test"
    },
    {
      "code": "ihc",
      "display": "ImmunoHistoChemistry test",
      "definition": "ImmunoHistoChemistry test"
    },
    {
      "code": "inform",
      "display": "Inform HER2 Dual ISH test (In SituHybridization)",
      "definition": "Inform HER2 Dual ISH test (In SituHybridization)"
    }
  ]
}