<?xml version="1.0" encoding="UTF-8"?>

<CodeSystem xmlns="http://hl7.org/fhir">
  <id value="shr-demographics-TelecomQualifierCS"/>
  <meta>
    <profile value="http://hl7.org/fhir/StructureDefinition/codesystem-shareable-definition"/>
  </meta>
  <text>
    <status value="generated"/><div xmlns="http://www.w3.org/1999/xhtml">
<p><b>SHR TelecomQualifierCS CodeSystem</b></p>
<p/>
</div>
  </text>
  <url value="http://standardhealthrecord.org/shr/demographics/cs/TelecomQualifierCS"/>
  <identifier>
    <system value="http://standardhealthrecord.org"/>
    <value value="shr.demographics.TelecomQualifierCS"/>
  </identifier>
  <version value="0.0.1"/>
  <name value="SHR TelecomQualifierCS CodeSystem"/>
  <title value="SHR TelecomQualifierCS CodeSystem"/>
  <status value="draft"/>
  <date value="2017-08-01T03:41:40.604Z"/>
  <publisher value="The MITRE Corporation: Standard Health Record Collaborative"/>
  <contact>
    <telecom>
      <system value="url"/>
      <value value="http://www.standardhealthrecord.org"/>
    </telecom>
  </contact>
  <caseSensitive value="true"/>
  <content value="complete"/>
  <count value="12"/>
  <concept>
    <code value="primary"/>
    <display value="Primary (preferred) method of contact"/>
    <definition value="Primary (preferred) method of contact"/>
  </concept>
  <concept>
    <code value="secondary"/>
    <display value="Secondary method of contact"/>
    <definition value="Secondary method of contact"/>
  </concept>
  <concept>
    <code value="prefer_call"/>
    <display value="Prefer voice calls"/>
    <definition value="Prefer voice calls"/>
  </concept>
  <concept>
    <code value="prefer_text"/>
    <display value="Prefer texting"/>
    <definition value="Prefer texting"/>
  </concept>
  <concept>
    <code value="personal"/>
    <display value="Personal (home) use"/>
    <definition value="Personal (home) use"/>
  </concept>
  <concept>
    <code value="work"/>
    <display value="Work use"/>
    <definition value="Work use"/>
  </concept>
  <concept>
    <code value="no_message"/>
    <display value="Do not leave messages at this phone number"/>
    <definition value="Do not leave messages at this phone number"/>
  </concept>
  <concept>
    <code value="alert"/>
    <display value="Use this contact method for reminders, alerts, and notifications"/>
    <definition value="Use this contact method for reminders, alerts, and notifications"/>
  </concept>
  <concept>
    <code value="telecare"/>
    <display value="Use for telecare encounters"/>
    <definition value="Use for telecare encounters"/>
  </concept>
  <concept>
    <code value="shared"/>
    <display value="A shared telecom address, e.g., facility telephone or family email"/>
    <definition value="A shared telecom address, e.g., facility telephone or family email"/>
  </concept>
  <concept>
    <code value="direct"/>
    <display value="An encrypted DIRECT email address"/>
    <definition value="An encrypted DIRECT email address"/>
  </concept>
  <concept>
    <code value="portal"/>
    <display value="Portal-based secure messaging address"/>
    <definition value="Portal-based secure messaging address"/>
  </concept>
</CodeSystem>