{
  "resourceType": "CodeSystem",
  "id": "shr-demographics-TelephoneTypeCS",
  "meta": {
    "profile": [
      "http://hl7.org/fhir/StructureDefinition/codesystem-shareable-definition"
    ]
  },
  "text": {
    "status": "generated",
    "div": "<div xmlns=\"http://www.w3.org/1999/xhtml\">\n<p><b>SHR TelephoneTypeCS CodeSystem</b></p>\n<p/>\n</div>"
  },
  "url": "http://standardhealthrecord.org/shr/demographics/cs/TelephoneTypeCS",
  "identifier": {
    "system": "http://standardhealthrecord.org",
    "value": "shr.demographics.TelephoneTypeCS"
  },
  "version": "0.0.1",
  "name": "SHR TelephoneTypeCS CodeSystem",
  "title": "SHR TelephoneTypeCS CodeSystem",
  "status": "draft",
  "date": "2017-07-31T16:44:15.688Z",
  "publisher": "The MITRE Corporation: Standard Health Record Collaborative",
  "contact": [
    {
      "telecom": [
        {
          "system": "url",
          "value": "http://www.standardhealthrecord.org"
        }
      ]
    }
  ],
  "caseSensitive": true,
  "content": "complete",
  "count": 2,
  "concept": [
    {
      "code": "mobile",
      "display": "Mobile phone (assumed text capable)",
      "definition": "Mobile phone (assumed text capable)"
    },
    {
      "code": "land",
      "display": "Landline telephone",
      "definition": "Landline telephone"
    }
  ]
}