{
  "resourceType": "CodeSystem",
  "id": "shr-vital-BodyWeightQualifierCS",
  "meta": {
    "profile": [
      "http://hl7.org/fhir/StructureDefinition/codesystem-shareable-definition"
    ]
  },
  "text": {
    "status": "generated",
    "div": "<div xmlns=\"http://www.w3.org/1999/xhtml\">\n<p><b>SHR BodyWeightQualifierCS CodeSystem</b></p>\n<p/>\n</div>"
  },
  "url": "http://standardhealthrecord.org/shr/vital/cs/BodyWeightQualifierCS",
  "identifier": {
    "system": "http://standardhealthrecord.org",
    "value": "shr.vital.BodyWeightQualifierCS"
  },
  "version": "0.0.1",
  "name": "SHR BodyWeightQualifierCS CodeSystem",
  "title": "SHR BodyWeightQualifierCS CodeSystem",
  "status": "draft",
  "date": "2017-07-31T23:48:31.537Z",
  "publisher": "The MITRE Corporation: Standard Health Record Collaborative",
  "contact": [
    {
      "telecom": [
        {
          "system": "url",
          "value": "http://www.standardhealthrecord.org"
        }
      ]
    }
  ],
  "caseSensitive": true,
  "content": "complete",
  "count": 14,
  "concept": [
    {
      "code": "meas",
      "display": "Measured",
      "definition": "Measured"
    },
    {
      "code": "est",
      "display": "Estimated",
      "definition": "Estimated"
    },
    {
      "code": "ideal",
      "display": "Ideal",
      "definition": "Ideal"
    },
    {
      "code": "clothed",
      "display": "with clothes",
      "definition": "with clothes"
    },
    {
      "code": "unclothed",
      "display": "without clothes",
      "definition": "without clothes"
    },
    {
      "code": "pre_dialysis",
      "display": "pre dialysis",
      "definition": "pre dialysis"
    },
    {
      "code": "post_dialysis",
      "display": "post dialysis",
      "definition": "post dialysis"
    },
    {
      "code": "preop",
      "display": "pre operative",
      "definition": "pre operative"
    },
    {
      "code": "postop",
      "display": "pre pregnancy",
      "definition": "pre pregnancy"
    },
    {
      "code": "antepartum",
      "display": "ante partum",
      "definition": "ante partum"
    },
    {
      "code": "delivery",
      "display": "mother at delivery",
      "definition": "mother at delivery"
    },
    {
      "code": "postpartum",
      "display": "post partum",
      "definition": "post partum"
    },
    {
      "code": "birth",
      "display": "birth weight",
      "definition": "birth weight"
    },
    {
      "code": "dry",
      "display": "dry",
      "definition": "dry"
    }
  ]
}