{"resourceType":"StructureDefinition","id":"cimi-context-Outcome-extension","text":{"status":"generated","div":"<div xmlns=\"http://www.w3.org/1999/xhtml\">\n  <p><b>SHR Outcome Extension</b></p>\n  <p>The result of performing an action or behavior, for example, an adverse reaction or new finding.</p>\n</div>"},"url":"http://standardhealthrecord.org/fhir/StructureDefinition/cimi-context-Outcome-extension","identifier":[{"system":"http://standardhealthrecord.org","value":"cimi.context.Outcome"}],"version":"0.1.0","name":"OutcomeExtension","title":"SHR Outcome Extension","status":"draft","date":"2018-08-21T00:00:00-04:00","publisher":"The MITRE Corporation: Standard Health Record Collaborative","contact":[{"telecom":[{"system":"url","value":"http://standardhealthrecord.org"}]}],"description":"The result of performing an action or behavior, for example, an adverse reaction or new finding.","fhirVersion":"3.0.1","kind":"complex-type","abstract":false,"context":[{"type":"fhirpath","expression":"*"}],"type":"Extension","baseDefinition":"http://hl7.org/fhir/StructureDefinition/Extension","derivation":"constraint","snapshot":{"element":[{"id":"Extension:outcome","path":"Extension","short":"SHR Outcome Extension","definition":"The result of performing an action or behavior, for example, an adverse reaction or new finding.","min":0,"max":"*","base":{"path":"Extension","min":0,"max":"1"},"condition":["ele-1"],"constraint":[{"key":"ele-1","severity":"error","human":"All FHIR elements must have a @value or children","expression":"children().count() > id.count()","xpath":"@value|f:*|h:div","source":"Element"},{"key":"ext-1","severity":"error","human":"Must have either extensions or value[x], not both","expression":"extension.exists() != value.exists()","xpath":"exists(f:extension)!=exists(f:*[starts-with(local-name(.), 'value')])","source":"Extension"}]},{"id":"Extension:outcome.id","path":"Extension.id","representation":["xmlAttr"],"short":"xml:id (or equivalent in JSON)","definition":"unique id for the element within a resource (for internal references). This may be any string value that does not contain spaces.","min":0,"max":"1","base":{"path":"Element.id","min":0,"max":"1"},"type":[{"code":"string"}],"mapping":[{"identity":"rim","map":"N/A"}]},{"id":"Extension:outcome.extension","path":"Extension.extension","slicing":{"id":"1","discriminator":[{"type":"value","path":"url"}],"ordered":false,"rules":"open"},"short":"Extension","definition":"An Extension","min":0,"max":"*","base":{"path":"Element.extension","min":0,"max":"*"},"type":[{"code":"Extension"}]},{"id":"Extension:outcome.extension:codeableconcept","path":"Extension.extension","sliceName":"codeableconcept","definition":"A set of codes drawn from different coding systems, representing the same concept.","min":1,"max":"1","base":{"path":"Extension.extension","min":0,"max":"1"},"type":[{"code":"Extension","profile":["http://standardhealthrecord.org/fhir/StructureDefinition/shr-core-CodeableConcept-extension"]}],"isModifier":false,"mapping":[{"identity":"rim","map":"N/A"}]},{"id":"Extension:outcome.extension:codeableconcept.id","path":"Extension.extension.id","representation":["xmlAttr"],"short":"xml:id (or equivalent in JSON)","definition":"unique id for the element within a resource (for internal references). This may be any string value that does not contain spaces.","min":0,"max":"1","base":{"path":"Element.id","min":0,"max":"1"},"type":[{"code":"string"}],"mapping":[{"identity":"rim","map":"N/A"}]},{"id":"Extension:outcome.extension:codeableconcept.extension:extension","path":"Extension.extension.extension","sliceName":"extension","short":"Extension","definition":"An Extension","min":0,"max":"0","base":{"path":"Element.extension","min":0,"max":"*"},"type":[{"code":"Extension"}]},{"id":"Extension:outcome.extension:codeableconcept.url","path":"Extension.extension.url","representation":["xmlAttr"],"short":"identifies the meaning of the extension","definition":"Source of the definition for the extension code - a logical name or a URL.","comment":"The definition may point directly to a computable or human-readable definition of the extensibility codes, or it may be a logical URI as declared in some other specification. The definition SHALL be a URI for the Structure Definition defining the extension.","min":1,"max":"1","base":{"path":"Extension.url","min":1,"max":"1"},"type":[{"code":"uri"}],"fixedUri":"http://standardhealthrecord.org/fhir/StructureDefinition/shr-core-CodeableConcept-extension","mapping":[{"identity":"rim","map":"N/A"}]},{"id":"Extension:outcome.extension:codeableconcept.valueCodeableConcept","path":"Extension.extension.valueCodeableConcept","short":"Value of extension","definition":"Value of extension - may be a resource or one of a constrained set of the data types (see Extensibility in the spec for list).","min":1,"max":"1","base":{"path":"Extension.value[x]","min":0,"max":"1"},"type":[{"code":"CodeableConcept","profile":["http://standardhealthrecord.org/fhir/StructureDefinition/shr-core-CodeableConcept"]}],"binding":{"strength":"example","valueSetCanonical":"http://hl7.org/fhir/ValueSet/procedure-outcome"},"mapping":[{"identity":"rim","map":"N/A"}]},{"id":"Extension:outcome.extension:clinicalstatement","path":"Extension.extension","sliceName":"clinicalstatement","definition":"A special type of information entry consisting of a topic and a context.\nThe ClinicalStatement class provides the core pattern for more specific clinical statement classes, such as a statement that a finding has been found in a patient or that a procedure has been proposed by a clinical decision support system. The ClinicalStatement pattern defines the core attributes common to most clinical statements and specifies a composition pattern that encourage model component reuse and better alignment with the SNOMED CT Concept Model. A clinical statement is composed of the StatementTopic class (grouping of attributes for capturing information about a procedure or a clinical finding) and the StatementContext class (grouping of attributes providing the context for the statement topic such as whether a procedure was performed, requested, not performed or whether a finding is suspected present or absent in the patient). At the archetype level, the topic and context components are coordinated to form the clinical statement. For instance, the composition of the ProcedureTopic with the NotPerformed context indicates that the given procedure was not performed.","min":0,"max":"*","base":{"path":"Extension.extension","min":0,"max":"1"},"type":[{"code":"Extension","profile":["http://standardhealthrecord.org/fhir/StructureDefinition/cimi-statement-ClinicalStatement-extension"]}],"isModifier":false,"mapping":[{"identity":"rim","map":"N/A"}]},{"id":"Extension:outcome.url","path":"Extension.url","representation":["xmlAttr"],"short":"identifies the meaning of the extension","definition":"Source of the definition for the extension code - a logical name or a URL.","comment":"The definition may point directly to a computable or human-readable definition of the extensibility codes, or it may be a logical URI as declared in some other specification. The definition SHALL be a URI for the Structure Definition defining the extension.","min":1,"max":"1","base":{"path":"Extension.url","min":1,"max":"1"},"type":[{"code":"uri"}],"fixedUri":"http://standardhealthrecord.org/fhir/StructureDefinition/cimi-context-Outcome-extension","mapping":[{"identity":"rim","map":"N/A"}]},{"id":"Extension:outcome.value[x]","path":"Extension.value[x]","short":"Value of extension","definition":"Value of extension - may be a resource or one of a constrained set of the data types (see Extensibility in the spec for list).","min":0,"max":"0","base":{"path":"Extension.value[x]","min":0,"max":"1"},"type":[{"code":"base64Binary"},{"code":"boolean"},{"code":"code"},{"code":"date"},{"code":"dateTime"},{"code":"decimal"},{"code":"id"},{"code":"instant"},{"code":"integer"},{"code":"markdown"},{"code":"oid"},{"code":"positiveInt"},{"code":"string"},{"code":"time"},{"code":"unsignedInt"},{"code":"uri"},{"code":"Address"},{"code":"Age"},{"code":"Annotation"},{"code":"Attachment"},{"code":"CodeableConcept"},{"code":"Coding"},{"code":"ContactPoint"},{"code":"Count"},{"code":"Distance"},{"code":"Duration"},{"code":"HumanName"},{"code":"Identifier"},{"code":"Money"},{"code":"Period"},{"code":"Quantity"},{"code":"Range"},{"code":"Ratio"},{"code":"Reference"},{"code":"SampledData"},{"code":"Signature"},{"code":"Timing"},{"code":"Meta"}],"mapping":[{"identity":"rim","map":"N/A"}]}]},"differential":{"element":[{"id":"Extension:outcome","path":"Extension","short":"SHR Outcome Extension","definition":"The result of performing an action or behavior, for example, an adverse reaction or new finding.","min":0,"max":"*"},{"id":"Extension:outcome.extension:codeableconcept","path":"Extension.extension","sliceName":"codeableconcept","definition":"A set of codes drawn from different coding systems, representing the same concept.","min":1,"max":"1","type":[{"code":"Extension","profile":["http://standardhealthrecord.org/fhir/StructureDefinition/shr-core-CodeableConcept-extension"]}]},{"id":"Extension:outcome.extension:codeableconcept.valueCodeableConcept","path":"Extension.extension.valueCodeableConcept","binding":{"strength":"example","valueSetCanonical":"http://hl7.org/fhir/ValueSet/procedure-outcome"}},{"id":"Extension:outcome.extension:clinicalstatement","path":"Extension.extension","sliceName":"clinicalstatement","definition":"A special type of information entry consisting of a topic and a context.\nThe ClinicalStatement class provides the core pattern for more specific clinical statement classes, such as a statement that a finding has been found in a patient or that a procedure has been proposed by a clinical decision support system. The ClinicalStatement pattern defines the core attributes common to most clinical statements and specifies a composition pattern that encourage model component reuse and better alignment with the SNOMED CT Concept Model. A clinical statement is composed of the StatementTopic class (grouping of attributes for capturing information about a procedure or a clinical finding) and the StatementContext class (grouping of attributes providing the context for the statement topic such as whether a procedure was performed, requested, not performed or whether a finding is suspected present or absent in the patient). At the archetype level, the topic and context components are coordinated to form the clinical statement. For instance, the composition of the ProcedureTopic with the NotPerformed context indicates that the given procedure was not performed.","min":0,"max":"*","type":[{"code":"Extension","profile":["http://standardhealthrecord.org/fhir/StructureDefinition/cimi-statement-ClinicalStatement-extension"]}]},{"id":"Extension:outcome.url","path":"Extension.url","type":[{"code":"uri"}],"fixedUri":"http://standardhealthrecord.org/fhir/StructureDefinition/cimi-context-Outcome-extension"},{"id":"Extension:outcome.value[x]","path":"Extension.value[x]","min":0,"max":"0"}]}}