<?xml version="1.0" encoding="UTF-8"?><CodeSystem xmlns="http://hl7.org/fhir"><id value="shr-behavior-AlcoholUseScreeningToolCS"/><meta><profile value="http://hl7.org/fhir/StructureDefinition/codesystem-shareable-definition"/></meta><text><status value="generated"/><div xmlns="http://www.w3.org/1999/xhtml">
<p><b>SHR AlcoholUseScreeningToolCS CodeSystem</b></p>
<p/>
</div></text><url value="http://standardhealthrecord.org/shr/behavior/cs/AlcoholUseScreeningToolCS"/><identifier><system value="http://standardhealthrecord.org"/><value value="shr.behavior.AlcoholUseScreeningToolCS"/></identifier><version value="0.0.1"/><name value="SHR AlcoholUseScreeningToolCS CodeSystem"/><title value="SHR AlcoholUseScreeningToolCS CodeSystem"/><status value="draft"/><date value="2017-07-31T23:48:31.534Z"/><publisher value="The MITRE Corporation: Standard Health Record Collaborative"/><contact><telecom><system value="url"/><value value="http://www.standardhealthrecord.org"/></telecom></contact><caseSensitive value="true"/><content value="complete"/><count value="3"/><concept><code value="audit"/><display value="AUDIT"/><definition value="AUDIT"/></concept><concept><code value="audit_c"/><display value="AUDIT-C"/><definition value="AUDIT-C"/></concept><concept><code value="crafft"/><display value="CRAFFT"/><definition value="CRAFFT"/></concept></CodeSystem>