<?xml version="1.0" encoding="UTF-8"?><CodeSystem xmlns="http://hl7.org/fhir"><id value="shr-demographics-InsuranceProviderTypeCS"/><meta><profile value="http://hl7.org/fhir/StructureDefinition/codesystem-shareable-definition"/></meta><text><status value="generated"/><div xmlns="http://www.w3.org/1999/xhtml">
<p><b>SHR InsuranceProviderTypeCS CodeSystem</b></p>
<p/>
</div></text><url value="http://standardhealthrecord.org/shr/demographics/cs/InsuranceProviderTypeCS"/><identifier><system value="http://standardhealthrecord.org"/><value value="shr.demographics.InsuranceProviderTypeCS"/></identifier><version value="0.0.1"/><name value="SHR InsuranceProviderTypeCS CodeSystem"/><title value="SHR InsuranceProviderTypeCS CodeSystem"/><status value="draft"/><date value="2017-07-31T23:48:31.535Z"/><publisher value="The MITRE Corporation: Standard Health Record Collaborative"/><contact><telecom><system value="url"/><value value="http://www.standardhealthrecord.org"/></telecom></contact><caseSensitive value="true"/><content value="complete"/><count value="7"/><concept><code value="chip"/><display value="CHIP or SCHIP - State or Federal Children&#39;s Health Insurance Program"/><definition value="CHIP or SCHIP - State or Federal Children&#39;s Health Insurance Program"/></concept><concept><code value="medicaid"/><display value="Medicaid"/><definition value="Medicaid"/></concept><concept><code value="medicare"/><display value="Medicare"/><definition value="Medicare"/></concept><concept><code value="military"/><display value="Military coverage (Tricare)"/><definition value="Military coverage (Tricare)"/></concept><concept><code value="veteran"/><display value="VA coverage"/><definition value="VA coverage"/></concept><concept><code value="private"/><display value="Private or self-insured group"/><definition value="Private or self-insured group"/></concept><concept><code value="no_insurance"/><display value="No health insurance"/><definition value="No health insurance"/></concept></CodeSystem>