<?xml version="1.0" encoding="UTF-8"?><CodeSystem xmlns="http://hl7.org/fhir"><id value="shr-behavior-SubstanceAbuseTreatmentTypeCS"/><meta><profile value="http://hl7.org/fhir/StructureDefinition/codesystem-shareable-definition"/></meta><text><status value="generated"/><div xmlns="http://www.w3.org/1999/xhtml">
<p><b>SHR SubstanceAbuseTreatmentTypeCS CodeSystem</b></p>
<p/>
</div></text><url value="http://standardhealthrecord.org/shr/behavior/cs/SubstanceAbuseTreatmentTypeCS"/><identifier><system value="http://standardhealthrecord.org"/><value value="shr.behavior.SubstanceAbuseTreatmentTypeCS"/></identifier><version value="0.0.1"/><name value="SHR SubstanceAbuseTreatmentTypeCS CodeSystem"/><title value="SHR SubstanceAbuseTreatmentTypeCS CodeSystem"/><status value="draft"/><date value="2017-07-31T23:48:31.534Z"/><publisher value="The MITRE Corporation: Standard Health Record Collaborative"/><contact><telecom><system value="url"/><value value="http://www.standardhealthrecord.org"/></telecom></contact><caseSensitive value="true"/><content value="complete"/><count value="11"/><concept><code value="day_treatment"/><display value="Day Treatment Services"/><definition value="Day Treatment Services"/></concept><concept><code value="inpatient"/><display value="Inpatient/Hospital"/><definition value="Inpatient/Hospital"/></concept><concept><code value="inpatient_detox"/><display value="Hospital Inpatient Detoxification Services"/><definition value="Hospital Inpatient Detoxification Services"/></concept><concept><code value="ambulatory"/><display value="Outpatient services"/><definition value="Outpatient services"/></concept><concept><code value="ambulatory_detox"/><display value="Ambulatory Detoxification Services"/><definition value="Ambulatory Detoxification Services"/></concept><concept><code value="outreach"/><display value="Outreach Services"/><definition value="Outreach Services"/></concept><concept><code value="intensive_outpatient"/><display value="Intensive Outpatient Services"/><definition value="Intensive Outpatient Services"/></concept><concept><code value="methadone_treatment"/><display value="Methadone Treatment Services"/><definition value="Methadone Treatment Services"/></concept><concept><code value="residental_rehab"/><display value="Residential/Rehabilitation Services"/><definition value="Residential/Rehabilitation Services"/></concept><concept><code value="after_care"/><display value="After Care Services"/><definition value="After Care Services"/></concept><concept><code value="recovery_support"/><display value="Recovery Support Services"/><definition value="Recovery Support Services"/></concept></CodeSystem>