<?xml version="1.0" encoding="UTF-8"?><StructureDefinition xmlns="http://hl7.org/fhir"><id value="shr-core-EffectiveTimePeriod"/><text><status value="generated"/><div xmlns="http://www.w3.org/1999/xhtml">
  <p><b>SHR EffectiveTimePeriod Profile</b></p>
  <p>The date and time span for which something is active, valid, or in force.</p>
  <p><b>SHR Mapping Summary</b></p>
  <p><pre>shr.core.EffectiveTimePeriod maps to Period:
  TimePeriodStart maps to start
  TimePeriodEnd maps to end
</pre></p>
</div></text><url value="http://standardhealthrecord.org/fhir/StructureDefinition/shr-core-EffectiveTimePeriod"/><identifier><system value="http://standardhealthrecord.org"/><value value="shr.core.EffectiveTimePeriod"/></identifier><version value="0.0.1"/><name value="SHR EffectiveTimePeriod Profile"/><status value="draft"/><date value="2017-08-01T02:00:00.053Z"/><publisher value="The MITRE Corporation: Standard Health Record Collaborative"/><contact><telecom><system value="url"/><value value="http://www.standardhealthrecord.org"/></telecom></contact><description value="The date and time span for which something is active, valid, or in force."/><fhirVersion value="3.0.1"/><mapping><identity value="v2"/><uri value="http://hl7.org/v2"/><name value="HL7 v2 Mapping"/></mapping><mapping><identity value="rim"/><uri value="http://hl7.org/v3"/><name value="RIM Mapping"/></mapping><kind value="complex-type"/><abstract value="false"/><type value="Period"/><baseDefinition value="http://hl7.org/fhir/StructureDefinition/Period"/><derivation value="constraint"/><snapshot><element id="Period:shr-core-EffectiveTimePeriod"><path value="Period"/><short value="SHR EffectiveTimePeriod Profile"/><definition value="The date and time span for which something is active, valid, or in force."/><comment value="This is not a duration - that&#39;s a measure of time (a separate type), but a duration that occurs at a fixed value of time. A Period specifies a range of time; the context of use will specify whether the entire range applies (e.g. &quot;the patient was an inpatient of the hospital for this time range&quot;) or one value from the range applies (e.g. &quot;give to the patient between these two times&quot;). If duration is required, specify the type as Interval|Duration."/><min value="0"/><max value="*"/><condition value="ele-1"/><constraint><key value="ele-1"/><severity value="error"/><human value="All FHIR elements must have a @value or children"/><expression value="hasValue() | (children().count() &gt; id.count())"/><xpath value="@value|f:*|h:div"/><source value="Element"/></constraint><constraint><key value="per-1"/><severity value="error"/><human value="If present, start SHALL have a lower value than end"/><expression value="start.empty() or end.empty() or (start &lt;= end)"/><xpath value="not(exists(f:start)) or not(exists(f:end)) or (f:start/@value &lt;= f:end/@value)"/></constraint><mapping><identity value="rim"/><map value="n/a"/></mapping><mapping><identity value="v2"/><map value="DR"/></mapping><mapping><identity value="rim"/><map value="IVL&lt;TS&gt;[lowClosed=&quot;true&quot; and highClosed=&quot;true&quot;] or URG&lt;TS&gt;[lowClosed=&quot;true&quot; and highClosed=&quot;true&quot;]"/></mapping></element><element id="Period:shr-core-EffectiveTimePeriod.id"><path value="Period.id"/><representation value="xmlAttr"/><short value="xml:id (or equivalent in JSON)"/><definition value="unique id for the element within a resource (for internal references). This may be any string value that does not contain spaces."/><min value="0"/><max value="1"/><base><path value="Element.id"/><min value="0"/><max value="1"/></base><type><code value="string"/></type><mapping><identity value="rim"/><map value="n/a"/></mapping></element><element id="Period:shr-core-EffectiveTimePeriod.extension"><path value="Period.extension"/><slicing><discriminator><type value="value"/><path value="url"/></discriminator><description value="Extensions are always sliced by (at least) url"/><rules value="open"/></slicing><short value="Additional Content defined by implementations"/><definition value="May be used to represent additional information that is not part of the basic definition of the element. In order to make the use of extensions safe and manageable, there is a strict set of governance  applied to the definition and use of extensions. Though any implementer is allowed to define an extension, there is a set of requirements that SHALL be met as part of the definition of the extension."/><comment value="There can be no stigma associated with the use of extensions by any application, project, or standard - regardless of the institution or jurisdiction that uses or defines the extensions.  The use of extensions is what allows the FHIR specification to retain a core level of simplicity for everyone."/><alias value="extensions"/><alias value="user content"/><min value="0"/><max value="*"/><base><path value="Element.extension"/><min value="0"/><max value="*"/></base><type><code value="Extension"/></type><mapping><identity value="rim"/><map value="n/a"/></mapping></element><element id="Period:shr-core-EffectiveTimePeriod.start"><path value="Period.start"/><short value="Starting time with inclusive boundary"/><definition value="The start of the period. The boundary is inclusive."/><comment value="If the low element is missing, the meaning is that the low boundary is not known."/><min value="1"/><max value="1"/><type><code value="dateTime"/></type><condition value="per-1"/><isSummary value="true"/><mapping><identity value="v2"/><map value="DR.1"/></mapping><mapping><identity value="rim"/><map value="./low"/></mapping></element><element id="Period:shr-core-EffectiveTimePeriod.end"><path value="Period.end"/><short value="End time with inclusive boundary, if not ongoing"/><definition value="The end of the period. If the end of the period is missing, it means that the period is ongoing. The start may be in the past, and the end date in the future, which means that period is expected/planned to end at that time."/><comment value="The high value includes any matching date/time. i.e. 2012-02-03T10:00:00 is in a period that has a end value of 2012-02-03."/><min value="0"/><max value="1"/><type><code value="dateTime"/></type><meaningWhenMissing value="If the end of the period is missing, it means that the period is ongoing"/><condition value="per-1"/><isSummary value="true"/><mapping><identity value="v2"/><map value="DR.2"/></mapping><mapping><identity value="rim"/><map value="./high"/></mapping></element></snapshot><differential><element id="Period:shr-core-EffectiveTimePeriod"><path value="Period"/><short value="SHR EffectiveTimePeriod Profile"/><definition value="The date and time span for which something is active, valid, or in force."/></element><element id="Period:shr-core-EffectiveTimePeriod.start"><path value="Period.start"/><min value="1"/><max value="1"/></element></differential></StructureDefinition>