<?xml version="1.0" encoding="UTF-8"?><StructureDefinition xmlns="http://hl7.org/fhir"><id value="shr-skin-WoundSize-extension"/><text><status value="generated"/><div xmlns="http://www.w3.org/1999/xhtml">
  <p><b>SHR WoundSize Extension</b></p>
  <p>The estimated or measured dimensions of a wound.</p>
</div></text><url value="http://standardhealthrecord.org/fhir/StructureDefinition/shr-skin-WoundSize-extension"/><identifier><system value="http://standardhealthrecord.org"/><value value="shr.skin.WoundSize"/></identifier><version value="0.0.1"/><name value="SHR WoundSize Extension"/><title value="SHR WoundSize Extension"/><status value="draft"/><date value="2017-07-31T16:44:36.428Z"/><publisher value="The MITRE Corporation: Standard Health Record Collaborative"/><contact><telecom><system value="url"/><value value="http://www.standardhealthrecord.org"/></telecom></contact><description value="The estimated or measured dimensions of a wound."/><fhirVersion value="3.0.0"/><kind value="complex-type"/><abstract value="false"/><contextType value="resource"/><context value="*"/><type value="Extension"/><baseDefinition value="http://hl7.org/fhir/StructureDefinition/Extension"/><derivation value="constraint"/><snapshot><element id="Extension:woundsize"><path value="Extension"/><short value="SHR WoundSize Extension"/><definition value="The estimated or measured dimensions of a wound."/><min value="0"/><max value="*"/><base><path value="Extension"/><min value="0"/><max value="1"/></base><condition value="ele-1"/><constraint><key value="ele-1"/><severity value="error"/><human value="All FHIR elements must have a @value or children"/><expression value="children().count() &gt; id.count()"/><xpath value="@value|f:*|h:div"/><source value="Element"/></constraint><constraint><key value="ext-1"/><severity value="error"/><human value="Must have either extensions or value[x], not both"/><expression value="extension.exists() != value.exists()"/><xpath value="exists(f:extension)!=exists(f:*[starts-with(local-name(.), &#39;value&#39;)])"/><source value="Extension"/></constraint></element><element id="Extension:woundsize.id"><path value="Extension.id"/><representation value="xmlAttr"/><short value="xml:id (or equivalent in JSON)"/><definition value="unique id for the element within a resource (for internal references). This may be any string value that does not contain spaces."/><min value="0"/><max value="1"/><base><path value="Element.id"/><min value="0"/><max value="1"/></base><type><code value="string"/></type><mapping><identity value="rim"/><map value="N/A"/></mapping></element><element id="Extension:woundsize.extension"><path value="Extension.extension"/><slicing id="541"><discriminator><type value="value"/><path value="url"/></discriminator><ordered value="false"/><rules value="open"/></slicing><short value="Extension"/><definition value="An Extension"/><min value="0"/><max value="*"/><base><path value="Element.extension"/><min value="0"/><max value="*"/></base><type><code value="Extension"/></type></element><element id="Extension:woundsize.extension:area"><path value="Extension.extension"/><sliceName value="area"/><definition value="The extent of a 2-dimensional surface enclosed within a boundary."/><min value="0"/><max value="1"/><base><path value="Extension.extension"/><min value="0"/><max value="1"/></base><type><code value="Extension"/><profile value="http://standardhealthrecord.org/fhir/StructureDefinition/shr-core-Area-extension"/></type><isModifier value="false"/><mapping><identity value="rim"/><map value="N/A"/></mapping></element><element id="Extension:woundsize.extension:circumference"><path value="Extension.extension"/><sliceName value="circumference"/><definition value="The length of such a boundary line of a figure, area, or object."/><min value="0"/><max value="1"/><base><path value="Extension.extension"/><min value="0"/><max value="1"/></base><type><code value="Extension"/><profile value="http://standardhealthrecord.org/fhir/StructureDefinition/shr-core-Circumference-extension"/></type><isModifier value="false"/><mapping><identity value="rim"/><map value="N/A"/></mapping></element><element id="Extension:woundsize.extension:volume"><path value="Extension.extension"/><sliceName value="volume"/><definition value="The amount of three dimensional space occupied by an object or the capacity of a space or container."/><min value="0"/><max value="1"/><base><path value="Extension.extension"/><min value="0"/><max value="1"/></base><type><code value="Extension"/><profile value="http://standardhealthrecord.org/fhir/StructureDefinition/shr-core-Volume-extension"/></type><isModifier value="false"/><mapping><identity value="rim"/><map value="N/A"/></mapping></element><element id="Extension:woundsize.extension:width"><path value="Extension.extension"/><sliceName value="width"/><definition value="The measurement or extent of something from side to side."/><min value="1"/><max value="1"/><base><path value="Extension.extension"/><min value="0"/><max value="1"/></base><type><code value="Extension"/><profile value="http://standardhealthrecord.org/fhir/StructureDefinition/shr-core-Width-extension"/></type><isModifier value="false"/><mapping><identity value="rim"/><map value="N/A"/></mapping></element><element id="Extension:woundsize.extension:depth"><path value="Extension.extension"/><sliceName value="depth"/><definition value="The extent downward or inward; the perpendicular measurement from the surface downward to determine deepness."/><min value="1"/><max value="1"/><base><path value="Extension.extension"/><min value="0"/><max value="1"/></base><type><code value="Extension"/><profile value="http://standardhealthrecord.org/fhir/StructureDefinition/shr-core-Depth-extension"/></type><isModifier value="false"/><mapping><identity value="rim"/><map value="N/A"/></mapping></element><element id="Extension:woundsize.extension:length"><path value="Extension.extension"/><sliceName value="length"/><definition value="The measurement or linear extent of something from end to end; the greatest dimensions of a body."/><min value="1"/><max value="1"/><base><path value="Extension.extension"/><min value="0"/><max value="1"/></base><type><code value="Extension"/><profile value="http://standardhealthrecord.org/fhir/StructureDefinition/shr-core-Length-extension"/></type><isModifier value="false"/><mapping><identity value="rim"/><map value="N/A"/></mapping></element><element id="Extension:woundsize.url"><path value="Extension.url"/><representation value="xmlAttr"/><short value="identifies the meaning of the extension"/><definition value="Source of the definition for the extension code - a logical name or a URL."/><min value="1"/><max value="1"/><base><path value="Extension.url"/><min value="1"/><max value="1"/></base><type><code value="uri"/></type><fixedUri value="http://standardhealthrecord.org/fhir/StructureDefinition/shr-skin-WoundSize-extension"/><mapping><identity value="rim"/><map value="N/A"/></mapping></element><element id="Extension:woundsize.value[x]"><path value="Extension.value[x]"/><short value="Value of extension"/><definition value="Value of extension - may be a resource or one of a constrained set of the data types (see Extensibility in the spec for list)."/><min value="0"/><max value="0"/><base><path value="Extension.value[x]"/><min value="0"/><max value="1"/></base><type><code value="base64Binary"/></type><type><code value="boolean"/></type><type><code value="code"/></type><type><code value="date"/></type><type><code value="dateTime"/></type><type><code value="decimal"/></type><type><code value="id"/></type><type><code value="instant"/></type><type><code value="integer"/></type><type><code value="markdown"/></type><type><code value="oid"/></type><type><code value="positiveInt"/></type><type><code value="string"/></type><type><code value="time"/></type><type><code value="unsignedInt"/></type><type><code value="uri"/></type><type><code value="Address"/></type><type><code value="Age"/></type><type><code value="Annotation"/></type><type><code value="Attachment"/></type><type><code value="CodeableConcept"/></type><type><code value="Coding"/></type><type><code value="ContactPoint"/></type><type><code value="Count"/></type><type><code value="Distance"/></type><type><code value="Duration"/></type><type><code value="HumanName"/></type><type><code value="Identifier"/></type><type><code value="Money"/></type><type><code value="Period"/></type><type><code value="Quantity"/></type><type><code value="Range"/></type><type><code value="Ratio"/></type><type><code value="Reference"/></type><type><code value="SampledData"/></type><type><code value="Signature"/></type><type><code value="Timing"/></type><type><code value="Meta"/></type><mapping><identity value="rim"/><map value="N/A"/></mapping></element></snapshot><differential><element id="Extension:woundsize"><path value="Extension"/><short value="SHR WoundSize Extension"/><definition value="The estimated or measured dimensions of a wound."/><min value="0"/><max value="*"/></element><element id="Extension:woundsize.extension:area"><path value="Extension.extension"/><sliceName value="area"/><definition value="The extent of a 2-dimensional surface enclosed within a boundary."/><min value="0"/><max value="1"/><type><code value="Extension"/><profile value="http://standardhealthrecord.org/fhir/StructureDefinition/shr-core-Area-extension"/></type></element><element id="Extension:woundsize.extension:circumference"><path value="Extension.extension"/><sliceName value="circumference"/><definition value="The length of such a boundary line of a figure, area, or object."/><min value="0"/><max value="1"/><type><code value="Extension"/><profile value="http://standardhealthrecord.org/fhir/StructureDefinition/shr-core-Circumference-extension"/></type></element><element id="Extension:woundsize.extension:volume"><path value="Extension.extension"/><sliceName value="volume"/><definition value="The amount of three dimensional space occupied by an object or the capacity of a space or container."/><min value="0"/><max value="1"/><type><code value="Extension"/><profile value="http://standardhealthrecord.org/fhir/StructureDefinition/shr-core-Volume-extension"/></type></element><element id="Extension:woundsize.extension:width"><path value="Extension.extension"/><sliceName value="width"/><definition value="The measurement or extent of something from side to side."/><min value="1"/><max value="1"/><type><code value="Extension"/><profile value="http://standardhealthrecord.org/fhir/StructureDefinition/shr-core-Width-extension"/></type></element><element id="Extension:woundsize.extension:depth"><path value="Extension.extension"/><sliceName value="depth"/><definition value="The extent downward or inward; the perpendicular measurement from the surface downward to determine deepness."/><min value="1"/><max value="1"/><type><code value="Extension"/><profile value="http://standardhealthrecord.org/fhir/StructureDefinition/shr-core-Depth-extension"/></type></element><element id="Extension:woundsize.extension:length"><path value="Extension.extension"/><sliceName value="length"/><definition value="The measurement or linear extent of something from end to end; the greatest dimensions of a body."/><min value="1"/><max value="1"/><type><code value="Extension"/><profile value="http://standardhealthrecord.org/fhir/StructureDefinition/shr-core-Length-extension"/></type></element><element id="Extension:woundsize.url"><path value="Extension.url"/><type><code value="uri"/></type><fixedUri value="http://standardhealthrecord.org/fhir/StructureDefinition/shr-skin-WoundSize-extension"/></element><element id="Extension:woundsize.value[x]"><path value="Extension.value[x]"/><min value="0"/><max value="0"/></element></differential></StructureDefinition>