<?xml version="1.0" encoding="UTF-8"?><StructureDefinition xmlns="http://hl7.org/fhir"><id value="shr-core-HumanName"/><text><status value="generated"/><div xmlns="http://www.w3.org/1999/xhtml">
  <p><b>SHR HumanName Profile</b></p>
  <p>A name used by a human being, written as it would be typically expressed. May include a breakdown of the various elements of the name (family name, given name, etc.).</p>
  <p><b>SHR Mapping Summary</b></p>
  <p><pre>shr.core.HumanName maps to HumanName:
  string maps to text
  HumanNamePrefix maps to prefix
  GivenName maps to given
  FamilyName maps to family
  HumanNameSuffix maps to suffix
  HumanNameUse maps to use
  EffectiveTimePeriod maps to period
</pre></p>
</div></text><url value="http://standardhealthrecord.org/fhir/StructureDefinition/shr-core-HumanName"/><identifier><system value="http://standardhealthrecord.org"/><value value="shr.core.HumanName"/></identifier><version value="0.0.1"/><name value="SHR HumanName Profile"/><status value="draft"/><date value="2017-08-01T03:41:40.786Z"/><publisher value="The MITRE Corporation: Standard Health Record Collaborative"/><contact><telecom><system value="url"/><value value="http://www.standardhealthrecord.org"/></telecom></contact><description value="A name used by a human being, written as it would be typically expressed. May include a breakdown of the various elements of the name (family name, given name, etc.)."/><purpose value="Need to be able to record names, along with notes about their use."/><fhirVersion value="3.0.1"/><mapping><identity value="v2"/><uri value="http://hl7.org/v2"/><name value="HL7 v2 Mapping"/></mapping><mapping><identity value="rim"/><uri value="http://hl7.org/v3"/><name value="RIM Mapping"/></mapping><mapping><identity value="servd"/><uri value="http://www.omg.org/spec/ServD/1.0/"/><name value="ServD"/></mapping><kind value="complex-type"/><abstract value="false"/><type value="HumanName"/><baseDefinition value="http://hl7.org/fhir/StructureDefinition/HumanName"/><derivation value="constraint"/><snapshot><element id="HumanName:shr-core-HumanName"><path value="HumanName"/><short value="SHR HumanName Profile"/><definition value="A name used by a human being, written as it would be typically expressed. May include a breakdown of the various elements of the name (family name, given name, etc.)."/><comment value="Names may be changed, or repudiated, or people may have different names in different contexts. Names may be divided into parts of different type that have variable significance depending on context, though the division into parts does not always matter. With personal names, the different parts may or may not be imbued with some implicit meaning; various cultures associate different importance with the name parts and the degree to which systems must care about name parts around the world varies widely."/><min value="0"/><max value="*"/><condition value="ele-1"/><constraint><key value="ele-1"/><severity value="error"/><human value="All FHIR elements must have a @value or children"/><expression value="hasValue() | (children().count() &gt; id.count())"/><xpath value="@value|f:*|h:div"/><source value="Element"/></constraint><mapping><identity value="rim"/><map value="n/a"/></mapping><mapping><identity value="v2"/><map value="XPN"/></mapping><mapping><identity value="rim"/><map value="EN (actually, PN)"/></mapping><mapping><identity value="servd"/><map value="ProviderName"/></mapping></element><element id="HumanName:shr-core-HumanName.id"><path value="HumanName.id"/><representation value="xmlAttr"/><short value="xml:id (or equivalent in JSON)"/><definition value="unique id for the element within a resource (for internal references). This may be any string value that does not contain spaces."/><min value="0"/><max value="1"/><base><path value="Element.id"/><min value="0"/><max value="1"/></base><type><code value="string"/></type><mapping><identity value="rim"/><map value="n/a"/></mapping></element><element id="HumanName:shr-core-HumanName.extension"><path value="HumanName.extension"/><slicing><discriminator><type value="value"/><path value="url"/></discriminator><description value="Extensions are always sliced by (at least) url"/><rules value="open"/></slicing><short value="Additional Content defined by implementations"/><definition value="May be used to represent additional information that is not part of the basic definition of the element. In order to make the use of extensions safe and manageable, there is a strict set of governance  applied to the definition and use of extensions. Though any implementer is allowed to define an extension, there is a set of requirements that SHALL be met as part of the definition of the extension."/><comment value="There can be no stigma associated with the use of extensions by any application, project, or standard - regardless of the institution or jurisdiction that uses or defines the extensions.  The use of extensions is what allows the FHIR specification to retain a core level of simplicity for everyone."/><alias value="extensions"/><alias value="user content"/><min value="0"/><max value="*"/><base><path value="Element.extension"/><min value="0"/><max value="*"/></base><type><code value="Extension"/></type><mapping><identity value="rim"/><map value="n/a"/></mapping></element><element id="HumanName:shr-core-HumanName.use"><path value="HumanName.use"/><short value="usual | official | temp | nickname | anonymous | old | maiden"/><definition value="Identifies the purpose for this name."/><comment value="This is labeled as &quot;Is Modifier&quot; because applications should not mistake a temporary or old name etc.for a current/permanent one. Applications can assume that a name is current unless it explicitly says that it is temporary or old."/><requirements value="Allows the appropriate name for a particular context of use to be selected from among a set of names."/><min value="0"/><max value="1"/><type><code value="code"/></type><isModifier value="true"/><isSummary value="true"/><binding><extension url="http://hl7.org/fhir/StructureDefinition/elementdefinition-bindingName"><valueString value="NameUse"/></extension><strength value="required"/><description value="The use of a human name"/><valueSetReference><reference value="http://hl7.org/fhir/ValueSet/name-use"/></valueSetReference></binding><mapping><identity value="v2"/><map value="XPN.7, but often indicated by which field contains the name"/></mapping><mapping><identity value="rim"/><map value="unique(./use)"/></mapping><mapping><identity value="servd"/><map value="./NamePurpose"/></mapping></element><element id="HumanName:shr-core-HumanName.text"><path value="HumanName.text"/><short value="Text representation of the full name"/><definition value="A full text representation of the name."/><comment value="Can provide both a text representation and structured parts."/><requirements value="A renderable, unencoded form."/><min value="1"/><max value="1"/><type><code value="string"/></type><isSummary value="true"/><mapping><identity value="v2"/><map value="implied by XPN.11"/></mapping><mapping><identity value="rim"/><map value="./formatted"/></mapping></element><element id="HumanName:shr-core-HumanName.family"><path value="HumanName.family"/><short value="Family name (often called &#39;Surname&#39;)"/><definition value="The part of a name that links to the genealogy. In some cultures (e.g. Eritrea) the family name of a son is the first name of his father."/><comment value="Family Name may be decomposed into specific parts using extensions (de, nl, es related cultures)."/><alias value="surname"/><min value="0"/><max value="1"/><type><code value="string"/></type><isSummary value="true"/><mapping><identity value="v2"/><map value="XPN.1/FN.1"/></mapping><mapping><identity value="rim"/><map value="./part[partType = FAM]"/></mapping><mapping><identity value="servd"/><map value="./FamilyName"/></mapping></element><element id="HumanName:shr-core-HumanName.given"><path value="HumanName.given"/><short value="Given names (not always &#39;first&#39;). Includes middle names"/><definition value="Given name."/><comment value="If only initials are recorded, they may be used in place of the full name.  Not called &quot;first name&quot; since given names do not always come first."/><alias value="first name"/><alias value="middle name"/><min value="0"/><max value="*"/><type><code value="string"/></type><orderMeaning value="Given Names appear in the correct order for presenting the name"/><isSummary value="true"/><mapping><identity value="v2"/><map value="XPN.2 + XPN.3"/></mapping><mapping><identity value="rim"/><map value="./part[partType = GIV]"/></mapping><mapping><identity value="servd"/><map value="./GivenNames"/></mapping></element><element id="HumanName:shr-core-HumanName.prefix"><path value="HumanName.prefix"/><short value="Parts that come before the name"/><definition value="Part of the name that is acquired as a title due to academic, legal, employment or nobility status, etc. and that appears at the start of the name."/><min value="0"/><max value="1"/><type><code value="string"/></type><orderMeaning value="Prefixes appear in the correct order for presenting the name"/><isSummary value="true"/><mapping><identity value="v2"/><map value="XPN.5"/></mapping><mapping><identity value="rim"/><map value="./part[partType = PFX]"/></mapping><mapping><identity value="servd"/><map value="./TitleCode"/></mapping></element><element id="HumanName:shr-core-HumanName.suffix"><path value="HumanName.suffix"/><short value="Parts that come after the name"/><definition value="Part of the name that is acquired as a title due to academic, legal, employment or nobility status, etc. and that appears at the end of the name."/><min value="0"/><max value="*"/><type><code value="string"/></type><orderMeaning value="Suffixes appear in the correct order for presenting the name"/><isSummary value="true"/><mapping><identity value="v2"/><map value="XPN/4"/></mapping><mapping><identity value="rim"/><map value="./part[partType = SFX]"/></mapping></element><element id="HumanName:shr-core-HumanName.period"><path value="HumanName.period"/><short value="Time period when name was/is in use"/><definition value="Indicates the period of time when this name was valid for the named person."/><requirements value="Allows names to be placed in historical context."/><min value="0"/><max value="1"/><type><code value="Period"/><profile value="http://standardhealthrecord.org/fhir/StructureDefinition/shr-core-EffectiveTimePeriod"/></type><isSummary value="true"/><mapping><identity value="v2"/><map value="XPN.13 + XPN.14"/></mapping><mapping><identity value="rim"/><map value="./usablePeriod[type=&quot;IVL&lt;TS&gt;&quot;]"/></mapping><mapping><identity value="servd"/><map value="./StartDate and ./EndDate"/></mapping></element></snapshot><differential><element id="HumanName:shr-core-HumanName"><path value="HumanName"/><short value="SHR HumanName Profile"/><definition value="A name used by a human being, written as it would be typically expressed. May include a breakdown of the various elements of the name (family name, given name, etc.)."/></element><element id="HumanName:shr-core-HumanName.text"><path value="HumanName.text"/><min value="1"/><max value="1"/></element><element id="HumanName:shr-core-HumanName.prefix"><path value="HumanName.prefix"/><min value="0"/><max value="1"/></element><element id="HumanName:shr-core-HumanName.period"><path value="HumanName.period"/><type><code value="Period"/><profile value="http://standardhealthrecord.org/fhir/StructureDefinition/shr-core-EffectiveTimePeriod"/></type></element></differential></StructureDefinition>