<?xml version="1.0" encoding="UTF-8"?><StructureDefinition xmlns="http://hl7.org/fhir"><id value="shr-careplan-Goal"/><text><status value="generated"/><div xmlns="http://www.w3.org/1999/xhtml">
  <p><b>SHR Goal Profile</b></p>
  <p>A broad statement about what should be accomplished and the progress towards that goal. It represents the intended long-term outcome toward which an individual or a group aspires, and toward which, effort is directed, in the form of activities.</p>
  <p><b>SHR Mapping Summary</b></p>
  <p><pre>shr.careplan.Goal maps to Goal:
  Entry.FocalSubject maps to subject
  Entry.Informant maps to expressedBy
  SpecificType maps to description
  Status maps to status
  Category maps to category
  Reason.Condition maps to addresses
  OccurrenceTime.date maps to start[x].date
  OccurrenceTime.TimePeriod.TimePeriodStart.date maps to start[x].date
  RequestedPerformanceTime.TimePeriod.TimePeriodEnd.date maps to target.due[x].date
  ResultAchieved.CodeableConcept maps to outcomeCode
  Annotation maps to note
</pre></p>
</div></text><url value="http://standardhealthrecord.org/fhir/StructureDefinition/shr-careplan-Goal"/><identifier><system value="http://standardhealthrecord.org"/><value value="shr.careplan.Goal"/></identifier><version value="0.0.1"/><name value="SHR Goal Profile"/><status value="draft"/><date value="2017-08-01T02:00:09.804Z"/><publisher value="The MITRE Corporation: Standard Health Record Collaborative"/><contact><telecom><system value="url"/><value value="http://www.standardhealthrecord.org"/></telecom></contact><description value="A broad statement about what should be accomplished and the progress towards that goal. It represents the intended long-term outcome toward which an individual or a group aspires, and toward which, effort is directed, in the form of activities."/><fhirVersion value="3.0.1"/><mapping><identity value="v2"/><uri value="http://hl7.org/v2"/><name value="HL7 v2 Mapping"/></mapping><mapping><identity value="rim"/><uri value="http://hl7.org/v3"/><name value="RIM Mapping"/></mapping><mapping><identity value="w5"/><uri value="http://hl7.org/fhir/w5"/><name value="W5 Mapping"/></mapping><kind value="resource"/><abstract value="false"/><type value="Goal"/><baseDefinition value="http://hl7.org/fhir/StructureDefinition/Goal"/><derivation value="constraint"/><snapshot><element id="Goal:shr-careplan-Goal"><path value="Goal"/><short value="SHR Goal Profile"/><definition value="A broad statement about what should be accomplished and the progress towards that goal. It represents the intended long-term outcome toward which an individual or a group aspires, and toward which, effort is directed, in the form of activities."/><comment value="Goal can be achieving a particular change or merely maintaining a current state or even slowing a decline."/><min value="0"/><max value="*"/><constraint><key value="dom-2"/><severity value="error"/><human value="If the resource is contained in another resource, it SHALL NOT contain nested Resources"/><expression value="contained.contained.empty()"/><xpath value="not(parent::f:contained and f:contained)"/><source value="DomainResource"/></constraint><constraint><key value="dom-1"/><severity value="error"/><human value="If the resource is contained in another resource, it SHALL NOT contain any narrative"/><expression value="contained.text.empty()"/><xpath value="not(parent::f:contained and f:text)"/><source value="DomainResource"/></constraint><constraint><key value="dom-4"/><severity value="error"/><human value="If a resource is contained in another resource, it SHALL NOT have a meta.versionId or a meta.lastUpdated"/><expression value="contained.meta.versionId.empty() and contained.meta.lastUpdated.empty()"/><xpath value="not(exists(f:contained/*/f:meta/f:versionId)) and not(exists(f:contained/*/f:meta/f:lastUpdated))"/><source value="DomainResource"/></constraint><constraint><key value="dom-3"/><severity value="error"/><human value="If the resource is contained in another resource, it SHALL be referred to from elsewhere in the resource"/><expression value="contained.where((&#39;#&#39;+id in %resource.descendants().reference).not()).empty()"/><xpath value="not(exists(for $id in f:contained/*/@id return $id[not(ancestor::f:contained/parent::*/descendant::f:reference/@value=concat(&#39;#&#39;, $id))]))"/><source value="DomainResource"/></constraint><mapping><identity value="rim"/><map value="Entity. Role, or Act"/></mapping><mapping><identity value="v2"/><map value="GOL.1"/></mapping><mapping><identity value="rim"/><map value=".outboundRelationship[typeCode&lt;=OBJ]."/></mapping><mapping><identity value="w5"/><map value="clinical.careprovision"/></mapping></element><element id="Goal:shr-careplan-Goal.id"><path value="Goal.id"/><short value="Logical id of this artifact"/><definition value="The logical id of the resource, as used in the URL for the resource. Once assigned, this value never changes."/><comment value="The only time that a resource does not have an id is when it is being submitted to the server using a create operation."/><min value="0"/><max value="1"/><base><path value="Resource.id"/><min value="0"/><max value="1"/></base><type><code value="id"/></type><isSummary value="true"/></element><element id="Goal:shr-careplan-Goal.meta"><path value="Goal.meta"/><short value="Metadata about the resource"/><definition value="The metadata about the resource. This is content that is maintained by the infrastructure. Changes to the content may not always be associated with version changes to the resource."/><min value="0"/><max value="1"/><base><path value="Resource.meta"/><min value="0"/><max value="1"/></base><type><code value="Meta"/></type><isSummary value="true"/></element><element id="Goal:shr-careplan-Goal.implicitRules"><path value="Goal.implicitRules"/><short value="A set of rules under which this content was created"/><definition value="A reference to a set of rules that were followed when the resource was constructed, and which must be understood when processing the content."/><comment value="Asserting this rule set restricts the content to be only understood by a limited set of trading partners. This inherently limits the usefulness of the data in the long term. However, the existing health eco-system is highly fractured, and not yet ready to define, collect, and exchange data in a generally computable sense. Wherever possible, implementers and/or specification writers should avoid using this element. &#xA;&#xA;This element is labelled as a modifier because the implicit rules may provide additional knowledge about the resource that modifies it&#39;s meaning or interpretation."/><min value="0"/><max value="1"/><base><path value="Resource.implicitRules"/><min value="0"/><max value="1"/></base><type><code value="uri"/></type><isModifier value="true"/><isSummary value="true"/></element><element id="Goal:shr-careplan-Goal.language"><path value="Goal.language"/><short value="Language of the resource content"/><definition value="The base language in which the resource is written."/><comment value="Language is provided to support indexing and accessibility (typically, services such as text to speech use the language tag). The html language tag in the narrative applies  to the narrative. The language tag on the resource may be used to specify the language of other presentations generated from the data in the resource  Not all the content has to be in the base language. The Resource.language should not be assumed to apply to the narrative automatically. If a language is specified, it should it also be specified on the div element in the html (see rules in HTML5 for information about the relationship between xml:lang and the html lang attribute)."/><min value="0"/><max value="1"/><base><path value="Resource.language"/><min value="0"/><max value="1"/></base><type><code value="code"/></type><binding><extension url="http://hl7.org/fhir/StructureDefinition/elementdefinition-maxValueSet"><valueReference><reference value="http://hl7.org/fhir/ValueSet/all-languages"/></valueReference></extension><extension url="http://hl7.org/fhir/StructureDefinition/elementdefinition-bindingName"><valueString value="Language"/></extension><extension url="http://hl7.org/fhir/StructureDefinition/elementdefinition-isCommonBinding"><valueBoolean value="true"/></extension><strength value="extensible"/><description value="A human language."/><valueSetReference><reference value="http://hl7.org/fhir/ValueSet/languages"/></valueSetReference></binding></element><element id="Goal:shr-careplan-Goal.text"><path value="Goal.text"/><short value="Text summary of the resource, for human interpretation"/><definition value="A human-readable narrative that contains a summary of the resource, and may be used to represent the content of the resource to a human. The narrative need not encode all the structured data, but is required to contain sufficient detail to make it &quot;clinically safe&quot; for a human to just read the narrative. Resource definitions may define what content should be represented in the narrative to ensure clinical safety."/><comment value="Contained resources do not have narrative. Resources that are not contained SHOULD have a narrative. In some cases, a resource may only have text with little or no additional discrete data (as long as all minOccurs=1 elements are satisfied).  This may be necessary for data from legacy systems where information is captured as a &quot;text blob&quot; or where text is additionally entered raw or narrated and encoded in formation is added later."/><alias value="narrative"/><alias value="html"/><alias value="xhtml"/><alias value="display"/><min value="0"/><max value="1"/><base><path value="DomainResource.text"/><min value="0"/><max value="1"/></base><type><code value="Narrative"/></type><condition value="dom-1"/><mapping><identity value="rim"/><map value="Act.text?"/></mapping></element><element id="Goal:shr-careplan-Goal.contained"><path value="Goal.contained"/><short value="Contained, inline Resources"/><definition value="These resources do not have an independent existence apart from the resource that contains them - they cannot be identified independently, and nor can they have their own independent transaction scope."/><comment value="This should never be done when the content can be identified properly, as once identification is lost, it is extremely difficult (and context dependent) to restore it again."/><alias value="inline resources"/><alias value="anonymous resources"/><alias value="contained resources"/><min value="0"/><max value="*"/><base><path value="DomainResource.contained"/><min value="0"/><max value="*"/></base><type><code value="Resource"/></type><mapping><identity value="rim"/><map value="N/A"/></mapping></element><element id="Goal:shr-careplan-Goal.extension"><path value="Goal.extension"/><slicing id="239"><discriminator><type value="value"/><path value="url"/></discriminator><ordered value="false"/><rules value="open"/></slicing><short value="Additional Content defined by implementations"/><definition value="May be used to represent additional information that is not part of the basic definition of the resource. In order to make the use of extensions safe and manageable, there is a strict set of governance  applied to the definition and use of extensions. Though any implementer is allowed to define an extension, there is a set of requirements that SHALL be met as part of the definition of the extension."/><comment value="There can be no stigma associated with the use of extensions by any application, project, or standard - regardless of the institution or jurisdiction that uses or defines the extensions.  The use of extensions is what allows the FHIR specification to retain a core level of simplicity for everyone."/><alias value="extensions"/><alias value="user content"/><min value="0"/><max value="*"/><base><path value="DomainResource.extension"/><min value="0"/><max value="*"/></base><type><code value="Extension"/></type><mapping><identity value="rim"/><map value="N/A"/></mapping></element><element id="Goal:shr-careplan-Goal.extension:participant"><path value="Goal.extension"/><sliceName value="participant"/><definition value="A statement about an actor who did (or did not) participate in a certain task or activity. Unlike a HealthcareInvolvement which continues over period of time, the participant is associated with doing or not doing a specific task, such admitting a patient, performing a procedure, or taking a measurement."/><comment value="There can be no stigma associated with the use of extensions by any application, project, or standard - regardless of the institution or jurisdiction that uses or defines the extensions.  The use of extensions is what allows the FHIR specification to retain a core level of simplicity for everyone."/><alias value="extensions"/><alias value="user content"/><min value="0"/><max value="*"/><base><path value="DomainResource.extension"/><min value="0"/><max value="*"/></base><type><code value="Extension"/><profile value="http://standardhealthrecord.org/fhir/StructureDefinition/shr-actor-Participant-extension"/></type><mustSupport value="false"/><isModifier value="false"/><isSummary value="false"/><mapping><identity value="rim"/><map value="N/A"/></mapping></element><element id="Goal:shr-careplan-Goal.extension:title"><path value="Goal.extension"/><sliceName value="title"/><definition value="A distinguishing word or group of words naming an item."/><comment value="There can be no stigma associated with the use of extensions by any application, project, or standard - regardless of the institution or jurisdiction that uses or defines the extensions.  The use of extensions is what allows the FHIR specification to retain a core level of simplicity for everyone."/><alias value="extensions"/><alias value="user content"/><min value="0"/><max value="1"/><base><path value="DomainResource.extension"/><min value="0"/><max value="*"/></base><type><code value="Extension"/><profile value="http://standardhealthrecord.org/fhir/StructureDefinition/shr-core-Title-extension"/></type><mustSupport value="false"/><isModifier value="false"/><isSummary value="false"/><mapping><identity value="rim"/><map value="N/A"/></mapping></element><element id="Goal:shr-careplan-Goal.extension:objective"><path value="Goal.extension"/><sliceName value="objective"/><definition value="Describes the  of an expected or desired achievement that is well-defined, specific, measurable, and derived from one or more goals. There are similarities with Observation, since an objective can sometimes be interpreted as a yet-to-be-made, future observation with a certain target result. "/><comment value="There can be no stigma associated with the use of extensions by any application, project, or standard - regardless of the institution or jurisdiction that uses or defines the extensions.  The use of extensions is what allows the FHIR specification to retain a core level of simplicity for everyone."/><alias value="extensions"/><alias value="user content"/><min value="0"/><max value="*"/><base><path value="DomainResource.extension"/><min value="0"/><max value="*"/></base><type><code value="Extension"/><profile value="http://standardhealthrecord.org/fhir/StructureDefinition/shr-careplan-Objective-extension"/></type><mustSupport value="false"/><isModifier value="false"/><isSummary value="false"/><mapping><identity value="rim"/><map value="N/A"/></mapping></element><element id="Goal:shr-careplan-Goal.modifierExtension"><path value="Goal.modifierExtension"/><slicing id="240"><discriminator><type value="value"/><path value="url"/></discriminator><ordered value="false"/><rules value="open"/></slicing><short value="Extensions that cannot be ignored"/><definition value="May be used to represent additional information that is not part of the basic definition of the resource, and that modifies the understanding of the element that contains it. Usually modifier elements provide negation or qualification. In order to make the use of extensions safe and manageable, there is a strict set of governance applied to the definition and use of extensions. Though any implementer is allowed to define an extension, there is a set of requirements that SHALL be met as part of the definition of the extension. Applications processing a resource are required to check for modifier extensions."/><comment value="There can be no stigma associated with the use of extensions by any application, project, or standard - regardless of the institution or jurisdiction that uses or defines the extensions.  The use of extensions is what allows the FHIR specification to retain a core level of simplicity for everyone."/><alias value="extensions"/><alias value="user content"/><min value="0"/><max value="*"/><base><path value="DomainResource.modifierExtension"/><min value="0"/><max value="*"/></base><type><code value="Extension"/></type><isModifier value="true"/><mapping><identity value="rim"/><map value="N/A"/></mapping></element><element id="Goal:shr-careplan-Goal.modifierExtension:nonoccurrencemodifier"><path value="Goal.modifierExtension"/><sliceName value="nonoccurrencemodifier"/><definition value="When true, indicates either that the event or action documented in the entry did not occur. For example, if immunization is not given, the NonOccurrenceModifier=true will indicate this.&#xA;When applied to a recommendation, the modifier indicates the action mentioned in the topic should not take place. For example, a request to NOT elevate the head of a bed using the code for elevating the bed, and setting ProhibitedModifier to true. Other examples include do not ambulate, do not flush NG tube, do not take blood pressure on a certain arm, etc. If the SpecificType contains negation and ProhibitedModifier is true, that will reinforce the prohibition, and should not be interpreted as a double negative that equals a positive."/><comment value="There can be no stigma associated with the use of extensions by any application, project, or standard - regardless of the institution or jurisdiction that uses or defines the extensions.  The use of extensions is what allows the FHIR specification to retain a core level of simplicity for everyone."/><alias value="extensions"/><alias value="user content"/><min value="0"/><max value="1"/><base><path value="DomainResource.modifierExtension"/><min value="0"/><max value="*"/></base><type><code value="Extension"/><profile value="http://standardhealthrecord.org/fhir/StructureDefinition/shr-base-NonOccurrenceModifier-extension"/></type><mustSupport value="true"/><isModifier value="true"/><isSummary value="false"/><mapping><identity value="rim"/><map value="N/A"/></mapping></element><element id="Goal:shr-careplan-Goal.identifier"><path value="Goal.identifier"/><short value="External Ids for this goal"/><definition value="This records identifiers associated with this care plan that are defined by business processes and/or used to refer to it when a direct URL reference to the resource itself is not appropriate (e.g. in CDA documents, or in written / printed documentation)."/><requirements value="Need to allow connection to a wider workflow."/><min value="0"/><max value="*"/><type><code value="Identifier"/></type><mapping><identity value="rim"/><map value=".id"/></mapping><mapping><identity value="w5"/><map value="id"/></mapping></element><element id="Goal:shr-careplan-Goal.status"><path value="Goal.status"/><short value="proposed | accepted | planned | in-progress | on-target | ahead-of-target | behind-target | sustaining | achieved | on-hold | cancelled | entered-in-error | rejected"/><definition value="Indicates whether the goal has been reached and is still considered relevant."/><comment value="This element is labeled as a modifier because the status contains codes that mark the resource as not currently valid."/><requirements value="Allows measuring outcome and whether goal needs to be further tracked."/><min value="1"/><max value="1"/><type><code value="code"/></type><isModifier value="true"/><isSummary value="true"/><binding><extension url="http://hl7.org/fhir/StructureDefinition/elementdefinition-bindingName"><valueString value="GoalStatus"/></extension><strength value="required"/><description value="Indicates whether the goal has been met and is still being targeted"/><valueSetReference><reference value="http://hl7.org/fhir/ValueSet/goal-status"/></valueSetReference></binding><mapping><identity value="v2"/><map value="GOL-18-goal life cycle status"/></mapping><mapping><identity value="rim"/><map value=".statusCode in-progress = active (classCode = OBJ) achieved = complete sustaining = active (classCode=OBJC) cancelled = aborted"/></mapping><mapping><identity value="w5"/><map value="status"/></mapping></element><element id="Goal:shr-careplan-Goal.category"><path value="Goal.category"/><short value="E.g. Treatment, dietary, behavioral, etc."/><definition value="Indicates a category the goal falls within."/><requirements value="Allows goals to be filtered and sorted."/><min value="0"/><max value="*"/><type><code value="CodeableConcept"/><profile value="http://standardhealthrecord.org/fhir/StructureDefinition/shr-core-CodeableConcept"/></type><isSummary value="true"/><binding><extension url="http://hl7.org/fhir/StructureDefinition/elementdefinition-bindingName"><valueString value="GoalCategory"/></extension><strength value="extensible"/><description value="Codes for grouping and sorting goals"/><valueSetReference><reference value="http://hl7.org/fhir/ValueSet/goal-category"/></valueSetReference></binding><mapping><identity value="w5"/><map value="class"/></mapping></element><element id="Goal:shr-careplan-Goal.priority"><path value="Goal.priority"/><short value="high-priority | medium-priority | low-priority"/><definition value="Identifies the mutually agreed level of importance associated with reaching/sustaining the goal."/><comment value="Extensions are available to track priorities as established by each participant (i.e. Priority from the patient&#39;s perspective, different practitioners&#39; perspectives, family member&#39;s perspectives)&#xD;&#xD;The ordinal extension on Coding can be used to convey a numerically comparable ranking to priority.  (Keep in mind that different coding systems may use a &quot;low value=important&quot;."/><requirements value="Used for sorting and presenting goals."/><min value="0"/><max value="1"/><type><code value="CodeableConcept"/></type><isSummary value="true"/><binding><extension url="http://hl7.org/fhir/StructureDefinition/elementdefinition-bindingName"><valueString value="GoalPriority"/></extension><strength value="preferred"/><description value="The level of importance associated with a goal"/><valueSetReference><reference value="http://hl7.org/fhir/ValueSet/goal-priority"/></valueSetReference></binding><mapping><identity value="rim"/><map value=".priorityCode"/></mapping><mapping><identity value="w5"/><map value="grade"/></mapping></element><element id="Goal:shr-careplan-Goal.description"><path value="Goal.description"/><short value="Code or text describing goal"/><definition value="Human-readable and/or coded description of a specific desired objective of care, such as &quot;control blood pressure&quot; or &quot;negotiate an obstacle course&quot; or &quot;dance with child at wedding&quot;."/><comment value="If no code is available, use CodeableConcept.text."/><requirements value="Without a description of what&#39;s trying to be achieved, element has no purpose."/><min value="1"/><max value="1"/><type><code value="CodeableConcept"/><profile value="http://standardhealthrecord.org/fhir/StructureDefinition/shr-core-CodeableConcept"/></type><isSummary value="true"/><binding><strength value="preferred"/><valueSetReference><reference value="http://standardhealthrecord.org/shr/core/vs/SpecificTypeVS"/></valueSetReference></binding><mapping><identity value="v2"/><map value="GOL-3.2-goal ID.text"/></mapping><mapping><identity value="rim"/><map value=".text"/></mapping><mapping><identity value="w5"/><map value="what"/></mapping></element><element id="Goal:shr-careplan-Goal.subject"><path value="Goal.subject"/><short value="Who this goal is intended for"/><definition value="Identifies the patient, group or organization for whom the goal is being established."/><requirements value="Subject is optional to support annonymized reporting."/><min value="1"/><max value="1"/><type><code value="Reference"/><targetProfile value="http://standardhealthrecord.org/fhir/StructureDefinition/shr-demographics-PersonOfRecord"/></type><isSummary value="true"/><mapping><identity value="v2"/><map value="PID-3-patient ID list"/></mapping><mapping><identity value="rim"/><map value=".participation[typeCode=PAT].role[classCode=PAT]"/></mapping><mapping><identity value="w5"/><map value="who.focus"/></mapping></element><element id="Goal:shr-careplan-Goal.start[x]"><path value="Goal.start[x]"/><short value="When goal pursuit begins"/><definition value="The date or event after which the goal should begin being pursued."/><requirements value="Goals can be established prior to there being an intention to start pursuing them; e.g. Goals for post-surgical recovery established prior to surgery."/><min value="0"/><max value="1"/><type><code value="date"/></type><isSummary value="true"/><binding><extension url="http://hl7.org/fhir/StructureDefinition/elementdefinition-bindingName"><valueString value="GoalStartEvent"/></extension><strength value="example"/><description value="Codes describing events that can trigger the initiation of a goal"/><valueSetReference><reference value="http://hl7.org/fhir/ValueSet/goal-start-event"/></valueSetReference></binding><mapping><identity value="w5"/><map value="when.planned"/></mapping></element><element id="Goal:shr-careplan-Goal.target"><path value="Goal.target"/><short value="Target outcome for the goal"/><definition value="Indicates what should be done by when."/><requirements value="Allows the progress of the goal to be monitored against an observation or due date."/><min value="0"/><max value="1"/><type><code value="BackboneElement"/></type><condition value="gol-1"/><constraint><key value="ele-1"/><severity value="error"/><human value="All FHIR elements must have a @value or children"/><expression value="hasValue() | (children().count() &gt; id.count())"/><xpath value="@value|f:*|h:div"/><source value="Element"/></constraint><constraint><key value="gol-1"/><severity value="error"/><human value="Goal.target.measure is required if Goal.target.detail is populated"/><expression value="(detail.exists() and measure.exists()) or detail.exists().not()"/><xpath value="(exists(f:*[starts-with(local-name(.), &#39;detail&#39;)]) and exists(f:measure)) or not(exists(f:*[starts-with(local-name(.), &#39;detail&#39;)]))"/></constraint></element><element id="Goal:shr-careplan-Goal.target.id"><path value="Goal.target.id"/><representation value="xmlAttr"/><short value="xml:id (or equivalent in JSON)"/><definition value="unique id for the element within a resource (for internal references). This may be any string value that does not contain spaces."/><min value="0"/><max value="1"/><base><path value="Element.id"/><min value="0"/><max value="1"/></base><type><code value="string"/></type><mapping><identity value="rim"/><map value="n/a"/></mapping></element><element id="Goal:shr-careplan-Goal.target.extension"><path value="Goal.target.extension"/><short value="Additional Content defined by implementations"/><definition value="May be used to represent additional information that is not part of the basic definition of the element. In order to make the use of extensions safe and manageable, there is a strict set of governance  applied to the definition and use of extensions. Though any implementer is allowed to define an extension, there is a set of requirements that SHALL be met as part of the definition of the extension."/><comment value="There can be no stigma associated with the use of extensions by any application, project, or standard - regardless of the institution or jurisdiction that uses or defines the extensions.  The use of extensions is what allows the FHIR specification to retain a core level of simplicity for everyone."/><alias value="extensions"/><alias value="user content"/><min value="0"/><max value="*"/><base><path value="Element.extension"/><min value="0"/><max value="*"/></base><type><code value="Extension"/></type><mapping><identity value="rim"/><map value="n/a"/></mapping></element><element id="Goal:shr-careplan-Goal.target.modifierExtension"><path value="Goal.target.modifierExtension"/><short value="Extensions that cannot be ignored"/><definition value="May be used to represent additional information that is not part of the basic definition of the element, and that modifies the understanding of the element that contains it. Usually modifier elements provide negation or qualification. In order to make the use of extensions safe and manageable, there is a strict set of governance applied to the definition and use of extensions. Though any implementer is allowed to define an extension, there is a set of requirements that SHALL be met as part of the definition of the extension. Applications processing a resource are required to check for modifier extensions."/><comment value="There can be no stigma associated with the use of extensions by any application, project, or standard - regardless of the institution or jurisdiction that uses or defines the extensions.  The use of extensions is what allows the FHIR specification to retain a core level of simplicity for everyone."/><alias value="extensions"/><alias value="user content"/><alias value="modifiers"/><min value="0"/><max value="*"/><base><path value="BackboneElement.modifierExtension"/><min value="0"/><max value="*"/></base><type><code value="Extension"/></type><isModifier value="true"/><isSummary value="true"/><mapping><identity value="rim"/><map value="N/A"/></mapping></element><element id="Goal:shr-careplan-Goal.target.measure"><path value="Goal.target.measure"/><short value="The parameter whose value is being tracked"/><definition value="The parameter whose value is being tracked, e.g. body weight, blood pressure, or hemoglobin A1c level."/><min value="0"/><max value="1"/><type><code value="CodeableConcept"/></type><condition value="gol-1"/><isSummary value="true"/><binding><extension url="http://hl7.org/fhir/StructureDefinition/elementdefinition-bindingName"><valueString value="GoalTargetMeasure"/></extension><strength value="example"/><description value="Codes to identify the value being tracked, e.g. body weight, blood pressure, or hemoglobin A1c level."/><valueSetReference><reference value="http://hl7.org/fhir/ValueSet/observation-codes"/></valueSetReference></binding></element><element id="Goal:shr-careplan-Goal.target.detail[x]"><path value="Goal.target.detail[x]"/><short value="The target value to be achieved"/><definition value="The target value of the focus to be achieved to signify the fulfillment of the goal, e.g. 150 pounds, 7.0%. Either the high or low or both values of the range can be specified. When a low value is missing, it indicates that the goal is achieved at any focus value at or below the high value. Similarly, if the high value is missing, it indicates that the goal is achieved at any focus value at or above the low value."/><min value="0"/><max value="1"/><type><code value="Quantity"/></type><type><code value="Range"/></type><type><code value="CodeableConcept"/></type><condition value="gol-1"/><isSummary value="true"/><binding><extension url="http://hl7.org/fhir/StructureDefinition/elementdefinition-bindingName"><valueString value="GoalTargetDetail"/></extension><strength value="example"/><description value="Codes to identify the target value of the focus to be achieved to signify the fulfillment of the goal."/></binding></element><element id="Goal:shr-careplan-Goal.target.due[x]"><path value="Goal.target.due[x]"/><short value="Reach goal on or before"/><definition value="Indicates either the date or the duration after start by which the goal should be met."/><requirements value="Identifies when the goal should be evaluated."/><min value="0"/><max value="1"/><type><code value="date"/></type><isSummary value="true"/><mapping><identity value="w5"/><map value="when.done"/></mapping></element><element id="Goal:shr-careplan-Goal.statusDate"><path value="Goal.statusDate"/><short value="When goal status took effect"/><definition value="Identifies when the current status.  I.e. When initially created, when achieved, when cancelled, etc."/><comment value="To see the date for past statuses, query history."/><min value="0"/><max value="1"/><type><code value="date"/></type><isSummary value="true"/><mapping><identity value="w5"/><map value="when.recorded"/></mapping></element><element id="Goal:shr-careplan-Goal.statusReason"><path value="Goal.statusReason"/><short value="Reason for current status"/><definition value="Captures the reason for the current status."/><comment value="This will typically be captured for statuses such as rejected, on-hold or cancelled, but could be present for others."/><min value="0"/><max value="1"/><type><code value="string"/></type></element><element id="Goal:shr-careplan-Goal.expressedBy"><path value="Goal.expressedBy"/><short value="Who&#39;s responsible for creating Goal?"/><definition value="Indicates whose goal this is - patient goal, practitioner goal, etc."/><comment value="This is the individual reponsible for establishing the goal, not necessarily who recorded it.  (For that, use the Provenance resource.)."/><min value="0"/><max value="1"/><type><code value="Reference"/><targetProfile value="http://standardhealthrecord.org/fhir/StructureDefinition/shr-demographics-PersonOfRecord"/></type><type><code value="Reference"/><targetProfile value="http://standardhealthrecord.org/fhir/StructureDefinition/shr-actor-Practitioner"/></type><type><code value="Reference"/><targetProfile value="http://standardhealthrecord.org/fhir/StructureDefinition/shr-actor-RelatedPerson"/></type><isSummary value="true"/><mapping><identity value="w5"/><map value="who.source"/></mapping></element><element id="Goal:shr-careplan-Goal.addresses"><path value="Goal.addresses"/><short value="Issues addressed by this goal"/><definition value="The identified conditions and other health record elements that are intended to be addressed by the goal."/><requirements value="Allows specific goals to explicitly linked to the concerns they&#39;re dealing with - makes the goal more understandable."/><min value="0"/><max value="*"/><type><code value="Reference"/><targetProfile value="http://standardhealthrecord.org/fhir/StructureDefinition/shr-condition-Condition"/></type><mapping><identity value="rim"/><map value=".outboundRelationship[typeCode=SUBJ].target[classCode=CONC]"/></mapping><mapping><identity value="w5"/><map value="why"/></mapping></element><element id="Goal:shr-careplan-Goal.note"><path value="Goal.note"/><short value="Comments about the goal"/><definition value="Any comments related to the goal."/><comment value="May be used for progress notes, concerns or other related information that doesn&#39;t actually describe the goal itself."/><requirements value="There&#39;s a need to capture information about the goal that doesn&#39;t actually describe the goal."/><min value="0"/><max value="*"/><type><code value="Annotation"/><profile value="http://standardhealthrecord.org/fhir/StructureDefinition/shr-core-Annotation"/></type><mapping><identity value="v2"/><map value="GOL-16-goal evaluation + NTE?"/></mapping><mapping><identity value="rim"/><map value=".inboundRelationship[typeCode=SUBJ].source[classCode=OBS, moodCode=EVN, code=&quot;annotation&quot;].value"/></mapping></element><element id="Goal:shr-careplan-Goal.outcomeCode"><path value="Goal.outcomeCode"/><short value="What result was achieved regarding the goal?"/><definition value="Identifies the change (or lack of change) at the point when the status of the goal is assessed."/><comment value="Note that this should not duplicate the goal status."/><requirements value="Outcome tracking is a key aspect of care planning."/><min value="0"/><max value="1"/><type><code value="CodeableConcept"/><profile value="http://standardhealthrecord.org/fhir/StructureDefinition/shr-core-CodeableConcept"/></type><binding><extension url="http://hl7.org/fhir/StructureDefinition/elementdefinition-bindingName"><valueString value="GoalOutcome"/></extension><strength value="example"/><description value="The result of the goal; e.g. &quot;25% increase in shoulder mobility&quot;, &quot;Anxiety reduced to moderate levels&quot;.  &quot;15 kg weight loss sustained over 6 months&quot;"/><valueSetReference><reference value="http://hl7.org/fhir/ValueSet/clinical-findings"/></valueSetReference></binding></element><element id="Goal:shr-careplan-Goal.outcomeReference"><path value="Goal.outcomeReference"/><short value="Observation that resulted from goal"/><definition value="Details of what&#39;s changed (or not changed)."/><comment value="The goal outcome is independent of the outcome of the related activities.  For example, if the Goal is to achieve a target body weight of 150 lb and a care plan activity is defined to diet, then the care plan&#x2019;s activity outcome could be calories consumed whereas goal outcome is an observation for the actual body weight measured."/><requirements value="Outcome tracking is a key aspect of care planning."/><min value="0"/><max value="*"/><type><code value="Reference"/><targetProfile value="http://hl7.org/fhir/StructureDefinition/Observation"/></type></element></snapshot><differential><element id="Goal:shr-careplan-Goal"><path value="Goal"/><short value="SHR Goal Profile"/><definition value="A broad statement about what should be accomplished and the progress towards that goal. It represents the intended long-term outcome toward which an individual or a group aspires, and toward which, effort is directed, in the form of activities."/></element><element id="Goal:shr-careplan-Goal.extension:participant"><path value="Goal.extension"/><sliceName value="participant"/><min value="0"/><max value="*"/><type><code value="Extension"/><profile value="http://standardhealthrecord.org/fhir/StructureDefinition/shr-actor-Participant-extension"/></type><mustSupport value="false"/><isModifier value="false"/><isSummary value="false"/></element><element id="Goal:shr-careplan-Goal.extension:title"><path value="Goal.extension"/><sliceName value="title"/><min value="0"/><max value="1"/><type><code value="Extension"/><profile value="http://standardhealthrecord.org/fhir/StructureDefinition/shr-core-Title-extension"/></type><mustSupport value="false"/><isModifier value="false"/><isSummary value="false"/></element><element id="Goal:shr-careplan-Goal.extension:objective"><path value="Goal.extension"/><sliceName value="objective"/><min value="0"/><max value="*"/><type><code value="Extension"/><profile value="http://standardhealthrecord.org/fhir/StructureDefinition/shr-careplan-Objective-extension"/></type><mustSupport value="false"/><isModifier value="false"/><isSummary value="false"/></element><element id="Goal:shr-careplan-Goal.modifierExtension:nonoccurrencemodifier"><path value="Goal.modifierExtension"/><sliceName value="nonoccurrencemodifier"/><min value="0"/><max value="1"/><type><code value="Extension"/><profile value="http://standardhealthrecord.org/fhir/StructureDefinition/shr-base-NonOccurrenceModifier-extension"/></type><mustSupport value="true"/><isModifier value="true"/><isSummary value="false"/></element><element id="Goal:shr-careplan-Goal.category"><path value="Goal.category"/><type><code value="CodeableConcept"/><profile value="http://standardhealthrecord.org/fhir/StructureDefinition/shr-core-CodeableConcept"/></type><binding><extension url="http://hl7.org/fhir/StructureDefinition/elementdefinition-bindingName"><valueString value="GoalCategory"/></extension><strength value="extensible"/><description value="Codes for grouping and sorting goals"/><valueSetReference><reference value="http://hl7.org/fhir/ValueSet/goal-category"/></valueSetReference></binding></element><element id="Goal:shr-careplan-Goal.description"><path value="Goal.description"/><type><code value="CodeableConcept"/><profile value="http://standardhealthrecord.org/fhir/StructureDefinition/shr-core-CodeableConcept"/></type><binding><strength value="preferred"/><valueSetReference><reference value="http://standardhealthrecord.org/shr/core/vs/SpecificTypeVS"/></valueSetReference></binding></element><element id="Goal:shr-careplan-Goal.subject"><path value="Goal.subject"/><min value="1"/><max value="1"/><type><code value="Reference"/><targetProfile value="http://standardhealthrecord.org/fhir/StructureDefinition/shr-demographics-PersonOfRecord"/></type></element><element id="Goal:shr-careplan-Goal.start[x]"><path value="Goal.start[x]"/><type><code value="date"/></type></element><element id="Goal:shr-careplan-Goal.target"><path value="Goal.target"/></element><element id="Goal:shr-careplan-Goal.target.due[x]"><path value="Goal.target.due[x]"/><type><code value="date"/></type></element><element id="Goal:shr-careplan-Goal.expressedBy"><path value="Goal.expressedBy"/><type><code value="Reference"/><targetProfile value="http://standardhealthrecord.org/fhir/StructureDefinition/shr-demographics-PersonOfRecord"/></type><type><code value="Reference"/><targetProfile value="http://standardhealthrecord.org/fhir/StructureDefinition/shr-actor-Practitioner"/></type><type><code value="Reference"/><targetProfile value="http://standardhealthrecord.org/fhir/StructureDefinition/shr-actor-RelatedPerson"/></type></element><element id="Goal:shr-careplan-Goal.addresses"><path value="Goal.addresses"/><type><code value="Reference"/><targetProfile value="http://standardhealthrecord.org/fhir/StructureDefinition/shr-condition-Condition"/></type></element><element id="Goal:shr-careplan-Goal.note"><path value="Goal.note"/><type><code value="Annotation"/><profile value="http://standardhealthrecord.org/fhir/StructureDefinition/shr-core-Annotation"/></type></element><element id="Goal:shr-careplan-Goal.outcomeCode"><path value="Goal.outcomeCode"/><min value="0"/><max value="1"/><type><code value="CodeableConcept"/><profile value="http://standardhealthrecord.org/fhir/StructureDefinition/shr-core-CodeableConcept"/></type></element></differential></StructureDefinition>