<?xml version="1.0" encoding="UTF-8"?><ValueSet xmlns="http://hl7.org/fhir"><id value="shr-oncology-TumorMarginDescriptionVS"/><meta><profile value="http://hl7.org/fhir/StructureDefinition/valueset-shareable-definition"/></meta><text><status value="generated"/><div xmlns="http://www.w3.org/1999/xhtml">
<p><b>SHR TumorMarginDescriptionVS ValueSet</b></p>
<p/>
</div></text><url value="http://standardhealthrecord.org/shr/oncology/vs/TumorMarginDescriptionVS"/><identifier><system value="http://standardhealthrecord.org"/><value value="shr.oncology.TumorMarginDescriptionVS"/></identifier><version value="0.0.1"/><name value="SHR TumorMarginDescriptionVS ValueSet"/><title value="SHR TumorMarginDescriptionVS ValueSet"/><status value="draft"/><date value="2017-08-01T03:41:40.612Z"/><publisher value="The MITRE Corporation: Standard Health Record Collaborative"/><contact><telecom><system value="url"/><value value="http://www.standardhealthrecord.org"/></telecom></contact><compose><include><system value="http://snomed.info/sct"/><concept><code value="129738007"/><display value="Lesion with circumscribed margin"/></concept><concept><code value="129741003"/><display value="Lesion with indistinct margin"/></concept><concept><code value="129739004"/><display value="Lesion with microlobulated margin"/></concept><concept><code value="129740002"/><display value="Lesion with obscured margin"/></concept><concept><code value="129742005"/><display value="Lesion with spiculated margin"/></concept></include></compose></ValueSet>