<?xml version="1.0" encoding="UTF-8"?><ValueSet xmlns="http://hl7.org/fhir"><id value="shr-lab-TestInterpretationVS"/><meta><profile value="http://hl7.org/fhir/StructureDefinition/valueset-shareable-definition"/></meta><text><status value="generated"/><div xmlns="http://www.w3.org/1999/xhtml">
<p><b>SHR TestInterpretationVS ValueSet</b></p>
<p/>
</div></text><url value="http://standardhealthrecord.org/shr/lab/vs/TestInterpretationVS"/><identifier><system value="http://standardhealthrecord.org"/><value value="shr.lab.TestInterpretationVS"/></identifier><version value="0.0.1"/><name value="SHR TestInterpretationVS ValueSet"/><title value="SHR TestInterpretationVS ValueSet"/><status value="draft"/><date value="2017-07-31T23:48:31.543Z"/><publisher value="The MITRE Corporation: Standard Health Record Collaborative"/><contact><telecom><system value="url"/><value value="http://www.standardhealthrecord.org"/></telecom></contact><compose><include><system value="http://ncimeta.nci.nih.gov"/><concept><code value="C0205307"/><display value="Normal"/></concept><concept><code value="C0205161"/><display value="Abnormal"/></concept><concept><code value="C1548135"/><display value="Very abnormal"/></concept><concept><code value="C0442811"/><display value="Very low"/></concept><concept><code value="C1611820"/><display value="Low"/></concept><concept><code value="C0205250"/><display value="High"/></concept><concept><code value="C0442804"/><display value="Very high"/></concept></include></compose></ValueSet>