<?xml version="1.0" encoding="UTF-8"?><ValueSet xmlns="http://hl7.org/fhir"><id value="shr-behavior-PhysicalActivityLimitationVS"/><meta><profile value="http://hl7.org/fhir/StructureDefinition/valueset-shareable-definition"/></meta><text><status value="generated"/><div xmlns="http://www.w3.org/1999/xhtml">
<p><b>SHR PhysicalActivityLimitationVS ValueSet</b></p>
<p/>
</div></text><url value="http://standardhealthrecord.org/shr/behavior/vs/PhysicalActivityLimitationVS"/><identifier><system value="http://standardhealthrecord.org"/><value value="shr.behavior.PhysicalActivityLimitationVS"/></identifier><version value="0.0.1"/><name value="SHR PhysicalActivityLimitationVS ValueSet"/><title value="SHR PhysicalActivityLimitationVS ValueSet"/><status value="draft"/><date value="2017-08-01T01:59:59.886Z"/><publisher value="The MITRE Corporation: Standard Health Record Collaborative"/><contact><telecom><system value="url"/><value value="http://www.standardhealthrecord.org"/></telecom></contact><compose><include><system value="http://standardhealthrecord.org/shr/behavior/cs/PhysicalActivityLimitationCS"/><concept><code value="conditions"/><display value="Medical Problems or Conditions"/></concept><concept><code value="disability"/><display value="Disability"/></concept><concept><code value="frail"/><display value="Frailty"/></concept><concept><code value="pain"/><display value="Pain or injury"/></concept><concept><code value="unaffordable"/><display value="Too expensive"/></concept><concept><code value="no_time"/><display value="Not enough time"/></concept><concept><code value="lack_knowledge"/><display value="Not sure how"/></concept><concept><code value="unmotivated"/><display value="Low motivation"/></concept><concept><code value="no_partner"/><display value="Does not have partner"/></concept><concept><code value="no_place"/><display value="No place to exercise"/></concept><concept><code value="worried"/><display value="Worried about starting exercise program"/></concept><concept><code value="embarrassed"/><display value="Too self-conscious"/></concept></include></compose></ValueSet>