<?xml version="1.0" encoding="UTF-8"?><ValueSet xmlns="http://hl7.org/fhir"><id value="shr-oncology-TubuleFormationScoreVS"/><meta><profile value="http://hl7.org/fhir/StructureDefinition/valueset-shareable-definition"/></meta><text><status value="generated"/><div xmlns="http://www.w3.org/1999/xhtml">
<p><b>SHR TubuleFormationScoreVS ValueSet</b></p>
<p/>
</div></text><url value="http://standardhealthrecord.org/shr/oncology/vs/TubuleFormationScoreVS"/><identifier><system value="http://standardhealthrecord.org"/><value value="shr.oncology.TubuleFormationScoreVS"/></identifier><version value="0.0.1"/><name value="SHR TubuleFormationScoreVS ValueSet"/><title value="SHR TubuleFormationScoreVS ValueSet"/><status value="draft"/><date value="2017-08-01T01:59:59.891Z"/><publisher value="The MITRE Corporation: Standard Health Record Collaborative"/><contact><telecom><system value="url"/><value value="http://www.standardhealthrecord.org"/></telecom></contact><compose><include><system value="http://snomed.info/sct"/><concept><code value="369778004"/><display value="Breast tubule formation: Majority of tumor &gt;75% (score = 1)"/></concept><concept><code value="369779007"/><display value="Breast tubule formation: Moderate 10% to 75% (score = 2)"/></concept><concept><code value="369780005"/><display value="Breast tubule formation: Minimal &lt;10% (score = 3)"/></concept></include></compose></ValueSet>