<?xml version="1.0" encoding="UTF-8"?><ValueSet xmlns="http://hl7.org/fhir"><id value="shr-vital-BloodPressureBodySiteVS"/><meta><profile value="http://hl7.org/fhir/StructureDefinition/valueset-shareable-definition"/></meta><text><status value="generated"/><div xmlns="http://www.w3.org/1999/xhtml">
<p><b>SHR BloodPressureBodySiteVS ValueSet</b></p>
<p/>
</div></text><url value="http://standardhealthrecord.org/shr/vital/vs/BloodPressureBodySiteVS"/><identifier><system value="http://standardhealthrecord.org"/><value value="shr.vital.BloodPressureBodySiteVS"/></identifier><version value="0.0.1"/><name value="SHR BloodPressureBodySiteVS ValueSet"/><title value="SHR BloodPressureBodySiteVS ValueSet"/><status value="draft"/><date value="2017-08-01T03:41:40.614Z"/><publisher value="The MITRE Corporation: Standard Health Record Collaborative"/><contact><telecom><system value="url"/><value value="http://www.standardhealthrecord.org"/></telecom></contact><compose><include><system value="http://ncimeta.nci.nih.gov"/><concept><code value="C0446516"/><display value="Arm"/></concept><concept><code value="C1140621"/><display value="Leg"/></concept></include></compose></ValueSet>