<?xml version="1.0" encoding="UTF-8"?><ValueSet xmlns="http://hl7.org/fhir"><id value="shr-allergy-AllergenIrritantVS"/><meta><profile value="http://hl7.org/fhir/StructureDefinition/valueset-shareable-definition"/></meta><text><status value="generated"/><div xmlns="http://www.w3.org/1999/xhtml">
<p><b>SHR AllergenIrritantVS ValueSet</b></p>
<p/>
</div></text><url value="http://standardhealthrecord.org/shr/allergy/vs/AllergenIrritantVS"/><identifier><system value="http://standardhealthrecord.org"/><value value="shr.allergy.AllergenIrritantVS"/></identifier><version value="0.0.1"/><name value="SHR AllergenIrritantVS ValueSet"/><title value="SHR AllergenIrritantVS ValueSet"/><status value="draft"/><date value="2017-07-31T16:44:15.692Z"/><publisher value="The MITRE Corporation: Standard Health Record Collaborative"/><contact><telecom><system value="url"/><value value="http://www.standardhealthrecord.org"/></telecom></contact><compose><include><system value="http://snomed.info/sct"/><filter><property value="concept"/><op value="is-a"/><value value="105590001"/></filter></include></compose></ValueSet>