<?xml version="1.0" encoding="UTF-8"?><ValueSet xmlns="http://hl7.org/fhir"><id value="shr-demographics-TelecomQualifierVS"/><meta><profile value="http://hl7.org/fhir/StructureDefinition/valueset-shareable-definition"/></meta><text><status value="generated"/><div xmlns="http://www.w3.org/1999/xhtml">
<p><b>SHR TelecomQualifierVS ValueSet</b></p>
<p/>
</div></text><url value="http://standardhealthrecord.org/shr/demographics/vs/TelecomQualifierVS"/><identifier><system value="http://standardhealthrecord.org"/><value value="shr.demographics.TelecomQualifierVS"/></identifier><version value="0.0.1"/><name value="SHR TelecomQualifierVS ValueSet"/><title value="SHR TelecomQualifierVS ValueSet"/><status value="draft"/><date value="2017-08-01T03:41:40.609Z"/><publisher value="The MITRE Corporation: Standard Health Record Collaborative"/><contact><telecom><system value="url"/><value value="http://www.standardhealthrecord.org"/></telecom></contact><compose><include><system value="http://standardhealthrecord.org/shr/demographics/cs/TelecomQualifierCS"/><concept><code value="primary"/><display value="Primary (preferred) method of contact"/></concept><concept><code value="secondary"/><display value="Secondary method of contact"/></concept><concept><code value="prefer_call"/><display value="Prefer voice calls"/></concept><concept><code value="prefer_text"/><display value="Prefer texting"/></concept><concept><code value="personal"/><display value="Personal (home) use"/></concept><concept><code value="work"/><display value="Work use"/></concept><concept><code value="no_message"/><display value="Do not leave messages at this phone number"/></concept><concept><code value="alert"/><display value="Use this contact method for reminders, alerts, and notifications"/></concept><concept><code value="telecare"/><display value="Use for telecare encounters"/></concept><concept><code value="shared"/><display value="A shared telecom address, e.g., facility telephone or family email"/></concept><concept><code value="direct"/><display value="An encrypted DIRECT email address"/></concept><concept><code value="portal"/><display value="Portal-based secure messaging address"/></concept></include></compose></ValueSet>