<?xml version="1.0" encoding="UTF-8"?><ValueSet xmlns="http://hl7.org/fhir"><id value="shr-condition-ConditionVS"/><meta><profile value="http://hl7.org/fhir/StructureDefinition/valueset-shareable-definition"/></meta><text><status value="generated"/><div xmlns="http://www.w3.org/1999/xhtml">
<p><b>SHR ConditionVS ValueSet</b></p>
<p/>
</div></text><url value="http://standardhealthrecord.org/shr/condition/vs/ConditionVS"/><identifier><system value="http://standardhealthrecord.org"/><value value="shr.condition.ConditionVS"/></identifier><version value="0.0.1"/><name value="SHR ConditionVS ValueSet"/><title value="SHR ConditionVS ValueSet"/><status value="draft"/><date value="2017-07-31T23:48:31.540Z"/><publisher value="The MITRE Corporation: Standard Health Record Collaborative"/><contact><telecom><system value="url"/><value value="http://www.standardhealthrecord.org"/></telecom></contact><compose><include><system value="http://snomed.info/sct"/><filter><property value="concept"/><op value="is-a"/><value value="64572001"/></filter></include></compose></ValueSet>