<?xml version="1.0" encoding="UTF-8"?><ValueSet xmlns="http://hl7.org/fhir"><id value="shr-behavior-ReligiousPracticeStatusVS"/><meta><profile value="http://hl7.org/fhir/StructureDefinition/valueset-shareable-definition"/></meta><text><status value="generated"/><div xmlns="http://www.w3.org/1999/xhtml">
<p><b>SHR ReligiousPracticeStatusVS ValueSet</b></p>
<p/>
</div></text><url value="http://standardhealthrecord.org/shr/behavior/vs/ReligiousPracticeStatusVS"/><identifier><system value="http://standardhealthrecord.org"/><value value="shr.behavior.ReligiousPracticeStatusVS"/></identifier><version value="0.0.1"/><name value="SHR ReligiousPracticeStatusVS ValueSet"/><title value="SHR ReligiousPracticeStatusVS ValueSet"/><status value="draft"/><date value="2017-08-01T01:59:59.886Z"/><publisher value="The MITRE Corporation: Standard Health Record Collaborative"/><contact><telecom><system value="url"/><value value="http://www.standardhealthrecord.org"/></telecom></contact><compose><include><system value="http://standardhealthrecord.org/shr/behavior/cs/ReligiousPracticeStatusCS"/><concept><code value="practicing"/><display value="Active or observant, currently practicing the tenants of the religion"/></concept><concept><code value="occasional"/><display value="Occasionally practicing, for example, on special holidays or occasions"/></concept><concept><code value="non_practicing"/><display value="Not currently practicing"/></concept></include></compose></ValueSet>