<?xml version="1.0" encoding="UTF-8"?><ValueSet xmlns="http://hl7.org/fhir"><id value="shr-skin-SupportSurfaceBodyPositionVS"/><meta><profile value="http://hl7.org/fhir/StructureDefinition/valueset-shareable-definition"/></meta><text><status value="generated"/><div xmlns="http://www.w3.org/1999/xhtml">
<p><b>SHR SupportSurfaceBodyPositionVS ValueSet</b></p>
<p/>
</div></text><url value="http://standardhealthrecord.org/shr/skin/vs/SupportSurfaceBodyPositionVS"/><identifier><system value="http://standardhealthrecord.org"/><value value="shr.skin.SupportSurfaceBodyPositionVS"/></identifier><version value="0.0.1"/><name value="SHR SupportSurfaceBodyPositionVS ValueSet"/><title value="SHR SupportSurfaceBodyPositionVS ValueSet"/><status value="draft"/><date value="2017-08-01T03:41:40.612Z"/><publisher value="The MITRE Corporation: Standard Health Record Collaborative"/><contact><telecom><system value="url"/><value value="http://www.standardhealthrecord.org"/></telecom></contact><compose><include><system value="http://standardhealthrecord.org/shr/skin/cs/SupportSurfaceBodyPositionCS"/><concept><code value="sitting"/><display value="Sitting"/></concept><concept><code value="lying"/><display value="Lying"/></concept></include></compose></ValueSet>