<?xml version="1.0" encoding="UTF-8"?><ValueSet xmlns="http://hl7.org/fhir"><id value="shr-actor-LanguageQualifierVS"/><meta><profile value="http://hl7.org/fhir/StructureDefinition/valueset-shareable-definition"/></meta><text><status value="generated"/><div xmlns="http://www.w3.org/1999/xhtml">
<p><b>SHR LanguageQualifierVS ValueSet</b></p>
<p/>
</div></text><url value="http://standardhealthrecord.org/shr/actor/vs/LanguageQualifierVS"/><identifier><system value="http://standardhealthrecord.org"/><value value="shr.actor.LanguageQualifierVS"/></identifier><version value="0.0.1"/><name value="SHR LanguageQualifierVS ValueSet"/><title value="SHR LanguageQualifierVS ValueSet"/><status value="draft"/><date value="2017-07-31T23:48:31.539Z"/><publisher value="The MITRE Corporation: Standard Health Record Collaborative"/><contact><telecom><system value="url"/><value value="http://www.standardhealthrecord.org"/></telecom></contact><compose><include><system value="http://standardhealthrecord.org/shr/actor/cs/LanguageQualifierCS"/><concept><code value="preferred_spoken"/><display value="Preferred language"/></concept><concept><code value="secondary_spoken"/><display value="Secondary language"/></concept><concept><code value="apraxia"/><display value="Difficulty speaking due to motor disorder"/></concept><concept><code value="aphasia"/><display value="Difficulty in speaking, listening, reading, and writing"/></concept><concept><code value="signs"/><display value="Uses sign language"/></concept><concept><code value="braille"/><display value="Reads using braille"/></concept><concept><code value="lipreads"/><display value="Uses lipreading (speechreading)"/></concept><concept><code value="aac"/><display value="Uses augmentative and alternative communication"/></concept></include></compose></ValueSet>