<?xml version="1.0" encoding="UTF-8"?><ValueSet xmlns="http://hl7.org/fhir"><id value="shr-environment-NonCashBenefitVS"/><meta><profile value="http://hl7.org/fhir/StructureDefinition/valueset-shareable-definition"/></meta><text><status value="generated"/><div xmlns="http://www.w3.org/1999/xhtml">
<p><b>SHR NonCashBenefitVS ValueSet</b></p>
<p/>
</div></text><url value="http://standardhealthrecord.org/shr/environment/vs/NonCashBenefitVS"/><identifier><system value="http://standardhealthrecord.org"/><value value="shr.environment.NonCashBenefitVS"/></identifier><version value="0.0.1"/><name value="SHR NonCashBenefitVS ValueSet"/><title value="SHR NonCashBenefitVS ValueSet"/><status value="draft"/><date value="2017-07-31T23:48:31.543Z"/><publisher value="The MITRE Corporation: Standard Health Record Collaborative"/><contact><telecom><system value="url"/><value value="http://www.standardhealthrecord.org"/></telecom></contact><compose><include><system value="http://standardhealthrecord.org/shr/environment/cs/NonCashBenefitCS"/><concept><code value="snap"/><display value="Supplemental Nutrition Assistance Program (SNAP) (Previously known as Food Stamps)"/></concept><concept><code value="medicaid"/><display value="MEDICAID health insurance program or local equivalent"/></concept><concept><code value="schip"/><display value="State Children&#x2019;s Health Insurance Program or local equivalent"/></concept><concept><code value="wic"/><display value="Special Supplemental Nutrition Program for Women, Infants, and Children (WIC)"/></concept><concept><code value="vams"/><display value="Veteran&#x2019;s Administration (VA) Medical Services"/></concept><concept><code value="tanf"/><display value="Temporary Assistance for Needy Families (TANF) or similar local program"/></concept><concept><code value="tanf_transport"/><display value="Temporary Assistance for Needy Families (TANF) transportation services"/></concept><concept><code value="tanf_other"/><display value="Temporary Assistance for Needy Families (TANF) other services"/></concept><concept><code value="section8"/><display value="Section 8, public housing, or other ongoing rental assistance"/></concept><concept><code value="temp_rental"/><display value="Temporary Rental Assistance"/></concept></include></compose></ValueSet>