<?xml version="1.0" encoding="UTF-8"?><ValueSet xmlns="http://hl7.org/fhir"><id value="shr-oncology-SubjectiveProgressionVS"/><meta><profile value="http://hl7.org/fhir/StructureDefinition/valueset-shareable-definition"/></meta><text><status value="generated"/><div xmlns="http://www.w3.org/1999/xhtml">
<p><b>SHR SubjectiveProgressionVS ValueSet</b></p>
<p/>
</div></text><url value="http://standardhealthrecord.org/shr/oncology/vs/SubjectiveProgressionVS"/><identifier><system value="http://standardhealthrecord.org"/><value value="shr.oncology.SubjectiveProgressionVS"/></identifier><version value="0.0.1"/><name value="SHR SubjectiveProgressionVS ValueSet"/><title value="SHR SubjectiveProgressionVS ValueSet"/><status value="draft"/><date value="2017-08-01T03:41:40.612Z"/><publisher value="The MITRE Corporation: Standard Health Record Collaborative"/><contact><telecom><system value="url"/><value value="http://www.standardhealthrecord.org"/></telecom></contact><compose><include><system value="http://ncimeta.nci.nih.gov"/><concept><code value="C0677874"/><display value="Complete response or remission; no measurable or observable evidence of cancer."/></concept><concept><code value="C0015250"/><display value="Complete resection/excision of cancerous tumor"/></concept><concept><code value="C1272745"/><display value="Improving, responding to treatment"/></concept><concept><code value="C0205360"/><display value="Stable, neither improving nor worsening"/></concept><concept><code value="C1546960"/><display value="Worsening, disease progressing"/></concept><concept><code value="C3858734"/><display value="Insufficient evidence"/></concept></include></compose></ValueSet>