<?xml version="1.0" encoding="UTF-8"?>

<CodeSystem xmlns="http://hl7.org/fhir">
  <id value="shr-encounter-EncounterTypeCS"/>
  <meta>
    <profile value="http://hl7.org/fhir/StructureDefinition/codesystem-shareable-definition"/>
  </meta>
  <text>
    <status value="generated"/><div xmlns="http://www.w3.org/1999/xhtml">
<p><b>SHR EncounterTypeCS CodeSystem</b></p>
<p/>
</div>
  </text>
  <url value="http://standardhealthrecord.org/shr/encounter/cs/EncounterTypeCS"/>
  <identifier>
    <system value="http://standardhealthrecord.org"/>
    <value value="shr.encounter.EncounterTypeCS"/>
  </identifier>
  <version value="0.0.1"/>
  <name value="SHR EncounterTypeCS CodeSystem"/>
  <title value="SHR EncounterTypeCS CodeSystem"/>
  <status value="draft"/>
  <date value="2017-08-01T01:59:59.883Z"/>
  <publisher value="The MITRE Corporation: Standard Health Record Collaborative"/>
  <contact>
    <telecom>
      <system value="url"/>
      <value value="http://www.standardhealthrecord.org"/>
    </telecom>
  </contact>
  <caseSensitive value="true"/>
  <content value="complete"/>
  <count value="6"/>
  <concept>
    <code value="inpatient"/>
    <display value="In-facility or hospital setting encounter"/>
    <definition value="In-facility or hospital setting encounter"/>
  </concept>
  <concept>
    <code value="ambulatory"/>
    <display value="Ambulatory encounter in office or facility setting"/>
    <definition value="Ambulatory encounter in office or facility setting"/>
  </concept>
  <concept>
    <code value="home_visit"/>
    <display value="Encounter in patient&#39;s home or location of residence"/>
    <definition value="Encounter in patient&#39;s home or location of residence"/>
  </concept>
  <concept>
    <code value="tele_video"/>
    <display value="Non-face to face contact via synchronous audio and video connection"/>
    <definition value="Non-face to face contact via synchronous audio and video connection"/>
  </concept>
  <concept>
    <code value="tele_audio"/>
    <display value="Non-face to face contact via telephone or audio-only connection"/>
    <definition value="Non-face to face contact via telephone or audio-only connection"/>
  </concept>
  <concept>
    <code value="tele_asynch"/>
    <display value="Non-face to face contact via text messaging or similar non-simultaneous mode"/>
    <definition value="Non-face to face contact via text messaging or similar non-simultaneous mode"/>
  </concept>
</CodeSystem>