<?xml version="1.0" encoding="UTF-8"?>

<StructureDefinition xmlns="http://hl7.org/fhir">
  <id value="shr-oncology-PrimaryTumorSite"/>
  <text>
    <status value="generated"/><div xmlns="http://www.w3.org/1999/xhtml">
  <p><b>SHR PrimaryTumorSite Profile</b></p>
  <p>The location of the primary tumor.</p>
  <p><b>SHR Mapping Summary</b></p>
  <p><pre>shr.oncology.PrimaryTumorSite maps to BodySite:
  CodeableConcept maps to code
  Laterality maps to qualifier (slice on = coding.code)
  Directionality maps to qualifier
  PortionTotality maps to qualifier
  Description maps to description
</pre></p>
</div>
  </text>
  <url value="http://standardhealthrecord.org/fhir/StructureDefinition/shr-oncology-PrimaryTumorSite"/>
  <identifier>
    <system value="http://standardhealthrecord.org"/>
    <value value="shr.oncology.PrimaryTumorSite"/>
  </identifier>
  <version value="0.0.1"/>
  <name value="SHR PrimaryTumorSite Profile"/>
  <status value="draft"/>
  <date value="2017-08-01T02:25:31.429Z"/>
  <publisher value="The MITRE Corporation: Standard Health Record Collaborative"/>
  <contact>
    <telecom>
      <system value="url"/>
      <value value="http://www.standardhealthrecord.org"/>
    </telecom>
  </contact>
  <description value="The location of the primary tumor."/>
  <fhirVersion value="3.0.1"/>
  <mapping>
    <identity value="rim"/>
    <uri value="http://hl7.org/v3"/>
    <name value="RIM Mapping"/>
  </mapping>
  <mapping>
    <identity value="openehr"/>
    <uri value="http://openehr.org"/>
    <name value="Open EHR Archetype Mapping"/>
  </mapping>
  <mapping>
    <identity value="w5"/>
    <uri value="http://hl7.org/fhir/w5"/>
    <name value="W5 Mapping"/>
  </mapping>
  <mapping>
    <identity value="v2"/>
    <uri value="http://hl7.org/v2"/>
    <name value="HL7 v2 Mapping"/>
  </mapping>
  <kind value="resource"/>
  <abstract value="false"/>
  <type value="BodySite"/>
  <baseDefinition value="http://hl7.org/fhir/StructureDefinition/BodySite"/>
  <derivation value="constraint"/>
  <snapshot>
    <element id="BodySite:shr-oncology-PrimaryTumorSite">
      <path value="BodySite"/>
      <short value="SHR PrimaryTumorSite Profile"/>
      <definition value="The location of the primary tumor."/>
      <alias value="anatomical location"/>
      <min value="0"/>
      <max value="*"/>
      <constraint>
        <key value="dom-2"/>
        <severity value="error"/>
        <human value="If the resource is contained in another resource, it SHALL NOT contain nested Resources"/>
        <expression value="contained.contained.empty()"/>
        <xpath value="not(parent::f:contained and f:contained)"/>
        <source value="DomainResource"/>
      </constraint>
      <constraint>
        <key value="dom-1"/>
        <severity value="error"/>
        <human value="If the resource is contained in another resource, it SHALL NOT contain any narrative"/>
        <expression value="contained.text.empty()"/>
        <xpath value="not(parent::f:contained and f:text)"/>
        <source value="DomainResource"/>
      </constraint>
      <constraint>
        <key value="dom-4"/>
        <severity value="error"/>
        <human value="If a resource is contained in another resource, it SHALL NOT have a meta.versionId or a meta.lastUpdated"/>
        <expression value="contained.meta.versionId.empty() and contained.meta.lastUpdated.empty()"/>
        <xpath value="not(exists(f:contained/*/f:meta/f:versionId)) and not(exists(f:contained/*/f:meta/f:lastUpdated))"/>
        <source value="DomainResource"/>
      </constraint>
      <constraint>
        <key value="dom-3"/>
        <severity value="error"/>
        <human value="If the resource is contained in another resource, it SHALL be referred to from elsewhere in the resource"/>
        <expression value="contained.where((&#39;#&#39;+id in %resource.descendants().reference).not()).empty()"/>
        <xpath value="not(exists(for $id in f:contained/*/@id return $id[not(ancestor::f:contained/parent::*/descendant::f:reference/@value=concat(&#39;#&#39;, $id))]))"/>
        <source value="DomainResource"/>
      </constraint>
      <mapping>
        <identity value="rim"/>
        <map value="Entity. Role, or Act"/>
      </mapping>
      <mapping>
        <identity value="rim"/>
        <map value="ActSIte"/>
      </mapping>
      <mapping>
        <identity value="openehr"/>
        <map value="Archetype ID   openEHR-EHR-CLUSTER.anatomical_location.v1      Concept name   Anatomical Location      Concept description   Record details about an anatomical location.      Keywords   location, site, anatomical      Copyright   &#xA9; openEHR Foundation      Purpose   To record details about anatomical location.      Misuse   Not for specifiying unilateral/bilateral occurrence - this is related to an evaluation which perhaps includes multiple locations.      Author   Author name: Heather Leslie Organization: Ocean Informatics Email: heather.leslie@oceaninformatics.com Date of Origination: 2008-11-10       Translator   Norwegian Bokm&#xE5;l: Lars Bitsch-Larsen, Haukeland University Hospital of Bergen, Norway, MD, DEAA, MBA, spec in anesthesia, spec in tropical medicine. Arabic (Syria): Mona Saleh       Other contributors   Heather Leslie, Ocean Informatics, Australia (Editor) Ian McNicoll, freshEHR Clinical Informatics, United Kingdom (Editor) Dunmail Hodkinson, Black Pear Software Ltd, UK      References   Use cases: - 5LICS, midclavicular line - L forearm, 2cm anterior to the cubital fossa - Right iliac fossa - 5 cm below L tibial tuberosity - 2 cm medial to R nipple - 4 cm below R costal margin in midclavicular line - R femur - midline nose - medial aspect of R great toe nail."/>
      </mapping>
      <mapping>
        <identity value="w5"/>
        <map value="clinical.diagnostics"/>
      </mapping>
    </element>
    <element id="BodySite:shr-oncology-PrimaryTumorSite.id">
      <path value="BodySite.id"/>
      <short value="Logical id of this artifact"/>
      <definition value="The logical id of the resource, as used in the URL for the resource. Once assigned, this value never changes."/>
      <comment value="The only time that a resource does not have an id is when it is being submitted to the server using a create operation."/>
      <min value="0"/>
      <max value="1"/>
      <base>
        <path value="Resource.id"/>
        <min value="0"/>
        <max value="1"/>
      </base>
      <type>
        <code value="id"/>
      </type>
      <isSummary value="true"/>
    </element>
    <element id="BodySite:shr-oncology-PrimaryTumorSite.meta">
      <path value="BodySite.meta"/>
      <short value="Metadata about the resource"/>
      <definition value="The metadata about the resource. This is content that is maintained by the infrastructure. Changes to the content may not always be associated with version changes to the resource."/>
      <min value="0"/>
      <max value="1"/>
      <base>
        <path value="Resource.meta"/>
        <min value="0"/>
        <max value="1"/>
      </base>
      <type>
        <code value="Meta"/>
      </type>
      <isSummary value="true"/>
    </element>
    <element id="BodySite:shr-oncology-PrimaryTumorSite.implicitRules">
      <path value="BodySite.implicitRules"/>
      <short value="A set of rules under which this content was created"/>
      <definition value="A reference to a set of rules that were followed when the resource was constructed, and which must be understood when processing the content."/>
      <comment value="Asserting this rule set restricts the content to be only understood by a limited set of trading partners. This inherently limits the usefulness of the data in the long term. However, the existing health eco-system is highly fractured, and not yet ready to define, collect, and exchange data in a generally computable sense. Wherever possible, implementers and/or specification writers should avoid using this element. &#xA;&#xA;This element is labelled as a modifier because the implicit rules may provide additional knowledge about the resource that modifies it&#39;s meaning or interpretation."/>
      <min value="0"/>
      <max value="1"/>
      <base>
        <path value="Resource.implicitRules"/>
        <min value="0"/>
        <max value="1"/>
      </base>
      <type>
        <code value="uri"/>
      </type>
      <isModifier value="true"/>
      <isSummary value="true"/>
    </element>
    <element id="BodySite:shr-oncology-PrimaryTumorSite.language">
      <path value="BodySite.language"/>
      <short value="Language of the resource content"/>
      <definition value="The base language in which the resource is written."/>
      <comment value="Language is provided to support indexing and accessibility (typically, services such as text to speech use the language tag). The html language tag in the narrative applies  to the narrative. The language tag on the resource may be used to specify the language of other presentations generated from the data in the resource  Not all the content has to be in the base language. The Resource.language should not be assumed to apply to the narrative automatically. If a language is specified, it should it also be specified on the div element in the html (see rules in HTML5 for information about the relationship between xml:lang and the html lang attribute)."/>
      <min value="0"/>
      <max value="1"/>
      <base>
        <path value="Resource.language"/>
        <min value="0"/>
        <max value="1"/>
      </base>
      <type>
        <code value="code"/>
      </type>
      <binding>
        <extension url="http://hl7.org/fhir/StructureDefinition/elementdefinition-maxValueSet">
          <valueReference>
            <reference value="http://hl7.org/fhir/ValueSet/all-languages"/>
          </valueReference>
        </extension>
        <extension url="http://hl7.org/fhir/StructureDefinition/elementdefinition-bindingName">
          <valueString value="Language"/>
        </extension>
        <extension url="http://hl7.org/fhir/StructureDefinition/elementdefinition-isCommonBinding">
          <valueBoolean value="true"/>
        </extension>
        <strength value="extensible"/>
        <description value="A human language."/>
        <valueSetReference>
          <reference value="http://hl7.org/fhir/ValueSet/languages"/>
        </valueSetReference>
      </binding>
    </element>
    <element id="BodySite:shr-oncology-PrimaryTumorSite.text">
      <path value="BodySite.text"/>
      <short value="Text summary of the resource, for human interpretation"/>
      <definition value="A human-readable narrative that contains a summary of the resource, and may be used to represent the content of the resource to a human. The narrative need not encode all the structured data, but is required to contain sufficient detail to make it &quot;clinically safe&quot; for a human to just read the narrative. Resource definitions may define what content should be represented in the narrative to ensure clinical safety."/>
      <comment value="Contained resources do not have narrative. Resources that are not contained SHOULD have a narrative. In some cases, a resource may only have text with little or no additional discrete data (as long as all minOccurs=1 elements are satisfied).  This may be necessary for data from legacy systems where information is captured as a &quot;text blob&quot; or where text is additionally entered raw or narrated and encoded in formation is added later."/>
      <alias value="narrative"/>
      <alias value="html"/>
      <alias value="xhtml"/>
      <alias value="display"/>
      <min value="0"/>
      <max value="1"/>
      <base>
        <path value="DomainResource.text"/>
        <min value="0"/>
        <max value="1"/>
      </base>
      <type>
        <code value="Narrative"/>
      </type>
      <condition value="dom-1"/>
      <mapping>
        <identity value="rim"/>
        <map value="Act.text?"/>
      </mapping>
    </element>
    <element id="BodySite:shr-oncology-PrimaryTumorSite.contained">
      <path value="BodySite.contained"/>
      <short value="Contained, inline Resources"/>
      <definition value="These resources do not have an independent existence apart from the resource that contains them - they cannot be identified independently, and nor can they have their own independent transaction scope."/>
      <comment value="This should never be done when the content can be identified properly, as once identification is lost, it is extremely difficult (and context dependent) to restore it again."/>
      <alias value="inline resources"/>
      <alias value="anonymous resources"/>
      <alias value="contained resources"/>
      <min value="0"/>
      <max value="*"/>
      <base>
        <path value="DomainResource.contained"/>
        <min value="0"/>
        <max value="*"/>
      </base>
      <type>
        <code value="Resource"/>
      </type>
      <mapping>
        <identity value="rim"/>
        <map value="N/A"/>
      </mapping>
    </element>
    <element id="BodySite:shr-oncology-PrimaryTumorSite.extension">
      <path value="BodySite.extension"/>
      <slicing id="310">
        <discriminator>
          <type value="value"/>
          <path value="url"/>
        </discriminator>
        <ordered value="false"/>
        <rules value="open"/>
      </slicing>
      <short value="Additional Content defined by implementations"/>
      <definition value="May be used to represent additional information that is not part of the basic definition of the resource. In order to make the use of extensions safe and manageable, there is a strict set of governance  applied to the definition and use of extensions. Though any implementer is allowed to define an extension, there is a set of requirements that SHALL be met as part of the definition of the extension."/>
      <comment value="There can be no stigma associated with the use of extensions by any application, project, or standard - regardless of the institution or jurisdiction that uses or defines the extensions.  The use of extensions is what allows the FHIR specification to retain a core level of simplicity for everyone."/>
      <alias value="extensions"/>
      <alias value="user content"/>
      <min value="0"/>
      <max value="*"/>
      <base>
        <path value="DomainResource.extension"/>
        <min value="0"/>
        <max value="*"/>
      </base>
      <type>
        <code value="Extension"/>
      </type>
      <mapping>
        <identity value="rim"/>
        <map value="N/A"/>
      </mapping>
    </element>
    <element id="BodySite:shr-oncology-PrimaryTumorSite.extension:clockdirection">
      <path value="BodySite.extension"/>
      <sliceName value="clockdirection"/>
      <definition value="A direction indicated by an angle relative to 12 o&#39;clock."/>
      <comment value="There can be no stigma associated with the use of extensions by any application, project, or standard - regardless of the institution or jurisdiction that uses or defines the extensions.  The use of extensions is what allows the FHIR specification to retain a core level of simplicity for everyone."/>
      <alias value="extensions"/>
      <alias value="user content"/>
      <min value="0"/>
      <max value="1"/>
      <base>
        <path value="DomainResource.extension"/>
        <min value="0"/>
        <max value="*"/>
      </base>
      <type>
        <code value="Extension"/>
        <profile value="http://standardhealthrecord.org/fhir/StructureDefinition/shr-core-ClockDirection-extension"/>
      </type>
      <mustSupport value="false"/>
      <isModifier value="false"/>
      <isSummary value="false"/>
      <mapping>
        <identity value="rim"/>
        <map value="N/A"/>
      </mapping>
    </element>
    <element id="BodySite:shr-oncology-PrimaryTumorSite.extension:distance">
      <path value="BodySite.extension"/>
      <sliceName value="distance"/>
      <definition value="The space separating two objects or points."/>
      <comment value="There can be no stigma associated with the use of extensions by any application, project, or standard - regardless of the institution or jurisdiction that uses or defines the extensions.  The use of extensions is what allows the FHIR specification to retain a core level of simplicity for everyone."/>
      <alias value="extensions"/>
      <alias value="user content"/>
      <min value="0"/>
      <max value="1"/>
      <base>
        <path value="DomainResource.extension"/>
        <min value="0"/>
        <max value="*"/>
      </base>
      <type>
        <code value="Extension"/>
        <profile value="http://standardhealthrecord.org/fhir/StructureDefinition/shr-core-Distance-extension"/>
      </type>
      <mustSupport value="false"/>
      <isModifier value="false"/>
      <isSummary value="false"/>
      <mapping>
        <identity value="rim"/>
        <map value="N/A"/>
      </mapping>
    </element>
    <element id="BodySite:shr-oncology-PrimaryTumorSite.extension:bodysitemarker">
      <path value="BodySite.extension"/>
      <sliceName value="bodysitemarker"/>
      <definition value="A marker surgically placed at the site, often during a biopsy procedure, to pinpoint the location. The marker is typically a metal clip or radioactive seed."/>
      <comment value="There can be no stigma associated with the use of extensions by any application, project, or standard - regardless of the institution or jurisdiction that uses or defines the extensions.  The use of extensions is what allows the FHIR specification to retain a core level of simplicity for everyone."/>
      <alias value="extensions"/>
      <alias value="user content"/>
      <min value="0"/>
      <max value="1"/>
      <base>
        <path value="DomainResource.extension"/>
        <min value="0"/>
        <max value="*"/>
      </base>
      <type>
        <code value="Extension"/>
        <profile value="http://standardhealthrecord.org/fhir/StructureDefinition/shr-core-BodySiteMarker-extension"/>
      </type>
      <mustSupport value="false"/>
      <isModifier value="false"/>
      <isSummary value="false"/>
      <mapping>
        <identity value="rim"/>
        <map value="N/A"/>
      </mapping>
    </element>
    <element id="BodySite:shr-oncology-PrimaryTumorSite.modifierExtension">
      <path value="BodySite.modifierExtension"/>
      <short value="Extensions that cannot be ignored"/>
      <definition value="May be used to represent additional information that is not part of the basic definition of the resource, and that modifies the understanding of the element that contains it. Usually modifier elements provide negation or qualification. In order to make the use of extensions safe and manageable, there is a strict set of governance applied to the definition and use of extensions. Though any implementer is allowed to define an extension, there is a set of requirements that SHALL be met as part of the definition of the extension. Applications processing a resource are required to check for modifier extensions."/>
      <comment value="There can be no stigma associated with the use of extensions by any application, project, or standard - regardless of the institution or jurisdiction that uses or defines the extensions.  The use of extensions is what allows the FHIR specification to retain a core level of simplicity for everyone."/>
      <alias value="extensions"/>
      <alias value="user content"/>
      <min value="0"/>
      <max value="*"/>
      <base>
        <path value="DomainResource.modifierExtension"/>
        <min value="0"/>
        <max value="*"/>
      </base>
      <type>
        <code value="Extension"/>
      </type>
      <isModifier value="true"/>
      <mapping>
        <identity value="rim"/>
        <map value="N/A"/>
      </mapping>
    </element>
    <element id="BodySite:shr-oncology-PrimaryTumorSite.identifier">
      <path value="BodySite.identifier"/>
      <short value="Bodysite identifier"/>
      <definition value="Identifier for this instance of the anatomical location."/>
      <min value="0"/>
      <max value="*"/>
      <type>
        <code value="Identifier"/>
      </type>
      <isSummary value="true"/>
      <mapping>
        <identity value="rim"/>
        <map value=".id"/>
      </mapping>
      <mapping>
        <identity value="openehr"/>
        <map value="Specific location  Cluster Optional (0..1) Cardinality: Mandatory, repeating, unordered (1..*)"/>
      </mapping>
      <mapping>
        <identity value="w5"/>
        <map value="id"/>
      </mapping>
    </element>
    <element id="BodySite:shr-oncology-PrimaryTumorSite.active">
      <path value="BodySite.active"/>
      <short value="Whether this body site record is in active use"/>
      <definition value="Whether this body site is in active use."/>
      <comment value="This element is labeled as a modifier because it may be used to mark that the resource was created in error."/>
      <requirements value="Need to be able to mark a body site entry as not to be used because it was created in error."/>
      <min value="0"/>
      <max value="1"/>
      <type>
        <code value="boolean"/>
      </type>
      <defaultValueBoolean value="true"/>
      <isModifier value="true"/>
      <isSummary value="true"/>
      <mapping>
        <identity value="rim"/>
        <map value="statusCode"/>
      </mapping>
      <mapping>
        <identity value="w5"/>
        <map value="status"/>
      </mapping>
    </element>
    <element id="BodySite:shr-oncology-PrimaryTumorSite.code">
      <path value="BodySite.code"/>
      <short value="Named anatomical location"/>
      <definition value="Named anatomical location - ideally coded where possible."/>
      <min value="1"/>
      <max value="1"/>
      <type>
        <code value="CodeableConcept"/>
        <profile value="http://standardhealthrecord.org/fhir/StructureDefinition/shr-core-CodeableConcept"/>
      </type>
      <isSummary value="true"/>
      <binding>
        <strength value="required"/>
        <valueSetReference>
          <reference value="http://standardhealthrecord.org/shr/core/vs/BodySiteVS"/>
        </valueSetReference>
      </binding>
      <mapping>
        <identity value="v2"/>
        <map value="OBX-20"/>
      </mapping>
      <mapping>
        <identity value="rim"/>
        <map value=".targetSiteCode"/>
      </mapping>
      <mapping>
        <identity value="openehr"/>
        <map value="Name of location"/>
      </mapping>
      <mapping>
        <identity value="w5"/>
        <map value="what"/>
      </mapping>
    </element>
    <element id="BodySite:shr-oncology-PrimaryTumorSite.qualifier">
      <path value="BodySite.qualifier"/>
      <slicing id="309">
        <discriminator>
          <type value="value"/>
          <path value="coding.code"/>
        </discriminator>
        <ordered value="false"/>
        <rules value="open"/>
      </slicing>
      <short value="Modification to location code"/>
      <definition value="Qualifier to refine the anatomical location.  These include qualifiers for laterality, relative location, directionality, number, and plane."/>
      <min value="0"/>
      <max value="*"/>
      <type>
        <code value="CodeableConcept"/>
      </type>
      <binding>
        <extension url="http://hl7.org/fhir/StructureDefinition/elementdefinition-bindingName">
          <valueString value="BodySiteQualifier"/>
        </extension>
        <strength value="example"/>
        <description value="Concepts modifying the anatomic location"/>
        <valueSetReference>
          <reference value="http://hl7.org/fhir/ValueSet/bodysite-relative-location"/>
        </valueSetReference>
      </binding>
      <mapping>
        <identity value="v2"/>
        <map value="No distinct element defined in V2.x. The IHE Radiology Technical Framework directs the use of OBR-15-specimen source to contain laterality for imaging studies."/>
      </mapping>
      <mapping>
        <identity value="rim"/>
        <map value=".targetSiteCode"/>
      </mapping>
      <mapping>
        <identity value="openehr"/>
        <map value="Combines Side, Numerical identifier, Anatomical plane,and Aspect"/>
      </mapping>
      <mapping>
        <identity value="w5"/>
        <map value="what"/>
      </mapping>
    </element>
    <element id="BodySite:shr-oncology-PrimaryTumorSite.qualifier:shr-core-Laterality">
      <path value="BodySite.qualifier"/>
      <sliceName value="shr-core-Laterality"/>
      <short value="Modification to location code"/>
      <definition value="Qualifier to refine the anatomical location.  These include qualifiers for laterality, relative location, directionality, number, and plane."/>
      <min value="0"/>
      <max value="1"/>
      <type>
        <code value="CodeableConcept"/>
        <profile value="http://standardhealthrecord.org/fhir/StructureDefinition/shr-core-CodeableConcept"/>
      </type>
      <binding>
        <strength value="required"/>
        <valueSetReference>
          <reference value="http://standardhealthrecord.org/shr/core/vs/LateralityVS"/>
        </valueSetReference>
      </binding>
      <mapping>
        <identity value="v2"/>
        <map value="No distinct element defined in V2.x. The IHE Radiology Technical Framework directs the use of OBR-15-specimen source to contain laterality for imaging studies."/>
      </mapping>
      <mapping>
        <identity value="rim"/>
        <map value=".targetSiteCode"/>
      </mapping>
      <mapping>
        <identity value="openehr"/>
        <map value="Combines Side, Numerical identifier, Anatomical plane,and Aspect"/>
      </mapping>
      <mapping>
        <identity value="w5"/>
        <map value="what"/>
      </mapping>
    </element>
    <element id="BodySite:shr-oncology-PrimaryTumorSite.qualifier:shr-core-Directionality">
      <path value="BodySite.qualifier"/>
      <sliceName value="shr-core-Directionality"/>
      <short value="Modification to location code"/>
      <definition value="Qualifier to refine the anatomical location.  These include qualifiers for laterality, relative location, directionality, number, and plane."/>
      <min value="0"/>
      <max value="1"/>
      <type>
        <code value="CodeableConcept"/>
        <profile value="http://standardhealthrecord.org/fhir/StructureDefinition/shr-core-CodeableConcept"/>
      </type>
      <binding>
        <strength value="required"/>
        <valueSetReference>
          <reference value="http://standardhealthrecord.org/shr/core/vs/DirectionalityVS"/>
        </valueSetReference>
      </binding>
      <mapping>
        <identity value="v2"/>
        <map value="No distinct element defined in V2.x. The IHE Radiology Technical Framework directs the use of OBR-15-specimen source to contain laterality for imaging studies."/>
      </mapping>
      <mapping>
        <identity value="rim"/>
        <map value=".targetSiteCode"/>
      </mapping>
      <mapping>
        <identity value="openehr"/>
        <map value="Combines Side, Numerical identifier, Anatomical plane,and Aspect"/>
      </mapping>
      <mapping>
        <identity value="w5"/>
        <map value="what"/>
      </mapping>
    </element>
    <element id="BodySite:shr-oncology-PrimaryTumorSite.qualifier:shr-core-PortionTotality">
      <path value="BodySite.qualifier"/>
      <sliceName value="shr-core-PortionTotality"/>
      <short value="Modification to location code"/>
      <definition value="Qualifier to refine the anatomical location.  These include qualifiers for laterality, relative location, directionality, number, and plane."/>
      <min value="0"/>
      <max value="1"/>
      <type>
        <code value="CodeableConcept"/>
        <profile value="http://standardhealthrecord.org/fhir/StructureDefinition/shr-core-CodeableConcept"/>
      </type>
      <binding>
        <strength value="required"/>
        <valueSetReference>
          <reference value="http://standardhealthrecord.org/shr/core/vs/PortionTotalityVS"/>
        </valueSetReference>
      </binding>
      <mapping>
        <identity value="v2"/>
        <map value="No distinct element defined in V2.x. The IHE Radiology Technical Framework directs the use of OBR-15-specimen source to contain laterality for imaging studies."/>
      </mapping>
      <mapping>
        <identity value="rim"/>
        <map value=".targetSiteCode"/>
      </mapping>
      <mapping>
        <identity value="openehr"/>
        <map value="Combines Side, Numerical identifier, Anatomical plane,and Aspect"/>
      </mapping>
      <mapping>
        <identity value="w5"/>
        <map value="what"/>
      </mapping>
    </element>
    <element id="BodySite:shr-oncology-PrimaryTumorSite.description">
      <path value="BodySite.description"/>
      <short value="Anatomical location description"/>
      <definition value="A summary, charactarization or explanation of the anatomic location."/>
      <comment value="This description could include any visual markings used to orientate the viewer e.g. external reference points, special sutures, ink markings."/>
      <min value="0"/>
      <max value="1"/>
      <type>
        <code value="string"/>
      </type>
      <isSummary value="true"/>
      <mapping>
        <identity value="rim"/>
        <map value=".text"/>
      </mapping>
      <mapping>
        <identity value="openehr"/>
        <map value="Description of anatomical location/Visual markings/orientation"/>
      </mapping>
      <mapping>
        <identity value="w5"/>
        <map value="what"/>
      </mapping>
    </element>
    <element id="BodySite:shr-oncology-PrimaryTumorSite.image">
      <path value="BodySite.image"/>
      <short value="Attached images"/>
      <definition value="Image or images used to identify a location."/>
      <min value="0"/>
      <max value="*"/>
      <type>
        <code value="Attachment"/>
      </type>
      <mapping>
        <identity value="rim"/>
        <map value="outboundRelationship[typeCode=COMP].target"/>
      </mapping>
      <mapping>
        <identity value="openehr"/>
        <map value="Image"/>
      </mapping>
      <mapping>
        <identity value="w5"/>
        <map value="what"/>
      </mapping>
    </element>
    <element id="BodySite:shr-oncology-PrimaryTumorSite.patient">
      <path value="BodySite.patient"/>
      <short value="Who this is about"/>
      <definition value="The person to which the body site belongs."/>
      <min value="1"/>
      <max value="1"/>
      <type>
        <code value="Reference"/>
        <targetProfile value="http://hl7.org/fhir/StructureDefinition/Patient"/>
      </type>
      <isSummary value="true"/>
      <mapping>
        <identity value="rim"/>
        <map value=".scoper or .scoper.playsRole"/>
      </mapping>
      <mapping>
        <identity value="w5"/>
        <map value="who.focus"/>
      </mapping>
    </element>
  </snapshot>
  <differential>
    <element id="BodySite:shr-oncology-PrimaryTumorSite">
      <path value="BodySite"/>
      <short value="SHR PrimaryTumorSite Profile"/>
      <definition value="The location of the primary tumor."/>
    </element>
    <element id="BodySite:shr-oncology-PrimaryTumorSite.extension:clockdirection">
      <path value="BodySite.extension"/>
      <sliceName value="clockdirection"/>
      <min value="0"/>
      <max value="1"/>
      <type>
        <code value="Extension"/>
        <profile value="http://standardhealthrecord.org/fhir/StructureDefinition/shr-core-ClockDirection-extension"/>
      </type>
      <mustSupport value="false"/>
      <isModifier value="false"/>
      <isSummary value="false"/>
    </element>
    <element id="BodySite:shr-oncology-PrimaryTumorSite.extension:distance">
      <path value="BodySite.extension"/>
      <sliceName value="distance"/>
      <min value="0"/>
      <max value="1"/>
      <type>
        <code value="Extension"/>
        <profile value="http://standardhealthrecord.org/fhir/StructureDefinition/shr-core-Distance-extension"/>
      </type>
      <mustSupport value="false"/>
      <isModifier value="false"/>
      <isSummary value="false"/>
    </element>
    <element id="BodySite:shr-oncology-PrimaryTumorSite.extension:bodysitemarker">
      <path value="BodySite.extension"/>
      <sliceName value="bodysitemarker"/>
      <min value="0"/>
      <max value="1"/>
      <type>
        <code value="Extension"/>
        <profile value="http://standardhealthrecord.org/fhir/StructureDefinition/shr-core-BodySiteMarker-extension"/>
      </type>
      <mustSupport value="false"/>
      <isModifier value="false"/>
      <isSummary value="false"/>
    </element>
    <element id="BodySite:shr-oncology-PrimaryTumorSite.code">
      <path value="BodySite.code"/>
      <min value="1"/>
      <max value="1"/>
      <type>
        <code value="CodeableConcept"/>
        <profile value="http://standardhealthrecord.org/fhir/StructureDefinition/shr-core-CodeableConcept"/>
      </type>
      <binding>
        <strength value="required"/>
        <valueSetReference>
          <reference value="http://standardhealthrecord.org/shr/core/vs/BodySiteVS"/>
        </valueSetReference>
      </binding>
    </element>
    <element id="BodySite:shr-oncology-PrimaryTumorSite.qualifier">
      <path value="BodySite.qualifier"/>
      <slicing id="309">
        <discriminator>
          <type value="value"/>
          <path value="coding.code"/>
        </discriminator>
        <ordered value="false"/>
        <rules value="open"/>
      </slicing>
    </element>
    <element id="BodySite:shr-oncology-PrimaryTumorSite.qualifier:shr-core-Laterality">
      <path value="BodySite.qualifier"/>
      <sliceName value="shr-core-Laterality"/>
      <min value="0"/>
      <max value="1"/>
      <type>
        <code value="CodeableConcept"/>
        <profile value="http://standardhealthrecord.org/fhir/StructureDefinition/shr-core-CodeableConcept"/>
      </type>
      <binding>
        <strength value="required"/>
        <valueSetReference>
          <reference value="http://standardhealthrecord.org/shr/core/vs/LateralityVS"/>
        </valueSetReference>
      </binding>
    </element>
    <element id="BodySite:shr-oncology-PrimaryTumorSite.qualifier:shr-core-Directionality">
      <path value="BodySite.qualifier"/>
      <sliceName value="shr-core-Directionality"/>
      <min value="0"/>
      <max value="1"/>
      <type>
        <code value="CodeableConcept"/>
        <profile value="http://standardhealthrecord.org/fhir/StructureDefinition/shr-core-CodeableConcept"/>
      </type>
      <binding>
        <strength value="required"/>
        <valueSetReference>
          <reference value="http://standardhealthrecord.org/shr/core/vs/DirectionalityVS"/>
        </valueSetReference>
      </binding>
    </element>
    <element id="BodySite:shr-oncology-PrimaryTumorSite.qualifier:shr-core-PortionTotality">
      <path value="BodySite.qualifier"/>
      <sliceName value="shr-core-PortionTotality"/>
      <min value="0"/>
      <max value="1"/>
      <type>
        <code value="CodeableConcept"/>
        <profile value="http://standardhealthrecord.org/fhir/StructureDefinition/shr-core-CodeableConcept"/>
      </type>
      <binding>
        <strength value="required"/>
        <valueSetReference>
          <reference value="http://standardhealthrecord.org/shr/core/vs/PortionTotalityVS"/>
        </valueSetReference>
      </binding>
    </element>
  </differential>
</StructureDefinition>