<?xml version="1.0" encoding="UTF-8"?>

<ValueSet xmlns="http://hl7.org/fhir">
  <id value="shr-sex-ContraceptiveMethodVS"/>
  <meta>
    <profile value="http://hl7.org/fhir/StructureDefinition/valueset-shareable-definition"/>
  </meta>
  <text>
    <status value="generated"/><div xmlns="http://www.w3.org/1999/xhtml">
<p><b>SHR ContraceptiveMethodVS ValueSet</b></p>
<p/>
</div>
  </text>
  <url value="http://standardhealthrecord.org/shr/sex/vs/ContraceptiveMethodVS"/>
  <identifier>
    <system value="http://standardhealthrecord.org"/>
    <value value="shr.sex.ContraceptiveMethodVS"/>
  </identifier>
  <version value="0.0.1"/>
  <name value="SHR ContraceptiveMethodVS ValueSet"/>
  <title value="SHR ContraceptiveMethodVS ValueSet"/>
  <status value="draft"/>
  <date value="2017-08-01T01:59:59.891Z"/>
  <publisher value="The MITRE Corporation: Standard Health Record Collaborative"/>
  <contact>
    <telecom>
      <system value="url"/>
      <value value="http://www.standardhealthrecord.org"/>
    </telecom>
  </contact>
  <compose>
    <include>
      <system value="http://standardhealthrecord.org/shr/sex/cs/ContraceptiveMethodCS"/>
      <concept>
        <code value="no_contraceptive"/>
        <display value="Not using contraceptive"/>
      </concept>
      <concept>
        <code value="implant"/>
        <display value="Implanted long-term contraceptive"/>
      </concept>
      <concept>
        <code value="iud"/>
        <display value="Intrauterine device or system"/>
      </concept>
      <concept>
        <code value="sterilized_female"/>
        <display value="Female sterilization, e.g., tubal ligation"/>
      </concept>
      <concept>
        <code value="sterilized_male"/>
        <display value="Male sterilization, e.g., vasectomy"/>
      </concept>
      <concept>
        <code value="injectable"/>
        <display value="Injectable contraceptive"/>
      </concept>
      <concept>
        <code value="lam"/>
        <display value="Lactational amenorrhea method"/>
      </concept>
      <concept>
        <code value="oral"/>
        <display value="Oral contraceptive"/>
      </concept>
      <concept>
        <code value="patch"/>
        <display value="Contraceptive patch"/>
      </concept>
      <concept>
        <code value="ring"/>
        <display value="Vaginal ring"/>
      </concept>
      <concept>
        <code value="condom_male"/>
        <display value="Male condom"/>
      </concept>
      <concept>
        <code value="condom_female"/>
        <display value="Female condom"/>
      </concept>
      <concept>
        <code value="fam"/>
        <display value="Fertility awareness method aka natural family planning aka rhythm method"/>
      </concept>
      <concept>
        <code value="withdrawal"/>
        <display value="Withdrawal method aka coitus interruptus"/>
      </concept>
      <concept>
        <code value="spermicide"/>
        <display value="Use of spermicide."/>
      </concept>
      <concept>
        <code value="sponge"/>
        <display value="Contraceptive sponge"/>
      </concept>
      <concept>
        <code value="partner"/>
        <display value="Rely on partner to provide."/>
      </concept>
      <concept>
        <code value="emergency"/>
        <display value="Emergency contraceptive, the &#39;morning after&#39; pill."/>
      </concept>
    </include>
  </compose>
</ValueSet>