<?xml version="1.0" encoding="UTF-8"?>

<ValueSet xmlns="http://hl7.org/fhir">
  <id value="shr-environment-CoinhabitantVS"/>
  <meta>
    <profile value="http://hl7.org/fhir/StructureDefinition/valueset-shareable-definition"/>
  </meta>
  <text>
    <status value="generated"/><div xmlns="http://www.w3.org/1999/xhtml">
<p><b>SHR CoinhabitantVS ValueSet</b></p>
<p/>
</div>
  </text>
  <url value="http://standardhealthrecord.org/shr/environment/vs/CoinhabitantVS"/>
  <identifier>
    <system value="http://standardhealthrecord.org"/>
    <value value="shr.environment.CoinhabitantVS"/>
  </identifier>
  <version value="0.0.1"/>
  <name value="SHR CoinhabitantVS ValueSet"/>
  <title value="SHR CoinhabitantVS ValueSet"/>
  <status value="draft"/>
  <date value="2017-08-01T03:41:40.610Z"/>
  <publisher value="The MITRE Corporation: Standard Health Record Collaborative"/>
  <contact>
    <telecom>
      <system value="url"/>
      <value value="http://www.standardhealthrecord.org"/>
    </telecom>
  </contact>
  <compose>
    <include>
      <system value="http://standardhealthrecord.org/shr/environment/cs/CoinhabitantCS"/>
      <concept>
        <code value="partner"/>
        <display value="Spouse or partner"/>
      </concept>
      <concept>
        <code value="parents_birth"/>
        <display value="Birth parents"/>
      </concept>
      <concept>
        <code value="parents_adoptive"/>
        <display value="Adoptive parents"/>
      </concept>
      <concept>
        <code value="foster"/>
        <display value="Foster family"/>
      </concept>
      <concept>
        <code value="child"/>
        <display value="Child or children"/>
      </concept>
      <concept>
        <code value="relatives"/>
        <display value="other relatives"/>
      </concept>
      <concept>
        <code value="non_relatives"/>
        <display value="non-relatives"/>
      </concept>
    </include>
  </compose>
</ValueSet>