<?xml version="1.0" encoding="UTF-8"?>

<ValueSet xmlns="http://hl7.org/fhir">
  <id value="shr-assessment-AssessmentTypeVS"/>
  <meta>
    <profile value="http://hl7.org/fhir/StructureDefinition/valueset-shareable-definition"/>
  </meta>
  <text>
    <status value="generated"/><div xmlns="http://www.w3.org/1999/xhtml">
<p><b>SHR AssessmentTypeVS ValueSet</b></p>
<p>A code describing the type of assessment activity, e.g. diagnosis, prognosis, disease progression, healing, toxicity, treatment efficacy.</p>
</div>
  </text>
  <url value="http://standardhealthrecord.org/shr/assessment/vs/AssessmentTypeVS"/>
  <identifier>
    <system value="http://standardhealthrecord.org"/>
    <value value="shr.assessment.AssessmentTypeVS"/>
  </identifier>
  <version value="0.0.1"/>
  <name value="SHR AssessmentTypeVS ValueSet"/>
  <title value="SHR AssessmentTypeVS ValueSet"/>
  <status value="draft"/>
  <date value="2017-07-31T23:48:31.539Z"/>
  <publisher value="The MITRE Corporation: Standard Health Record Collaborative"/>
  <contact>
    <telecom>
      <system value="url"/>
      <value value="http://www.standardhealthrecord.org"/>
    </telecom>
  </contact>
  <description value="A code describing the type of assessment activity, e.g. diagnosis, prognosis, disease progression, healing, toxicity, treatment efficacy."/>
  <compose>
    <include>
      <system value="http://ncimeta.nci.nih.gov"/>
      <concept>
        <code value="C0033325"/>
        <display value="Prognosis - a prediction of the probable outcome of a disease based on a individual&#39;s condition and the usual course of the disease as seen in similar situations"/>
      </concept>
      <concept>
        <code value="C0011900"/>
        <display value="Diagnosis  - The determination of the nature and/or extent of a disease or condition, or the distinguishing of one disease or condition from another. The assessment may be made through physical examination, laboratory tests, or the likes. Computerized programs may be used to enhance the decision-making process."/>
      </concept>
      <concept>
        <code value="C0421176"/>
        <display value="Assessment of disease progression"/>
      </concept>
      <concept>
        <code value="C2004454"/>
        <display value="Assessment of recovery process, from surgery, therapy, or similar treatment."/>
      </concept>
      <concept>
        <code value="C0879626"/>
        <display value="Assessment of adverse effects of a treatment."/>
      </concept>
      <concept>
        <code value="C0087113"/>
        <display value="Assessment of the effectiveness of a treatment."/>
      </concept>
      <concept>
        <code value="C4040556"/>
        <display value="Assessment of risk for a disease."/>
      </concept>
    </include>
  </compose>
</ValueSet>