<?xml version="1.0" encoding="UTF-8"?>

<ValueSet xmlns="http://hl7.org/fhir">
  <id value="shr-encounter-TreatmentCooperationVS"/>
  <meta>
    <profile value="http://hl7.org/fhir/StructureDefinition/valueset-shareable-definition"/>
  </meta>
  <text>
    <status value="generated"/><div xmlns="http://www.w3.org/1999/xhtml">
<p><b>SHR TreatmentCooperationVS ValueSet</b></p>
<p/>
</div>
  </text>
  <url value="http://standardhealthrecord.org/shr/encounter/vs/TreatmentCooperationVS"/>
  <identifier>
    <system value="http://standardhealthrecord.org"/>
    <value value="shr.encounter.TreatmentCooperationVS"/>
  </identifier>
  <version value="0.0.1"/>
  <name value="SHR TreatmentCooperationVS ValueSet"/>
  <title value="SHR TreatmentCooperationVS ValueSet"/>
  <status value="draft"/>
  <date value="2017-08-01T03:41:40.610Z"/>
  <publisher value="The MITRE Corporation: Standard Health Record Collaborative"/>
  <contact>
    <telecom>
      <system value="url"/>
      <value value="http://www.standardhealthrecord.org"/>
    </telecom>
  </contact>
  <compose>
    <include>
      <system value="http://standardhealthrecord.org/shr/encounter/cs/TreatmentCooperationCS"/>
      <concept>
        <code value="voluntary"/>
        <display value="Voluntary cooperation"/>
      </concept>
      <concept>
        <code value="ordered_criminal"/>
        <display value="Criminal court ordered treatment"/>
      </concept>
      <concept>
        <code value="ordered_civil"/>
        <display value="Civil court ordered treatment"/>
      </concept>
      <concept>
        <code value="involuntary"/>
        <display value="Not court-ordered but involutary treatment"/>
      </concept>
    </include>
  </compose>
</ValueSet>