<?xml version="1.0" encoding="UTF-8"?>

<ValueSet xmlns="http://hl7.org/fhir">
  <id value="shr-core-PortionTotalityVS"/>
  <meta>
    <profile value="http://hl7.org/fhir/StructureDefinition/valueset-shareable-definition"/>
  </meta>
  <text>
    <status value="generated"/><div xmlns="http://www.w3.org/1999/xhtml">
<p><b>SHR PortionTotalityVS ValueSet</b></p>
<p>ObservationQualifier for anatomical location or specimen further detailing the portion or totality, which means arrangement of, or apportioning of an entity.</p>
</div>
  </text>
  <url value="http://standardhealthrecord.org/shr/core/vs/PortionTotalityVS"/>
  <identifier>
    <system value="http://standardhealthrecord.org"/>
    <value value="shr.core.PortionTotalityVS"/>
  </identifier>
  <version value="0.0.1"/>
  <name value="SHR PortionTotalityVS ValueSet"/>
  <title value="SHR PortionTotalityVS ValueSet"/>
  <status value="draft"/>
  <date value="2017-08-01T03:41:40.609Z"/>
  <publisher value="The MITRE Corporation: Standard Health Record Collaborative"/>
  <contact>
    <telecom>
      <system value="url"/>
      <value value="http://www.standardhealthrecord.org"/>
    </telecom>
  </contact>
  <description value="ObservationQualifier for anatomical location or specimen further detailing the portion or totality, which means arrangement of, or apportioning of an entity."/>
  <compose>
    <include>
      <system value="https://evs.nci.nih.gov/ftp1/CDISC/SDTM/"/>
      <filter>
        <property value="concept"/>
        <op value="is-a"/>
        <value value="C99075"/>
      </filter>
    </include>
  </compose>
</ValueSet>