<?xml version="1.0" encoding="UTF-8"?>

<ValueSet xmlns="http://hl7.org/fhir">
  <id value="shr-device-RespiratoryRateSettingVS"/>
  <meta>
    <profile value="http://hl7.org/fhir/StructureDefinition/valueset-shareable-definition"/>
  </meta>
  <text>
    <status value="generated"/><div xmlns="http://www.w3.org/1999/xhtml">
<p><b>SHR RespiratoryRateSettingVS ValueSet</b></p>
<p/>
</div>
  </text>
  <url value="http://standardhealthrecord.org/shr/device/vs/RespiratoryRateSettingVS"/>
  <identifier>
    <system value="http://standardhealthrecord.org"/>
    <value value="shr.device.RespiratoryRateSettingVS"/>
  </identifier>
  <version value="0.0.1"/>
  <name value="SHR RespiratoryRateSettingVS ValueSet"/>
  <title value="SHR RespiratoryRateSettingVS ValueSet"/>
  <status value="draft"/>
  <date value="2017-07-31T16:44:15.696Z"/>
  <publisher value="The MITRE Corporation: Standard Health Record Collaborative"/>
  <contact>
    <telecom>
      <system value="url"/>
      <value value="http://www.standardhealthrecord.org"/>
    </telecom>
  </contact>
  <compose>
    <include>
      <system value="http://standardhealthrecord.org/shr/device/cs/RespiratoryRateSettingCS"/>
      <concept>
        <code value="set_min_alarm"/>
        <display value="minimum alarm"/>
      </concept>
      <concept>
        <code value="set_min"/>
        <display value="minimum"/>
      </concept>
      <concept>
        <code value="set_max"/>
        <display value="maximum"/>
      </concept>
      <concept>
        <code value="set_max_alarm"/>
        <display value="maximum alarm"/>
      </concept>
      <concept>
        <code value="set_target"/>
        <display value="target setting"/>
      </concept>
      <concept>
        <code value="set_sigh"/>
        <display value="Sigh rate setting LOINC#19838-2"/>
      </concept>
    </include>
  </compose>
</ValueSet>