<?xml version="1.0" encoding="UTF-8"?>

<ValueSet xmlns="http://hl7.org/fhir">
  <id value="shr-core-SemiquantitativeDurationVS"/>
  <meta>
    <profile value="http://hl7.org/fhir/StructureDefinition/valueset-shareable-definition"/>
  </meta>
  <text>
    <status value="generated"/><div xmlns="http://www.w3.org/1999/xhtml">
<p><b>SHR SemiquantitativeDurationVS ValueSet</b></p>
<p/>
</div>
  </text>
  <url value="http://standardhealthrecord.org/shr/core/vs/SemiquantitativeDurationVS"/>
  <identifier>
    <system value="http://standardhealthrecord.org"/>
    <value value="shr.core.SemiquantitativeDurationVS"/>
  </identifier>
  <version value="0.0.1"/>
  <name value="SHR SemiquantitativeDurationVS ValueSet"/>
  <title value="SHR SemiquantitativeDurationVS ValueSet"/>
  <status value="draft"/>
  <date value="2017-07-31T23:48:31.541Z"/>
  <publisher value="The MITRE Corporation: Standard Health Record Collaborative"/>
  <contact>
    <telecom>
      <system value="url"/>
      <value value="http://www.standardhealthrecord.org"/>
    </telecom>
  </contact>
  <compose>
    <include>
      <system value="http://standardhealthrecord.org/shr/core/cs/SemiquantitativeDurationCS"/>
      <concept>
        <code value="many_years"/>
        <display value="Many years"/>
      </concept>
      <concept>
        <code value="several_years"/>
        <display value="Several years"/>
      </concept>
      <concept>
        <code value="one_year"/>
        <display value="About a year"/>
      </concept>
      <concept>
        <code value="months"/>
        <display value="Several months but less than a year"/>
      </concept>
      <concept>
        <code value="weeks"/>
        <display value="Several weeks but less than a month"/>
      </concept>
      <concept>
        <code value="days"/>
        <display value="Several days but less than a week"/>
      </concept>
      <concept>
        <code value="hours"/>
        <display value="Several hours but less than a day"/>
      </concept>
      <concept>
        <code value="minutes"/>
        <display value="Several minutes but less than an hour"/>
      </concept>
      <concept>
        <code value="seconds"/>
        <display value="Several seconds but less than a minute"/>
      </concept>
    </include>
  </compose>
</ValueSet>