<?xml version="1.0" encoding="UTF-8"?>

<ValueSet xmlns="http://hl7.org/fhir">
  <id value="shr-vital-HeartRateQualifierVS"/>
  <meta>
    <profile value="http://hl7.org/fhir/StructureDefinition/valueset-shareable-definition"/>
  </meta>
  <text>
    <status value="generated"/><div xmlns="http://www.w3.org/1999/xhtml">
<p><b>SHR HeartRateQualifierVS ValueSet</b></p>
<p>Details of a heart rate measurement.</p>
</div>
  </text>
  <url value="http://standardhealthrecord.org/shr/vital/vs/HeartRateQualifierVS"/>
  <identifier>
    <system value="http://standardhealthrecord.org"/>
    <value value="shr.vital.HeartRateQualifierVS"/>
  </identifier>
  <version value="0.0.1"/>
  <name value="SHR HeartRateQualifierVS ValueSet"/>
  <title value="SHR HeartRateQualifierVS ValueSet"/>
  <status value="draft"/>
  <date value="2017-07-31T23:48:31.547Z"/>
  <publisher value="The MITRE Corporation: Standard Health Record Collaborative"/>
  <contact>
    <telecom>
      <system value="url"/>
      <value value="http://www.standardhealthrecord.org"/>
    </telecom>
  </contact>
  <description value="Details of a heart rate measurement."/>
  <compose>
    <include>
      <system value="http://standardhealthrecord.org/shr/vital/cs/HeartRateQualifierCS"/>
      <concept>
        <code value="rest"/>
        <display value="resting or pre-exercise"/>
      </concept>
      <concept>
        <code value="post_exercise"/>
        <display value="post exercise"/>
      </concept>
      <concept>
        <code value="apgar_1"/>
        <display value="1 minute Apgar heart rate"/>
      </concept>
      <concept>
        <code value="apgar_5"/>
        <display value="5 minute Apgar heart rate"/>
      </concept>
      <concept>
        <code value="apgar_10"/>
        <display value="10 minute Apgar heart rate"/>
      </concept>
    </include>
  </compose>
</ValueSet>