<?xml version="1.0" encoding="UTF-8"?>

<ValueSet xmlns="http://hl7.org/fhir">
  <id value="shr-oncology-ToxicReactionVS"/>
  <meta>
    <profile value="http://hl7.org/fhir/StructureDefinition/valueset-shareable-definition"/>
  </meta>
  <text>
    <status value="generated"/><div xmlns="http://www.w3.org/1999/xhtml">
<p><b>SHR ToxicReactionVS ValueSet</b></p>
<p/>
</div>
  </text>
  <url value="http://standardhealthrecord.org/shr/oncology/vs/ToxicReactionVS"/>
  <identifier>
    <system value="http://standardhealthrecord.org"/>
    <value value="shr.oncology.ToxicReactionVS"/>
  </identifier>
  <version value="0.0.1"/>
  <name value="SHR ToxicReactionVS ValueSet"/>
  <title value="SHR ToxicReactionVS ValueSet"/>
  <status value="draft"/>
  <date value="2017-08-01T02:25:17.611Z"/>
  <publisher value="The MITRE Corporation: Standard Health Record Collaborative"/>
  <contact>
    <telecom>
      <system value="url"/>
      <value value="http://www.standardhealthrecord.org"/>
    </telecom>
  </contact>
  <compose>
    <include>
      <system value="http://ncimeta.nci.nih.gov"/>
      <concept>
        <code value="C1519275"/>
        <display value="Severe Adverse Event. Daily activity is markedly reduced; some assistance usually required; medical intervention/therapy required, hospitalization or hospice care possible."/>
      </concept>
      <concept>
        <code value="C1517874"/>
        <display value="Potentially Life-Threatening Adverse Event. Extreme limitation to daily activity, significant assistance required; significant medical intervention/therapy, hospitalization or hospice care very likely."/>
      </concept>
      <concept>
        <code value="C1559081"/>
        <display value="Fatal Adverse Event. Adverse event associated with death"/>
      </concept>
    </include>
  </compose>
</ValueSet>