<?xml version="1.0" encoding="UTF-8"?>

<ValueSet xmlns="http://hl7.org/fhir">
  <id value="shr-core-ThreePriorityVS"/>
  <meta>
    <profile value="http://hl7.org/fhir/StructureDefinition/valueset-shareable-definition"/>
  </meta>
  <text>
    <status value="generated"/><div xmlns="http://www.w3.org/1999/xhtml">
<p><b>SHR ThreePriorityVS ValueSet</b></p>
<p/>
</div>
  </text>
  <url value="http://standardhealthrecord.org/shr/core/vs/ThreePriorityVS"/>
  <identifier>
    <system value="http://standardhealthrecord.org"/>
    <value value="shr.core.ThreePriorityVS"/>
  </identifier>
  <version value="0.0.1"/>
  <name value="SHR ThreePriorityVS ValueSet"/>
  <title value="SHR ThreePriorityVS ValueSet"/>
  <status value="draft"/>
  <date value="2017-08-01T02:25:17.608Z"/>
  <publisher value="The MITRE Corporation: Standard Health Record Collaborative"/>
  <contact>
    <telecom>
      <system value="url"/>
      <value value="http://www.standardhealthrecord.org"/>
    </telecom>
  </contact>
  <compose>
    <include>
      <system value="http://standardhealthrecord.org/shr/core/cs/ThreePriorityCS"/>
      <concept>
        <code value="primary"/>
        <display value="The first or primary item or alterative in a preference list."/>
      </concept>
      <concept>
        <code value="secondary"/>
        <display value="The second or backup preference."/>
      </concept>
      <concept>
        <code value="third_or_lower"/>
        <display value="An alternative to primary and secondard choices in a preference list."/>
      </concept>
    </include>
  </compose>
</ValueSet>