<?xml version="1.0" encoding="UTF-8"?>

<ValueSet xmlns="http://hl7.org/fhir">
  <id value="shr-environment-AnimalExposureVS"/>
  <meta>
    <profile value="http://hl7.org/fhir/StructureDefinition/valueset-shareable-definition"/>
  </meta>
  <text>
    <status value="generated"/><div xmlns="http://www.w3.org/1999/xhtml">
<p><b>SHR AnimalExposureVS ValueSet</b></p>
<p/>
</div>
  </text>
  <url value="http://standardhealthrecord.org/shr/environment/vs/AnimalExposureVS"/>
  <identifier>
    <system value="http://standardhealthrecord.org"/>
    <value value="shr.environment.AnimalExposureVS"/>
  </identifier>
  <version value="0.0.1"/>
  <name value="SHR AnimalExposureVS ValueSet"/>
  <title value="SHR AnimalExposureVS ValueSet"/>
  <status value="draft"/>
  <date value="2017-08-01T03:41:40.610Z"/>
  <publisher value="The MITRE Corporation: Standard Health Record Collaborative"/>
  <contact>
    <telecom>
      <system value="url"/>
      <value value="http://www.standardhealthrecord.org"/>
    </telecom>
  </contact>
  <compose>
    <include>
      <system value="http://standardhealthrecord.org/shr/environment/cs/AnimalExposureCS"/>
      <concept>
        <code value="dog"/>
        <display value="dog"/>
      </concept>
      <concept>
        <code value="cat"/>
        <display value="cat"/>
      </concept>
      <concept>
        <code value="bird"/>
        <display value="bird"/>
      </concept>
      <concept>
        <code value="fish"/>
        <display value="fish"/>
      </concept>
      <concept>
        <code value="reptile"/>
        <display value="reptile"/>
      </concept>
      <concept>
        <code value="rodent"/>
        <display value="rodent"/>
      </concept>
      <concept>
        <code value="primate"/>
        <display value="monkey or ape"/>
      </concept>
      <concept>
        <code value="livestock"/>
        <display value="livestock"/>
      </concept>
      <concept>
        <code value="chicken"/>
        <display value="chicken"/>
      </concept>
    </include>
  </compose>
</ValueSet>