<?xml version="1.0" encoding="UTF-8"?>

<ValueSet xmlns="http://hl7.org/fhir">
  <id value="shr-lifehistory-USMilitaryBranchVS"/>
  <meta>
    <profile value="http://hl7.org/fhir/StructureDefinition/valueset-shareable-definition"/>
  </meta>
  <text>
    <status value="generated"/><div xmlns="http://www.w3.org/1999/xhtml">
<p><b>SHR USMilitaryBranchVS ValueSet</b></p>
<p/>
</div>
  </text>
  <url value="http://standardhealthrecord.org/shr/lifehistory/vs/USMilitaryBranchVS"/>
  <identifier>
    <system value="http://standardhealthrecord.org"/>
    <value value="shr.lifehistory.USMilitaryBranchVS"/>
  </identifier>
  <version value="0.0.1"/>
  <name value="SHR USMilitaryBranchVS ValueSet"/>
  <title value="SHR USMilitaryBranchVS ValueSet"/>
  <status value="draft"/>
  <date value="2017-08-01T02:25:17.610Z"/>
  <publisher value="The MITRE Corporation: Standard Health Record Collaborative"/>
  <contact>
    <telecom>
      <system value="url"/>
      <value value="http://www.standardhealthrecord.org"/>
    </telecom>
  </contact>
  <compose>
    <include>
      <system value="http://standardhealthrecord.org/shr/lifehistory/cs/USMilitaryBranchCS"/>
      <concept>
        <code value="usa"/>
        <display value="US Army"/>
      </concept>
      <concept>
        <code value="usn"/>
        <display value="US Navy"/>
      </concept>
      <concept>
        <code value="usaf"/>
        <display value="US Air Force"/>
      </concept>
      <concept>
        <code value="usmc"/>
        <display value="US Marine Corps"/>
      </concept>
      <concept>
        <code value="uscg"/>
        <display value="US Coast Guard"/>
      </concept>
      <concept>
        <code value="usphc"/>
        <display value="US Public Health Service"/>
      </concept>
      <concept>
        <code value="noaa"/>
        <display value="National Oceanic and Atmospheric Administration"/>
      </concept>
    </include>
  </compose>
</ValueSet>