<?xml version="1.0" encoding="UTF-8"?>

<ValueSet xmlns="http://hl7.org/fhir">
  <id value="shr-vital-BloodPressureQualifierVS"/>
  <meta>
    <profile value="http://hl7.org/fhir/StructureDefinition/valueset-shareable-definition"/>
  </meta>
  <text>
    <status value="generated"/><div xmlns="http://www.w3.org/1999/xhtml">
<p><b>SHR BloodPressureQualifierVS ValueSet</b></p>
<p>Code further describing the blood pressure measurement.</p>
</div>
  </text>
  <url value="http://standardhealthrecord.org/shr/vital/vs/BloodPressureQualifierVS"/>
  <identifier>
    <system value="http://standardhealthrecord.org"/>
    <value value="shr.vital.BloodPressureQualifierVS"/>
  </identifier>
  <version value="0.0.1"/>
  <name value="SHR BloodPressureQualifierVS ValueSet"/>
  <title value="SHR BloodPressureQualifierVS ValueSet"/>
  <status value="draft"/>
  <date value="2017-08-01T01:59:59.893Z"/>
  <publisher value="The MITRE Corporation: Standard Health Record Collaborative"/>
  <contact>
    <telecom>
      <system value="url"/>
      <value value="http://www.standardhealthrecord.org"/>
    </telecom>
  </contact>
  <description value="Code further describing the blood pressure measurement."/>
  <compose>
    <include>
      <system value="http://standardhealthrecord.org/shr/vital/cs/BloodPressureQualifierCS"/>
      <concept>
        <code value="pre_transfusion"/>
        <display value="pre transfusion"/>
      </concept>
      <concept>
        <code value="post_transfusion"/>
        <display value="post transfusion"/>
      </concept>
      <concept>
        <code value="pre_phlebotomy"/>
        <display value="pre phlebotomy"/>
      </concept>
      <concept>
        <code value="post_phlebotomy"/>
        <display value="post phlebotomy"/>
      </concept>
      <concept>
        <code value="expiration"/>
        <display value="during expiration"/>
      </concept>
      <concept>
        <code value="inspiration"/>
        <display value="during inspiration"/>
      </concept>
    </include>
    <include>
      <system value="http://ncimeta.nci.nih.gov"/>
      <concept>
        <code value="C0242880"/>
        <display value="During tilt table test"/>
      </concept>
    </include>
  </compose>
</ValueSet>