<?xml version="1.0" encoding="UTF-8"?>

<ValueSet xmlns="http://hl7.org/fhir">
  <id value="shr-actor-HealthcareRoleVS"/>
  <meta>
    <profile value="http://hl7.org/fhir/StructureDefinition/valueset-shareable-definition"/>
  </meta>
  <text>
    <status value="generated"/><div xmlns="http://www.w3.org/1999/xhtml">
<p><b>SHR HealthcareRoleVS ValueSet</b></p>
<p/>
</div>
  </text>
  <url value="http://standardhealthrecord.org/shr/actor/vs/HealthcareRoleVS"/>
  <identifier>
    <system value="http://standardhealthrecord.org"/>
    <value value="shr.actor.HealthcareRoleVS"/>
  </identifier>
  <version value="0.0.1"/>
  <name value="SHR HealthcareRoleVS ValueSet"/>
  <title value="SHR HealthcareRoleVS ValueSet"/>
  <status value="draft"/>
  <date value="2017-08-01T03:41:40.605Z"/>
  <publisher value="The MITRE Corporation: Standard Health Record Collaborative"/>
  <contact>
    <telecom>
      <system value="url"/>
      <value value="http://www.standardhealthrecord.org"/>
    </telecom>
  </contact>
  <compose>
    <include>
      <system value="http://ncimeta.nci.nih.gov"/>
      <concept>
        <code value="C0079382"/>
        <display value="Friend"/>
      </concept>
      <concept>
        <code value="C0008935"/>
        <display value="Clergy"/>
      </concept>
      <concept>
        <code value="C0037444"/>
        <display value="Social worker"/>
      </concept>
      <concept>
        <code value="C0687694"/>
        <display value="Case manager"/>
      </concept>
      <concept>
        <code value="C0086530"/>
        <display value="Lawyer"/>
      </concept>
      <concept>
        <code value="C0023226"/>
        <display value="Legal guardian"/>
      </concept>
      <concept>
        <code value="C0337468"/>
        <display value="Foster parent"/>
      </concept>
      <concept>
        <code value="C0030697"/>
        <display value="Patient ombudsman"/>
      </concept>
      <concept>
        <code value="C2348942"/>
        <display value="Payer"/>
      </concept>
      <concept>
        <code value="C0040757"/>
        <display value="Transportation provider"/>
      </concept>
      <concept>
        <code value="C0204977"/>
        <display value="Provider of home care"/>
      </concept>
      <concept>
        <code value="C0508797"/>
        <display value="Medication assistance"/>
      </concept>
      <concept>
        <code value="C0871042"/>
        <display value="Parole officer"/>
      </concept>
      <concept>
        <code value="C0042799"/>
        <display value="Visting nurse"/>
      </concept>
      <concept>
        <code value="C1552023"/>
        <display value="Emergency contact"/>
      </concept>
    </include>
  </compose>
</ValueSet>