<?xml version="1.0" encoding="UTF-8"?>

<ValueSet xmlns="http://hl7.org/fhir">
  <id value="shr-lifehistory-MilitaryServiceDischargeStatusVS"/>
  <meta>
    <profile value="http://hl7.org/fhir/StructureDefinition/valueset-shareable-definition"/>
  </meta>
  <text>
    <status value="generated"/><div xmlns="http://www.w3.org/1999/xhtml">
<p><b>SHR MilitaryServiceDischargeStatusVS ValueSet</b></p>
<p/>
</div>
  </text>
  <url value="http://standardhealthrecord.org/shr/lifehistory/vs/MilitaryServiceDischargeStatusVS"/>
  <identifier>
    <system value="http://standardhealthrecord.org"/>
    <value value="shr.lifehistory.MilitaryServiceDischargeStatusVS"/>
  </identifier>
  <version value="0.0.1"/>
  <name value="SHR MilitaryServiceDischargeStatusVS ValueSet"/>
  <title value="SHR MilitaryServiceDischargeStatusVS ValueSet"/>
  <status value="draft"/>
  <date value="2017-07-31T16:44:15.697Z"/>
  <publisher value="The MITRE Corporation: Standard Health Record Collaborative"/>
  <contact>
    <telecom>
      <system value="url"/>
      <value value="http://www.standardhealthrecord.org"/>
    </telecom>
  </contact>
  <compose>
    <include>
      <system value="http://standardhealthrecord.org/shr/lifehistory/cs/MilitaryServiceDischargeStatusCS"/>
      <concept>
        <code value="bad"/>
        <display value="Bad Conduct Discharge"/>
      </concept>
      <concept>
        <code value="dishonorable"/>
        <display value="Dishonorable discharge"/>
      </concept>
      <concept>
        <code value="general"/>
        <display value="General Conduct Discharge"/>
      </concept>
      <concept>
        <code value="honorable"/>
        <display value="Honorable Discharge"/>
      </concept>
      <concept>
        <code value="not_honorable"/>
        <display value="Other than honorable discharge, but not specified"/>
      </concept>
    </include>
  </compose>
</ValueSet>