<?xml version="1.0" encoding="UTF-8"?><CodeSystem xmlns="http://hl7.org/fhir"><id value="shr-problem-EvidenceQualityCS"/><meta><profile value="http://hl7.org/fhir/StructureDefinition/codesystem-shareable-definition"/></meta><text><status value="generated"/><div xmlns="http://www.w3.org/1999/xhtml">
<p><b>SHR EvidenceQualityCS CodeSystem</b></p>
<p/>
</div></text><url value="http://standardhealthrecord.org/shr/problem/cs/EvidenceQualityCS"/><identifier><system value="http://standardhealthrecord.org"/><value value="shr.problem.EvidenceQualityCS"/></identifier><version value="0.0.1"/><name value="SHR EvidenceQualityCS CodeSystem"/><title value="SHR EvidenceQualityCS CodeSystem"/><status value="draft"/><date value="2017-05-10T18:00:13.089Z"/><publisher value="The MITRE Corporation: Standard Health Record Collaborative"/><contact><telecom><system value="url"/><value value="http://www.standardhealthrecord.org"/></telecom></contact><caseSensitive value="true"/><content value="complete"/><count value="3"/><concept><code value="compelling_evidence"/><display value="Compelling evidence; indicates that assessments are based on high-quality information from multiple sources. High quality evidence does not imply that the assessment is a fact or certainty."/><definition value="Compelling evidence; indicates that assessments are based on high-quality information from multiple sources. High quality evidence does not imply that the assessment is a fact or certainty."/></concept><concept><code value="suggestive_evidence"/><display value="Suggestive evidence; indicates that assessments are based on credible and plausible information, but not of sufficient quality or corroborated sufficiently to warrant a higher level of confidence."/><definition value="Suggestive evidence; indicates that assessments are based on credible and plausible information, but not of sufficient quality or corroborated sufficiently to warrant a higher level of confidence."/></concept><concept><code value="weak_evidence"/><display value="Weak evidence, its credibility and/or plausibility is uncertain, fragmented or poorly corroborated to make solid judgments."/><definition value="Weak evidence, its credibility and/or plausibility is uncertain, fragmented or poorly corroborated to make solid judgments."/></concept></CodeSystem>