<?xml version="1.0" encoding="UTF-8"?><CodeSystem xmlns="http://hl7.org/fhir"><id value="shr-environment-ExposureReasonCS"/><text><status value="generated"/><div xmlns="http://www.w3.org/1999/xhtml">
<p><b>SHR ExposureReasonCS CodeSystem</b></p>
<p>The reason that an exposure occurred.</p>
</div></text><url value="http://standardhealthrecord.org/shr/environment/cs/ExposureReasonCS"/><identifier><system value="http://standardhealthrecord.org"/><value value="shr.environment.ExposureReasonCS"/></identifier><version value="0.0.1"/><name value="SHR ExposureReasonCS CodeSystem"/><title value="SHR ExposureReasonCS CodeSystem"/><status value="draft"/><date value="2017-12-20"/><publisher value="The MITRE Corporation: Standard Health Record Collaborative"/><contact><telecom><system value="url"/><value value="http://standardhealthrecord.org"/></telecom></contact><description value="The reason that an exposure occurred."/><caseSensitive value="true"/><content value="complete"/><count value="7"/><concept><code value="voluntary"/><display value="The subject voluntarily subjects him or herself to the exposure, for example, smoking or using a drug recreationally."/><definition value="The subject voluntarily subjects him or herself to the exposure, for example, smoking or using a drug recreationally."/></concept><concept><code value="addiction"/><display value="The subject is addicted to the substance."/><definition value="The subject is addicted to the substance."/></concept><concept><code value="self_prescribed"/><display value="The subject takes a non-prescription substance to address health issues or for prevention, e.g. herbal remedy for depression."/><definition value="The subject takes a non-prescription substance to address health issues or for prevention, e.g. herbal remedy for depression."/></concept><concept><code value="occupational"/><display value="Exposure in a workplace setting."/><definition value="Exposure in a workplace setting."/></concept><concept><code value="home"/><display value="Exposure in home setting."/><definition value="Exposure in home setting."/></concept><concept><code value="passive"/><display value="The exposure occurred or occurs involuntarily, e.g., exposure to second-hand smoke."/><definition value="The exposure occurred or occurs involuntarily, e.g., exposure to second-hand smoke."/></concept><concept><code value="accidental"/><display value="The exposure as a result of an accident."/><definition value="The exposure as a result of an accident."/></concept></CodeSystem>