<?xml version="1.0" encoding="UTF-8"?><CodeSystem xmlns="http://hl7.org/fhir"><id value="shr-core-QualitativeFrequencyCS"/><text><status value="generated"/><div xmlns="http://www.w3.org/1999/xhtml">
<p><b>SHR QualitativeFrequencyCS CodeSystem</b></p>
<p/>
</div></text><url value="http://standardhealthrecord.org/shr/core/cs/QualitativeFrequencyCS"/><identifier><system value="http://standardhealthrecord.org"/><value value="shr.core.QualitativeFrequencyCS"/></identifier><version value="0.0.1"/><name value="SHR QualitativeFrequencyCS CodeSystem"/><title value="SHR QualitativeFrequencyCS CodeSystem"/><status value="draft"/><date value="2017-12-19"/><publisher value="The MITRE Corporation: Standard Health Record Collaborative"/><contact><telecom><system value="url"/><value value="http://standardhealthrecord.org"/></telecom></contact><caseSensitive value="true"/><content value="complete"/><count value="5"/><concept><code value="always"/><display value="Virtually always or every time"/><definition value="Virtually always or every time"/></concept><concept><code value="usually"/><display value="Frequently or often"/><definition value="Frequently or often"/></concept><concept><code value="sometimes"/><display value="Occasionally or sometimes"/><definition value="Occasionally or sometimes"/></concept><concept><code value="rarely"/><display value="Rarely"/><definition value="Rarely"/></concept><concept><code value="never"/><display value="Never"/><definition value="Never"/></concept></CodeSystem>