<?xml version="1.0" encoding="UTF-8"?><CodeSystem xmlns="http://hl7.org/fhir"><id value="shr-vital-RespiratoryRateMethodCS"/><meta><profile value="http://hl7.org/fhir/StructureDefinition/codesystem-shareable-definition"/></meta><text><status value="generated"/><div xmlns="http://www.w3.org/1999/xhtml">
<p><b>SHR RespiratoryRateMethodCS CodeSystem</b></p>
<p>Methods of measuring respiratory rate.</p>
</div></text><url value="http://standardhealthrecord.org/shr/vital/cs/RespiratoryRateMethodCS"/><identifier><system value="http://standardhealthrecord.org"/><value value="shr.vital.RespiratoryRateMethodCS"/></identifier><version value="0.0.1"/><name value="SHR RespiratoryRateMethodCS CodeSystem"/><title value="SHR RespiratoryRateMethodCS CodeSystem"/><status value="draft"/><date value="2017-05-10T18:00:13.089Z"/><publisher value="The MITRE Corporation: Standard Health Record Collaborative"/><contact><telecom><system value="url"/><value value="http://www.standardhealthrecord.org"/></telecom></contact><description value="Methods of measuring respiratory rate."/><caseSensitive value="true"/><content value="complete"/><count value="6"/><concept><code value="acoustic"/><display value="Acoustic measurement"/><definition value="Acoustic measurement"/></concept><concept><code value="airway_flow"/><display value="Airway flow measurement"/><definition value="Airway flow measurement"/></concept><concept><code value="co2"/><display value="Carbon dioxide measurement"/><definition value="Carbon dioxide measurement"/></concept><concept><code value="imped"/><display value="Transthoracic impedance"/><definition value="Transthoracic impedance"/></concept><concept><code value="spiro"/><display value="Spirometry"/><definition value="Spirometry"/></concept><concept><code value="capillary"/><display value="Capillary blood"/><definition value="Capillary blood"/></concept></CodeSystem>