<?xml version="1.0" encoding="UTF-8"?><CodeSystem xmlns="http://hl7.org/fhir"><id value="shr-oncology-MammaprintRiskScoreInterpretationCS"/><text><status value="generated"/><div xmlns="http://www.w3.org/1999/xhtml">
<p><b>SHR MammaprintRiskScoreInterpretationCS CodeSystem</b></p>
<p>Intepretation of Mammaprint Recurrence Score</p>
</div></text><url value="http://standardhealthrecord.org/shr/oncology/cs/MammaprintRiskScoreInterpretationCS"/><identifier><system value="http://standardhealthrecord.org"/><value value="shr.oncology.MammaprintRiskScoreInterpretationCS"/></identifier><version value="0.1.0"/><name value="MammaprintRiskScoreInterpretationCS"/><title value="SHR MammaprintRiskScoreInterpretationCS CodeSystem"/><status value="draft"/><date value="2018-08-22T00:00:00-04:00"/><publisher value="The MITRE Corporation: Standard Health Record Collaborative"/><contact><telecom><system value="url"/><value value="http://standardhealthrecord.org"/></telecom></contact><description value="Intepretation of Mammaprint Recurrence Score"/><caseSensitive value="true"/><content value="complete"/><count value="2"/><concept><code value="low_risk"/><display value="Score between 0.0 and +1.0, meaning a patient has on average a 10% chance that her cancer will recur within 10 years without any additional adjuvant treatment, either hormonal therapy or chemotherapy."/><definition value="Score between 0.0 and +1.0, meaning a patient has on average a 10% chance that her cancer will recur within 10 years without any additional adjuvant treatment, either hormonal therapy or chemotherapy."/></concept><concept><code value="high_risk"/><display value="Score between -1.0 and 0.0, meaning a patient has a 29% chance that her cancer will recur within 10 years without any additional adjuvant treatment, either hormonal therapy or chemotherapy."/><definition value="Score between -1.0 and 0.0, meaning a patient has a 29% chance that her cancer will recur within 10 years without any additional adjuvant treatment, either hormonal therapy or chemotherapy."/></concept></CodeSystem>