<?xml version="1.0" encoding="UTF-8"?><CodeSystem xmlns="http://hl7.org/fhir"><id value="shr-oncology-StagingMethodCS"/><text><status value="generated"/><div xmlns="http://www.w3.org/1999/xhtml">
<p><b>SHR StagingMethodCS CodeSystem</b></p>
<p>The methodology or standard used to do the staging.</p>
</div></text><url value="http://standardhealthrecord.org/shr/oncology/cs/StagingMethodCS"/><identifier><system value="http://standardhealthrecord.org"/><value value="shr.oncology.StagingMethodCS"/></identifier><version value="0.0.1"/><name value="SHR StagingMethodCS CodeSystem"/><title value="SHR StagingMethodCS CodeSystem"/><status value="draft"/><date value="2017-12-20"/><publisher value="The MITRE Corporation: Standard Health Record Collaborative"/><contact><telecom><system value="url"/><value value="http://standardhealthrecord.org"/></telecom></contact><description value="The methodology or standard used to do the staging."/><caseSensitive value="true"/><content value="complete"/><count value="2"/><concept><code value="ajcc_v7"/><display value="AJCC Breast Carcinoma Version 7"/><definition value="AJCC Breast Carcinoma Version 7"/></concept><concept><code value="ajcc_v8"/><display value="AJCC Breast Carcinoma Version 8"/><definition value="AJCC Breast Carcinoma Version 8"/></concept></CodeSystem>