<?xml version="1.0" encoding="UTF-8"?><CodeSystem xmlns="http://hl7.org/fhir"><id value="shr-lifehistory-TeratogenCS"/><text><status value="generated"/><div xmlns="http://www.w3.org/1999/xhtml">
<p><b>SHR TeratogenCS CodeSystem</b></p>
<p/>
</div></text><url value="http://standardhealthrecord.org/shr/lifehistory/cs/TeratogenCS"/><identifier><system value="http://standardhealthrecord.org"/><value value="shr.lifehistory.TeratogenCS"/></identifier><version value="0.0.1"/><name value="SHR TeratogenCS CodeSystem"/><title value="SHR TeratogenCS CodeSystem"/><status value="draft"/><date value="2017-12-19"/><publisher value="The MITRE Corporation: Standard Health Record Collaborative"/><contact><telecom><system value="url"/><value value="http://standardhealthrecord.org"/></telecom></contact><caseSensitive value="true"/><content value="complete"/><count value="56"/><concept><code value="chlamydia"/><display value="Chlamydia"/><definition value="Chlamydia"/></concept><concept><code value="pneumonia"/><display value="Pneumonia"/><definition value="Pneumonia"/></concept><concept><code value="gonorrhea"/><display value="Gonorrhea"/><definition value="Gonorrhea"/></concept><concept><code value="rubella"/><display value="Rubella (German Measles)"/><definition value="Rubella (German Measles)"/></concept><concept><code value="herpes"/><display value="Herpes"/><definition value="Herpes"/></concept><concept><code value="scarlet"/><display value="Scarlet Fever"/><definition value="Scarlet Fever"/></concept><concept><code value="hiv"/><display value="HIV"/><definition value="HIV"/></concept><concept><code value="syphilis"/><display value="Syphilis"/><definition value="Syphilis"/></concept><concept><code value="mumps"/><display value="Mumps"/><definition value="Mumps"/></concept><concept><code value="toxoplasmosis"/><display value="Toxoplasmosis"/><definition value="Toxoplasmosis"/></concept><concept><code value="tuberculosis"/><display value="Tuberculosis"/><definition value="Tuberculosis"/></concept><concept><code value="influenza"/><display value="Influenza"/><definition value="Influenza"/></concept><concept><code value="accutane"/><display value="Accutane"/><definition value="Accutane"/></concept><concept><code value="hexachlorophene"/><display value="Hexachlorophene"/><definition value="Hexachlorophene"/></concept><concept><code value="alcohol"/><display value="Alcohol"/><definition value="Alcohol"/></concept><concept><code value="iodides"/><display value="Iodides"/><definition value="Iodides"/></concept><concept><code value="amphetamines"/><display value="Amphetamines"/><definition value="Amphetamines"/></concept><concept><code value="lithium"/><display value="Lithium"/><definition value="Lithium"/></concept><concept><code value="antibiotics"/><display value="Antibiotics"/><definition value="Antibiotics"/></concept><concept><code value="lsd"/><display value="LSD"/><definition value="LSD"/></concept><concept><code value="anti-cancer"/><display value="Anti-cancer drugs"/><definition value="Anti-cancer drugs"/></concept><concept><code value="opiates"/><display value="Opiates"/><definition value="Opiates"/></concept><concept><code value="anticoagulant"/><display value="Anticoagulant drugs"/><definition value="Anticoagulant drugs"/></concept><concept><code value="quinine"/><display value="Quinine"/><definition value="Quinine"/></concept><concept><code value="aspirin"/><display value="Aspirin"/><definition value="Aspirin"/></concept><concept><code value="sedatives"/><display value="Sedatives"/><definition value="Sedatives"/></concept><concept><code value="barbiturates"/><display value="Barbiturates"/><definition value="Barbiturates"/></concept><concept><code value="smallpox"/><display value="Smallpox vaccination"/><definition value="Smallpox vaccination"/></concept><concept><code value="caffeine"/><display value="Caffeine"/><definition value="Caffeine"/></concept><concept><code value="thalidomide"/><display value="Thalidomide"/><definition value="Thalidomide"/></concept><concept><code value="nicotine"/><display value="Nicotine"/><definition value="Nicotine"/></concept><concept><code value="tranquilizers"/><display value="Tranquilizers"/><definition value="Tranquilizers"/></concept><concept><code value="cocaine"/><display value="Cocaine"/><definition value="Cocaine"/></concept><concept><code value="vitamins"/><display value="Vitamins in excess"/><definition value="Vitamins in excess"/></concept><concept><code value="des"/><display value="Diethylstilbestrol (DES)"/><definition value="Diethylstilbestrol (DES)"/></concept><concept><code value="marijuana"/><display value="Marijuana"/><definition value="Marijuana"/></concept><concept><code value="cadmium"/><display value="Cadmium"/><definition value="Cadmium"/></concept><concept><code value="mercury"/><display value="Mercury"/><definition value="Mercury"/></concept><concept><code value="cat"/><display value="Cat feces"/><definition value="Cat feces"/></concept><concept><code value="nickel"/><display value="Nickel"/><definition value="Nickel"/></concept><concept><code value="fumes"/><display value="Fumes from paints, solvents, glues, dry-cleaning fluids"/><definition value="Fumes from paints, solvents, glues, dry-cleaning fluids"/></concept><concept><code value="pesticides"/><display value="Pesticides"/><definition value="Pesticides"/></concept><concept><code value="insecticides"/><display value="Insecticides"/><definition value="Insecticides"/></concept><concept><code value="herbicides"/><display value="Herbicides"/><definition value="Herbicides"/></concept><concept><code value="manganese"/><display value="Manganese"/><definition value="Manganese"/></concept><concept><code value="radiation"/><display value="Radiation (X-rays, Video Display Terminals)"/><definition value="Radiation (X-rays, Video Display Terminals)"/></concept><concept><code value="hair"/><display value="Hair dyes"/><definition value="Hair dyes"/></concept><concept><code value="polychlorinated"/><display value="Polychlorinated Biphenyls (PCBs)"/><definition value="Polychlorinated Biphenyls (PCBs)"/></concept><concept><code value="lead"/><display value="Lead"/><definition value="Lead"/></concept><concept><code value="alcoholism"/><display value="Alcoholism"/><definition value="Alcoholism"/></concept><concept><code value="chemical"/><display value="Chemical dependency"/><definition value="Chemical dependency"/></concept><concept><code value="phenylketonuria"/><display value="Phenylketonuria"/><definition value="Phenylketonuria"/></concept><concept><code value="rh"/><display value="Rh + factor"/><definition value="Rh + factor"/></concept><concept><code value="anemia"/><display value="Anemia"/><definition value="Anemia"/></concept><concept><code value="stress"/><display value="Stress"/><definition value="Stress"/></concept><concept><code value="diabetes"/><display value="Diabetes Mellitus"/><definition value="Diabetes Mellitus"/></concept></CodeSystem>