<?xml version="1.0" encoding="UTF-8"?><CodeSystem xmlns="http://hl7.org/fhir"><id value="shr-oncology-MitoticCountScoreCS"/><text><status value="generated"/><div xmlns="http://www.w3.org/1999/xhtml">
<p><b>SHR MitoticCountScoreCS CodeSystem</b></p>
<p>Value set containing the scores for Nottingham Histologic Score Mitotic Rate</p>
</div></text><url value="http://standardhealthrecord.org/shr/oncology/cs/MitoticCountScoreCS"/><identifier><system value="http://standardhealthrecord.org"/><value value="shr.oncology.MitoticCountScoreCS"/></identifier><version value="0.1.0"/><name value="MitoticCountScoreCS"/><title value="SHR MitoticCountScoreCS CodeSystem"/><status value="draft"/><date value="2018-08-22T00:00:00-04:00"/><publisher value="The MITRE Corporation: Standard Health Record Collaborative"/><contact><telecom><system value="url"/><value value="http://standardhealthrecord.org"/></telecom></contact><description value="Value set containing the scores for Nottingham Histologic Score Mitotic Rate"/><caseSensitive value="true"/><content value="complete"/><count value="3"/><concept><code value="score_1"/><display value="&lt;= 3 mitoses per mm2"/><definition value="&lt;= 3 mitoses per mm2"/></concept><concept><code value="score_2"/><display value="&gt;=4 and &lt;=7 mitoses per mm2"/><definition value="&gt;=4 and &lt;=7 mitoses per mm2"/></concept><concept><code value="score_3"/><display value="&gt;= 8 mitoses per mm2"/><definition value="&gt;= 8 mitoses per mm2"/></concept></CodeSystem>