<?xml version="1.0" encoding="UTF-8"?><CodeSystem xmlns="http://hl7.org/fhir"><id value="shr-vital-HeartRateMethodCS"/><text><status value="generated"/><div xmlns="http://www.w3.org/1999/xhtml">
<p><b>SHR HeartRateMethodCS CodeSystem</b></p>
<p>Method of measuring heart rate.</p>
</div></text><url value="http://standardhealthrecord.org/shr/vital/cs/HeartRateMethodCS"/><identifier><system value="http://standardhealthrecord.org"/><value value="shr.vital.HeartRateMethodCS"/></identifier><version value="0.0.1"/><name value="SHR HeartRateMethodCS CodeSystem"/><title value="SHR HeartRateMethodCS CodeSystem"/><status value="draft"/><date value="2017-12-19"/><publisher value="The MITRE Corporation: Standard Health Record Collaborative"/><contact><telecom><system value="url"/><value value="http://standardhealthrecord.org"/></telecom></contact><description value="Method of measuring heart rate."/><caseSensitive value="true"/><content value="complete"/><count value="7"/><concept><code value="pulseox"/><display value="Pulse oximetry"/><definition value="Pulse oximetry"/></concept><concept><code value="pedometer"/><display value="Pedometer"/><definition value="Pedometer"/></concept><concept><code value="auscul"/><display value="Auscultation"/><definition value="Auscultation"/></concept><concept><code value="palp"/><display value="Palpation"/><definition value="Palpation"/></concept><concept><code value="invasive"/><display value="Invasive (e.g. intra arterial)"/><definition value="Invasive (e.g. intra arterial)"/></concept><concept><code value="us_doppler"/><display value="US Doppler"/><definition value="US Doppler"/></concept><concept><code value="ecg"/><display value="Electrocardiogram"/><definition value="Electrocardiogram"/></concept></CodeSystem>