<?xml version="1.0" encoding="UTF-8"?>

<CodeSystem xmlns="http://hl7.org/fhir">
  <id value="shr-core-QualitativeDateTimeVS"/>
  <meta>
    <profile value="http://hl7.org/fhir/StructureDefinition/codesystem-shareable-definition"/>
  </meta>
  <text>
    <status value="generated"/><div xmlns="http://www.w3.org/1999/xhtml">
<p><b>SHR QualitativeDateTimeVS CodeSystem</b></p>
<p></p>
</div>
  </text>
  <url value="http://standardhealthrecord.org/fhir/CodeSystem/shr-core-QualitativeDateTimeVS"/>
  <identifier>
    <system value="http://standardhealthrecord.org"/>
    <value value="shr.core.QualitativeDateTimeVS"/>
  </identifier>
  <name value="SHR QualitativeDateTimeVS CodeSystem"/>
  <title value="SHR QualitativeDateTimeVS CodeSystem"/>
  <status value="draft"/>
  <publisher value="The MITRE Corporation: Standard Health Record Collaborative"/>
  <contact>
    <telecom>
      <system value="url"/>
      <value value="http://www.standardhealthrecord.org"/>
    </telecom>
  </contact>
  <date value="2017-04-06T15:42:37.915Z"/>
  <caseSensitive value="true"/>
  <content value="complete"/>
  <count value="20"/>
  <concept>
    <code value="past"/>
    <display value="A time or time period in the indefinite past"/>
    <definition value="A time or time period in the indefinite past"/>
  </concept>
  <concept>
    <code value="many_years_ago"/>
    <display value="Many years ago"/>
    <definition value="Many years ago"/>
  </concept>
  <concept>
    <code value="several_years_ago"/>
    <display value="Several years ago"/>
    <definition value="Several years ago"/>
  </concept>
  <concept>
    <code value="one_year_ago"/>
    <display value="About a year ago"/>
    <definition value="About a year ago"/>
  </concept>
  <concept>
    <code value="months_ago"/>
    <display value="Several months ago"/>
    <definition value="Several months ago"/>
  </concept>
  <concept>
    <code value="weeks_ago"/>
    <display value="Several weeks ago"/>
    <definition value="Several weeks ago"/>
  </concept>
  <concept>
    <code value="days_ago"/>
    <display value="Several days ago"/>
    <definition value="Several days ago"/>
  </concept>
  <concept>
    <code value="hours_ago"/>
    <display value="Several hours ago"/>
    <definition value="Several hours ago"/>
  </concept>
  <concept>
    <code value="minutes_ago"/>
    <display value="Several minutes ago"/>
    <definition value="Several minutes ago"/>
  </concept>
  <concept>
    <code value="preexisting"/>
    <display value="At a time previous to the current encounter or admission"/>
    <definition value="At a time previous to the current encounter or admission"/>
  </concept>
  <concept>
    <code value="now"/>
    <display value="Now, currently, presently continuing or ongoing"/>
    <definition value="Now, currently, presently continuing or ongoing"/>
  </concept>
  <concept>
    <code value="minutes_hence"/>
    <display value="Several minutes from now"/>
    <definition value="Several minutes from now"/>
  </concept>
  <concept>
    <code value="hours_hence"/>
    <display value="Several hours from now"/>
    <definition value="Several hours from now"/>
  </concept>
  <concept>
    <code value="days_hence"/>
    <display value="Several days from now"/>
    <definition value="Several days from now"/>
  </concept>
  <concept>
    <code value="weeks_hence"/>
    <display value="Several weeks from now"/>
    <definition value="Several weeks from now"/>
  </concept>
  <concept>
    <code value="months_hence"/>
    <display value="Several months from now"/>
    <definition value="Several months from now"/>
  </concept>
  <concept>
    <code value="one_year_hence"/>
    <display value="About a year from now"/>
    <definition value="About a year from now"/>
  </concept>
  <concept>
    <code value="several_years_hence"/>
    <display value="Several years from now"/>
    <definition value="Several years from now"/>
  </concept>
  <concept>
    <code value="many_years_hence"/>
    <display value="Many years from now"/>
    <definition value="Many years from now"/>
  </concept>
  <concept>
    <code value="future"/>
    <display value="A time or time period in the indefinite future"/>
    <definition value="A time or time period in the indefinite future"/>
  </concept>
</CodeSystem>