<?xml version="1.0" encoding="UTF-8"?><CodeSystem xmlns="http://hl7.org/fhir"><id value="shr-occupation-MilitaryServiceDischargeStatusCS"/><text><status value="generated"/><div xmlns="http://www.w3.org/1999/xhtml">
<p><b>SHR MilitaryServiceDischargeStatusCS CodeSystem</b></p>
<p>The way in which a separation from the armed services was achieved.</p>
</div></text><url value="http://standardhealthrecord.org/shr/occupation/cs/MilitaryServiceDischargeStatusCS"/><identifier><system value="http://standardhealthrecord.org"/><value value="shr.occupation.MilitaryServiceDischargeStatusCS"/></identifier><version value="0.1.0"/><name value="MilitaryServiceDischargeStatusCS"/><title value="SHR MilitaryServiceDischargeStatusCS CodeSystem"/><status value="draft"/><date value="2018-08-22T00:00:00-04:00"/><publisher value="The MITRE Corporation: Standard Health Record Collaborative"/><contact><telecom><system value="url"/><value value="http://standardhealthrecord.org"/></telecom></contact><description value="The way in which a separation from the armed services was achieved."/><caseSensitive value="true"/><content value="complete"/><count value="5"/><concept><code value="bad"/><display value="Bad Conduct Discharge"/><definition value="Bad Conduct Discharge"/></concept><concept><code value="dishonorable"/><display value="Dishonorable discharge"/><definition value="Dishonorable discharge"/></concept><concept><code value="general"/><display value="General Conduct Discharge"/><definition value="General Conduct Discharge"/></concept><concept><code value="honorable"/><display value="Honorable Discharge"/><definition value="Honorable Discharge"/></concept><concept><code value="not_honorable"/><display value="Other than honorable discharge, but not specified"/><definition value="Other than honorable discharge, but not specified"/></concept></CodeSystem>