<?xml version="1.0" encoding="UTF-8"?><CodeSystem xmlns="http://hl7.org/fhir"><id value="shr-sex-ContraceptiveMethodReasonCS"/><meta><profile value="http://hl7.org/fhir/StructureDefinition/codesystem-shareable-definition"/></meta><text><status value="generated"/><div xmlns="http://www.w3.org/1999/xhtml">
<p><b>SHR ContraceptiveMethodReasonCS CodeSystem</b></p>
<p/>
</div></text><url value="http://standardhealthrecord.org/shr/sex/cs/ContraceptiveMethodReasonCS"/><identifier><system value="http://standardhealthrecord.org"/><value value="shr.sex.ContraceptiveMethodReasonCS"/></identifier><version value="0.0.1"/><name value="SHR ContraceptiveMethodReasonCS CodeSystem"/><title value="SHR ContraceptiveMethodReasonCS CodeSystem"/><status value="draft"/><date value="2017-05-10T18:00:13.089Z"/><publisher value="The MITRE Corporation: Standard Health Record Collaborative"/><contact><telecom><system value="url"/><value value="http://www.standardhealthrecord.org"/></telecom></contact><caseSensitive value="true"/><content value="complete"/><count value="5"/><concept><code value="control"/><display value="Gives subject control the use of contraceptive."/><definition value="Gives subject control the use of contraceptive."/></concept><concept><code value="safer_sex"/><display value="Method of contraceptive provides safer sex."/><definition value="Method of contraceptive provides safer sex."/></concept><concept><code value="convenient"/><display value="Easy to use."/><definition value="Easy to use."/></concept><concept><code value="long_term"/><display value="Provides long term protection."/><definition value="Provides long term protection."/></concept><concept><code value="available"/><display value="Easily available, affordable."/><definition value="Easily available, affordable."/></concept></CodeSystem>