<?xml version="1.0" encoding="UTF-8"?><CodeSystem xmlns="http://hl7.org/fhir"><id value="shr-lifehistory-EmploymentStatusCS"/><meta><profile value="http://hl7.org/fhir/StructureDefinition/codesystem-shareable-definition"/></meta><text><status value="generated"/><div xmlns="http://www.w3.org/1999/xhtml">
<p><b>SHR EmploymentStatusCS CodeSystem</b></p>
<p/>
</div></text><url value="http://standardhealthrecord.org/shr/lifehistory/cs/EmploymentStatusCS"/><identifier><system value="http://standardhealthrecord.org"/><value value="shr.lifehistory.EmploymentStatusCS"/></identifier><version value="0.0.1"/><name value="SHR EmploymentStatusCS CodeSystem"/><title value="SHR EmploymentStatusCS CodeSystem"/><status value="draft"/><date value="2017-05-10T18:00:13.088Z"/><publisher value="The MITRE Corporation: Standard Health Record Collaborative"/><contact><telecom><system value="url"/><value value="http://www.standardhealthrecord.org"/></telecom></contact><caseSensitive value="true"/><content value="complete"/><count value="13"/><concept><code value="self_employed"/><display value="Self employed"/><definition value="Self employed"/></concept><concept><code value="full_time"/><display value="Works in military or community setting on a full time basis (35 or more hours per week), receiving pay at minimum wage or higher, in a mainstream integrated setting, in a job that was not set aside for mental health clients."/><definition value="Works in military or community setting on a full time basis (35 or more hours per week), receiving pay at minimum wage or higher, in a mainstream integrated setting, in a job that was not set aside for mental health clients."/></concept><concept><code value="part_time"/><display value="Works in military or community setting on a full time basis (less than 35 hours per week), receiving pay at minimum wage or higher, in a mainstream integrated setting, in a job that was not set aside for mental health clients."/><definition value="Works in military or community setting on a full time basis (less than 35 hours per week), receiving pay at minimum wage or higher, in a mainstream integrated setting, in a job that was not set aside for mental health clients."/></concept><concept><code value="work_training"/><display value="Facility or community based paid training program that teaches the meaning, value and demands of work. Individuals perform paid work activities and are accompanied by a job coach. These paid work activities are geared towards assisting the individual in gaining work experience and developing the soft skills needed to obtain competitive employment. Participation in work adjustment training programs should preferably be time-limited, with a long term goal of obtaining competitive employment. Participation in a work adjustment training program is set aside for mental health clients and/or other participants of a rehabilitation program."/><definition value="Facility or community based paid training program that teaches the meaning, value and demands of work. Individuals perform paid work activities and are accompanied by a job coach. These paid work activities are geared towards assisting the individual in gaining work experience and developing the soft skills needed to obtain competitive employment. Participation in work adjustment training programs should preferably be time-limited, with a long term goal of obtaining competitive employment. Participation in a work adjustment training program is set aside for mental health clients and/or other participants of a rehabilitation program."/></concept><concept><code value="transitional"/><display value="Temporary employment placement secured by a vocational agency (such as a Fountain House model clubhouse program) and set aside for mental health clients. Employment is paid and is in an integrated / mainstream business setting. Individuals are actual employees of the company, not of the clubhouse. Individuals are paid at least minimum wage, and preferably the prevailing rate received by regular company employees for the same job. Placement work is done in the company&#x2019;s place of business, never in the clubhouse."/><definition value="Temporary employment placement secured by a vocational agency (such as a Fountain House model clubhouse program) and set aside for mental health clients. Employment is paid and is in an integrated / mainstream business setting. Individuals are actual employees of the company, not of the clubhouse. Individuals are paid at least minimum wage, and preferably the prevailing rate received by regular company employees for the same job. Placement work is done in the company&#x2019;s place of business, never in the clubhouse."/></concept><concept><code value="unemployed"/><display value="Not currently employed, but looking for work in the past 30 days or on layoff from a job."/><definition value="Not currently employed, but looking for work in the past 30 days or on layoff from a job."/></concept><concept><code value="volunteer"/><display value="Volunteers (unpaid) their time in the community on a regular basis, and does not fit the criteria for Employed, Transitional Employment, or Work Adjustment Training"/><definition value="Volunteers (unpaid) their time in the community on a regular basis, and does not fit the criteria for Employed, Transitional Employment, or Work Adjustment Training"/></concept><concept><code value="unpaid_rehab"/><display value="Engaged in any rehabilitation activity not already specified in one of the other categories, such as: work exploration, pre-vocational skill building groups and activities, community activities such as church groups, social skill building activities, mobility training, adjustment to disability training, etc."/><definition value="Engaged in any rehabilitation activity not already specified in one of the other categories, such as: work exploration, pre-vocational skill building groups and activities, community activities such as church groups, social skill building activities, mobility training, adjustment to disability training, etc."/></concept><concept><code value="homemaker"/><display value="Manages their family household as a principal occupation, and performs household duties for others"/><definition value="Manages their family household as a principal occupation, and performs household duties for others"/></concept><concept><code value="student"/><display value="Currently in school and not involved in any other work activity. If an individual is in school, but otherwise employed, they shall be categorized in the appropriate employment category."/><definition value="Currently in school and not involved in any other work activity. If an individual is in school, but otherwise employed, they shall be categorized in the appropriate employment category."/></concept><concept><code value="retired"/><display value="Individual has concluded their working or professional career, and does not fit the criteria for Student or Volunteer"/><definition value="Individual has concluded their working or professional career, and does not fit the criteria for Student or Volunteer"/></concept><concept><code value="disabled"/><display value="Not currently employed or looking for work due to disability. Not involved in any other rehabilitation activity."/><definition value="Not currently employed or looking for work due to disability. Not involved in any other rehabilitation activity."/></concept><concept><code value="confined"/><display value="Individual resides in a jail or correctional facility and is unable to work."/><definition value="Individual resides in a jail or correctional facility and is unable to work."/></concept></CodeSystem>