<?xml version="1.0" encoding="UTF-8"?>

<CodeSystem xmlns="http://hl7.org/fhir">
  <id value="shr-vital-HeartRateMethodVS"/>
  <meta>
    <profile value="http://hl7.org/fhir/StructureDefinition/codesystem-shareable-definition"/>
  </meta>
  <text>
    <status value="generated"/><div xmlns="http://www.w3.org/1999/xhtml">
<p><b>SHR HeartRateMethodVS CodeSystem</b></p>
<p>Method of measuring heart rate.</p>
</div>
  </text>
  <url value="http://standardhealthrecord.org/fhir/CodeSystem/shr-vital-HeartRateMethodVS"/>
  <identifier>
    <system value="http://standardhealthrecord.org"/>
    <value value="shr.vital.HeartRateMethodVS"/>
  </identifier>
  <name value="SHR HeartRateMethodVS CodeSystem"/>
  <title value="SHR HeartRateMethodVS CodeSystem"/>
  <status value="draft"/>
  <publisher value="The MITRE Corporation: Standard Health Record Collaborative"/>
  <contact>
    <telecom>
      <system value="url"/>
      <value value="http://www.standardhealthrecord.org"/>
    </telecom>
  </contact>
  <date value="2017-04-06T15:42:37.918Z"/>
  <description value="Method of measuring heart rate."/>
  <caseSensitive value="true"/>
  <content value="complete"/>
  <count value="7"/>
  <concept>
    <code value="pulseox"/>
    <display value="Pulse oximetry"/>
    <definition value="Pulse oximetry"/>
  </concept>
  <concept>
    <code value="pedometer"/>
    <display value="Pedometer"/>
    <definition value="Pedometer"/>
  </concept>
  <concept>
    <code value="auscul"/>
    <display value="Auscultation"/>
    <definition value="Auscultation"/>
  </concept>
  <concept>
    <code value="palp"/>
    <display value="Palpation"/>
    <definition value="Palpation"/>
  </concept>
  <concept>
    <code value="invasive"/>
    <display value="Invasive (e.g. intra arterial)"/>
    <definition value="Invasive (e.g. intra arterial)"/>
  </concept>
  <concept>
    <code value="us_doppler"/>
    <display value="US Doppler"/>
    <definition value="US Doppler"/>
  </concept>
  <concept>
    <code value="ecg"/>
    <display value="Electrocardiogram"/>
    <definition value="Electrocardiogram"/>
  </concept>
</CodeSystem>