<?xml version="1.0" encoding="UTF-8"?><CodeSystem xmlns="http://hl7.org/fhir"><id value="shr-device-RespiratoryAssistDeviceCS"/><meta><profile value="http://hl7.org/fhir/StructureDefinition/codesystem-shareable-definition"/></meta><text><status value="generated"/><div xmlns="http://www.w3.org/1999/xhtml">
<p><b>SHR RespiratoryAssistDeviceCS CodeSystem</b></p>
<p/>
</div></text><url value="http://standardhealthrecord.org/shr/device/cs/RespiratoryAssistDeviceCS"/><identifier><system value="http://standardhealthrecord.org"/><value value="shr.device.RespiratoryAssistDeviceCS"/></identifier><version value="0.0.1"/><name value="SHR RespiratoryAssistDeviceCS CodeSystem"/><title value="SHR RespiratoryAssistDeviceCS CodeSystem"/><status value="draft"/><date value="2017-08-08T15:56:20.402Z"/><publisher value="The MITRE Corporation: Standard Health Record Collaborative"/><contact><telecom><system value="url"/><value value="http://www.standardhealthrecord.org"/></telecom></contact><caseSensitive value="true"/><content value="complete"/><count value="5"/><concept><code value="apnea"/><display value="Apnea monitor"/><definition value="Apnea monitor"/></concept><concept><code value="vent"/><display value="Ventilator"/><definition value="Ventilator"/></concept><concept><code value="mand_vent"/><display value="Intermittent mandatory ventilator"/><definition value="Intermittent mandatory ventilator"/></concept><concept><code value="neonat_vent"/><display value="Neonatal ventilator"/><definition value="Neonatal ventilator"/></concept><concept><code value="vent_synch"/><display value="Synchronized intermittent mandatory ventilator"/><definition value="Synchronized intermittent mandatory ventilator"/></concept></CodeSystem>