<?xml version="1.0" encoding="UTF-8"?><CodeSystem xmlns="http://hl7.org/fhir"><id value="shr-occupation-MilitaryStatusCS"/><text><status value="generated"/><div xmlns="http://www.w3.org/1999/xhtml">
<p><b>SHR MilitaryStatusCS CodeSystem</b></p>
<p>The current status of the person in armed services.</p>
</div></text><url value="http://standardhealthrecord.org/shr/occupation/cs/MilitaryStatusCS"/><identifier><system value="http://standardhealthrecord.org"/><value value="shr.occupation.MilitaryStatusCS"/></identifier><version value="0.1.0"/><name value="MilitaryStatusCS"/><title value="SHR MilitaryStatusCS CodeSystem"/><status value="draft"/><date value="2018-08-22T00:00:00-04:00"/><publisher value="The MITRE Corporation: Standard Health Record Collaborative"/><contact><telecom><system value="url"/><value value="http://standardhealthrecord.org"/></telecom></contact><description value="The current status of the person in armed services."/><caseSensitive value="true"/><content value="complete"/><count value="3"/><concept><code value="active"/><display value="On active duty in US military"/><definition value="On active duty in US military"/></concept><concept><code value="reserve"/><display value="Currently a Reservist"/><definition value="Currently a Reservist"/></concept><concept><code value="discharged"/><display value="No longer in active military service"/><definition value="No longer in active military service"/></concept></CodeSystem>