<?xml version="1.0" encoding="UTF-8"?><CodeSystem xmlns="http://hl7.org/fhir"><id value="shr-lifehistory-MilitaryServiceEraCS"/><meta><profile value="http://hl7.org/fhir/StructureDefinition/codesystem-shareable-definition"/></meta><text><status value="generated"/><div xmlns="http://www.w3.org/1999/xhtml">
<p><b>SHR MilitaryServiceEraCS CodeSystem</b></p>
<p>Values were taken from Final HMIS Data Standards March 2010 (Homeless Management Information System), field 4.15E Veteran&#x2019;s Information. See: https://www.onecpd.info/resources/documents/FinalHMISDataStandards_March2010.pdf.</p>
</div></text><url value="http://standardhealthrecord.org/shr/lifehistory/cs/MilitaryServiceEraCS"/><identifier><system value="http://standardhealthrecord.org"/><value value="shr.lifehistory.MilitaryServiceEraCS"/></identifier><version value="0.0.1"/><name value="SHR MilitaryServiceEraCS CodeSystem"/><title value="SHR MilitaryServiceEraCS CodeSystem"/><status value="draft"/><date value="2017-05-10T18:00:13.088Z"/><publisher value="The MITRE Corporation: Standard Health Record Collaborative"/><contact><telecom><system value="url"/><value value="http://www.standardhealthrecord.org"/></telecom></contact><description value="Values were taken from Final HMIS Data Standards March 2010 (Homeless Management Information System), field 4.15E Veteran&#x2019;s Information. See: https://www.onecpd.info/resources/documents/FinalHMISDataStandards_March2010.pdf."/><caseSensitive value="true"/><content value="complete"/><count value="8"/><concept><code value="post_9_11_era"/><display value="Post September 11, 2001 to Present"/><definition value="Post September 11, 2001 to Present"/></concept><concept><code value="gulf_era"/><display value="Persian Gulf Era (August 1991 - September 10, 2001)"/><definition value="Persian Gulf Era (August 1991 - September 10, 2001)"/></concept><concept><code value="post_vietnam_era"/><display value="Post-Vietnam (May 1975 - July 1991)"/><definition value="Post-Vietnam (May 1975 - July 1991)"/></concept><concept><code value="vietnam_era"/><display value="Vietnam Era (August 1964 - April 1975)"/><definition value="Vietnam Era (August 1964 - April 1975)"/></concept><concept><code value="post_korean_era"/><display value="Between Korean and Vietnam War (February 1955 - July 1964)"/><definition value="Between Korean and Vietnam War (February 1955 - July 1964)"/></concept><concept><code value="korean_era"/><display value="Korean War (June 1950 - January 1955)"/><definition value="Korean War (June 1950 - January 1955)"/></concept><concept><code value="post_wwII_era"/><display value="Between WWII and Korean War (August 1947 - May 1950)"/><definition value="Between WWII and Korean War (August 1947 - May 1950)"/></concept><concept><code value="wwII_era"/><display value="World War II (September 1940 - July 1947)"/><definition value="World War II (September 1940 - July 1947)"/></concept></CodeSystem>