<?xml version="1.0" encoding="UTF-8"?><CodeSystem xmlns="http://hl7.org/fhir"><id value="shr-environment-IncomeSourceCS"/><text><status value="generated"/><div xmlns="http://www.w3.org/1999/xhtml">
<p><b>SHR IncomeSourceCS CodeSystem</b></p>
<p/>
</div></text><url value="http://standardhealthrecord.org/shr/environment/cs/IncomeSourceCS"/><identifier><system value="http://standardhealthrecord.org"/><value value="shr.environment.IncomeSourceCS"/></identifier><version value="0.0.1"/><name value="SHR IncomeSourceCS CodeSystem"/><title value="SHR IncomeSourceCS CodeSystem"/><status value="draft"/><date value="2017-12-20"/><publisher value="The MITRE Corporation: Standard Health Record Collaborative"/><contact><telecom><system value="url"/><value value="http://standardhealthrecord.org"/></telecom></contact><caseSensitive value="true"/><content value="complete"/><count value="14"/><concept><code value="earned"/><display value="Earned Income (i.e., employment income)"/><definition value="Earned Income (i.e., employment income)"/></concept><concept><code value="unemployment"/><display value="Unemployment Insurance"/><definition value="Unemployment Insurance"/></concept><concept><code value="ssi"/><display value="Supplemental Security Income (SSI)"/><definition value="Supplemental Security Income (SSI)"/></concept><concept><code value="ssdi"/><display value="Social Security Disability Income (SSDI)"/><definition value="Social Security Disability Income (SSDI)"/></concept><concept><code value="disability_va"/><display value="Veteran&#x2019;s disability payment"/><definition value="Veteran&#x2019;s disability payment"/></concept><concept><code value="disability_private"/><display value="Private disability insurance"/><definition value="Private disability insurance"/></concept><concept><code value="disability_workers"/><display value="Worker&#x2019;s compensation"/><definition value="Worker&#x2019;s compensation"/></concept><concept><code value="tanf"/><display value="Temporary Assistance for Needy Families (TANF) or similar local program"/><definition value="Temporary Assistance for Needy Families (TANF) or similar local program"/></concept><concept><code value="ga"/><display value="General Assistance (GA) or similar local program"/><definition value="General Assistance (GA) or similar local program"/></concept><concept><code value="ss"/><display value="Retirement income from Social Security"/><definition value="Retirement income from Social Security"/></concept><concept><code value="savings"/><display value="Savings"/><definition value="Savings"/></concept><concept><code value="pension_va"/><display value="Veteran&#x2019;s pension"/><definition value="Veteran&#x2019;s pension"/></concept><concept><code value="child_support"/><display value="Child support"/><definition value="Child support"/></concept><concept><code value="alimony"/><display value="Alimony or other spousal support"/><definition value="Alimony or other spousal support"/></concept></CodeSystem>