<?xml version="1.0" encoding="UTF-8"?><StructureDefinition xmlns="http://hl7.org/fhir"><id value="shr-behavior-AlcoholBingeFrequency-extension"/><text><status value="generated"/><div xmlns="http://www.w3.org/1999/xhtml">
  <p><b>SHR AlcoholBingeFrequency Extension</b></p>
  <p>How often have you had 6 or more Units if female, or 8 or more if male, on a single occasion in the last year?.</p>
</div></text><url value="http://standardhealthrecord.org/fhir/StructureDefinition/shr-behavior-AlcoholBingeFrequency-extension"/><identifier><system value="http://standardhealthrecord.org"/><value value="shr.behavior.AlcoholBingeFrequency"/></identifier><version value="0.0.1"/><name value="SHR AlcoholBingeFrequency Extension"/><title value="SHR AlcoholBingeFrequency Extension"/><status value="draft"/><date value="2017-05-10T18:00:14.414Z"/><publisher value="The MITRE Corporation: Standard Health Record Collaborative"/><contact><telecom><system value="url"/><value value="http://www.standardhealthrecord.org"/></telecom></contact><description value="How often have you had 6 or more Units if female, or 8 or more if male, on a single occasion in the last year?."/><fhirVersion value="3.0.0"/><kind value="complex-type"/><abstract value="false"/><contextType value="resource"/><context value="*"/><type value="Extension"/><baseDefinition value="http://hl7.org/fhir/StructureDefinition/Extension"/><derivation value="constraint"/><snapshot><element id="Extension:alcoholbingefrequency"><path value="Extension"/><short value="SHR AlcoholBingeFrequency Extension"/><definition value="How often have you had 6 or more Units if female, or 8 or more if male, on a single occasion in the last year?."/><min value="0"/><max value="*"/><base><path value="Extension"/><min value="0"/><max value="1"/></base><condition value="ele-1"/><constraint><key value="ele-1"/><severity value="error"/><human value="All FHIR elements must have a @value or children"/><expression value="children().count() &gt; id.count()"/><xpath value="@value|f:*|h:div"/><source value="Element"/></constraint><constraint><key value="ext-1"/><severity value="error"/><human value="Must have either extensions or value[x], not both"/><expression value="extension.exists() != value.exists()"/><xpath value="exists(f:extension)!=exists(f:*[starts-with(local-name(.), &#39;value&#39;)])"/><source value="Extension"/></constraint></element><element id="Extension:alcoholbingefrequency.id"><path value="Extension.id"/><representation value="xmlAttr"/><short value="xml:id (or equivalent in JSON)"/><definition value="unique id for the element within a resource (for internal references). This may be any string value that does not contain spaces."/><min value="0"/><max value="1"/><base><path value="Element.id"/><min value="0"/><max value="1"/></base><type><code value="string"/></type><mapping><identity value="rim"/><map value="N/A"/></mapping></element><element id="Extension:alcoholbingefrequency.extension"><path value="Extension.extension"/><slicing id="91"><discriminator><type value="value"/><path value="url"/></discriminator><ordered value="false"/><rules value="open"/></slicing><short value="Extension"/><definition value="An Extension"/><min value="0"/><max value="*"/><base><path value="Element.extension"/><min value="0"/><max value="*"/></base><type><code value="Extension"/></type></element><element id="Extension:alcoholbingefrequency.extension:codeableconcept"><path value="Extension.extension"/><sliceName value="codeableconcept"/><definition value="A set of codes drawn from different coding systems, representing the same concept."/><min value="1"/><max value="1"/><base><path value="Extension.extension"/><min value="0"/><max value="1"/></base><type><code value="Extension"/><profile value="http://standardhealthrecord.org/fhir/StructureDefinition/shr-core-CodeableConcept-extension"/></type><isModifier value="false"/><binding><strength value="required"/><valueSetReference><reference value="http://standardhealthrecord.org/shr/core/vs/SemiquantitativeFrequencyVS"/></valueSetReference></binding><mapping><identity value="rim"/><map value="N/A"/></mapping></element><element id="Extension:alcoholbingefrequency.extension:observationcode"><path value="Extension.extension"/><sliceName value="observationcode"/><definition value="A term from a controlled vocabulary that defines the data element (the question, not the answer) as specifically as possible. The specific code should always align with the concept of the element, but may be more specific. For example, the concept associated with medications is code for &#39;medication used&#39;, but the ObservationCode is the code for the particular medication used. For tests, ObservationCode identifies the specific test being performed, and for observations, the specific question being asked."/><min value="1"/><max value="1"/><base><path value="Extension.extension"/><min value="0"/><max value="1"/></base><type><code value="Extension"/><profile value="http://standardhealthrecord.org/fhir/StructureDefinition/shr-observation-ObservationCode-extension"/></type><isModifier value="false"/><mapping><identity value="rim"/><map value="N/A"/></mapping></element><element id="Extension:alcoholbingefrequency.extension:observationcode.id"><path value="Extension.extension.id"/><representation value="xmlAttr"/><short value="xml:id (or equivalent in JSON)"/><definition value="unique id for the element within a resource (for internal references). This may be any string value that does not contain spaces."/><min value="0"/><max value="1"/><base><path value="Element.id"/><min value="0"/><max value="1"/></base><type><code value="string"/></type><mapping><identity value="rim"/><map value="N/A"/></mapping></element><element id="Extension:alcoholbingefrequency.extension:observationcode.extension:extension"><path value="Extension.extension.extension"/><sliceName value="extension"/><short value="Extension"/><definition value="An Extension"/><min value="0"/><max value="0"/><base><path value="Element.extension"/><min value="0"/><max value="*"/></base><type><code value="Extension"/></type></element><element id="Extension:alcoholbingefrequency.extension:observationcode.url"><path value="Extension.extension.url"/><representation value="xmlAttr"/><short value="identifies the meaning of the extension"/><definition value="Source of the definition for the extension code - a logical name or a URL."/><min value="1"/><max value="1"/><base><path value="Extension.url"/><min value="1"/><max value="1"/></base><type><code value="uri"/></type><fixedUri value="http://standardhealthrecord.org/fhir/StructureDefinition/shr-observation-ObservationCode-extension"/><mapping><identity value="rim"/><map value="N/A"/></mapping></element><element id="Extension:alcoholbingefrequency.extension:observationcode.valueCodeableConcept"><path value="Extension.extension.valueCodeableConcept"/><short value="Value of extension"/><definition value="Value of extension - may be a resource or one of a constrained set of the data types (see Extensibility in the spec for list)."/><min value="1"/><max value="1"/><base><path value="Extension.value[x]"/><min value="0"/><max value="1"/></base><type><code value="CodeableConcept"/><profile value="http://standardhealthrecord.org/fhir/StructureDefinition/shr-core-CodeableConcept"/></type><patternCodeableConcept><coding><system value="http://ncimeta.nci.nih.gov"/><code value="C0556346"/></coding></patternCodeableConcept><mapping><identity value="rim"/><map value="N/A"/></mapping></element><element id="Extension:alcoholbingefrequency.url"><path value="Extension.url"/><representation value="xmlAttr"/><short value="identifies the meaning of the extension"/><definition value="Source of the definition for the extension code - a logical name or a URL."/><min value="1"/><max value="1"/><base><path value="Extension.url"/><min value="1"/><max value="1"/></base><type><code value="uri"/></type><fixedUri value="http://standardhealthrecord.org/fhir/StructureDefinition/shr-behavior-AlcoholBingeFrequency-extension"/><mapping><identity value="rim"/><map value="N/A"/></mapping></element><element id="Extension:alcoholbingefrequency.value[x]"><path value="Extension.value[x]"/><short value="Value of extension"/><definition value="Value of extension - may be a resource or one of a constrained set of the data types (see Extensibility in the spec for list)."/><min value="0"/><max value="0"/><base><path value="Extension.value[x]"/><min value="0"/><max value="1"/></base><type><code value="base64Binary"/></type><type><code value="boolean"/></type><type><code value="code"/></type><type><code value="date"/></type><type><code value="dateTime"/></type><type><code value="decimal"/></type><type><code value="id"/></type><type><code value="instant"/></type><type><code value="integer"/></type><type><code value="markdown"/></type><type><code value="oid"/></type><type><code value="positiveInt"/></type><type><code value="string"/></type><type><code value="time"/></type><type><code value="unsignedInt"/></type><type><code value="uri"/></type><type><code value="Address"/></type><type><code value="Age"/></type><type><code value="Annotation"/></type><type><code value="Attachment"/></type><type><code value="CodeableConcept"/></type><type><code value="Coding"/></type><type><code value="ContactPoint"/></type><type><code value="Count"/></type><type><code value="Distance"/></type><type><code value="Duration"/></type><type><code value="HumanName"/></type><type><code value="Identifier"/></type><type><code value="Money"/></type><type><code value="Period"/></type><type><code value="Quantity"/></type><type><code value="Range"/></type><type><code value="Ratio"/></type><type><code value="Reference"/></type><type><code value="SampledData"/></type><type><code value="Signature"/></type><type><code value="Timing"/></type><type><code value="Meta"/></type><mapping><identity value="rim"/><map value="N/A"/></mapping></element></snapshot><differential><element id="Extension:alcoholbingefrequency"><path value="Extension"/><short value="SHR AlcoholBingeFrequency Extension"/><definition value="How often have you had 6 or more Units if female, or 8 or more if male, on a single occasion in the last year?."/><min value="0"/><max value="*"/></element><element id="Extension:alcoholbingefrequency.extension:codeableconcept"><path value="Extension.extension"/><sliceName value="codeableconcept"/><definition value="A set of codes drawn from different coding systems, representing the same concept."/><min value="1"/><max value="1"/><type><code value="Extension"/><profile value="http://standardhealthrecord.org/fhir/StructureDefinition/shr-core-CodeableConcept-extension"/></type><binding><strength value="required"/><valueSetReference><reference value="http://standardhealthrecord.org/shr/core/vs/SemiquantitativeFrequencyVS"/></valueSetReference></binding></element><element id="Extension:alcoholbingefrequency.extension:observationcode"><path value="Extension.extension"/><sliceName value="observationcode"/><definition value="A term from a controlled vocabulary that defines the data element (the question, not the answer) as specifically as possible. The specific code should always align with the concept of the element, but may be more specific. For example, the concept associated with medications is code for &#39;medication used&#39;, but the ObservationCode is the code for the particular medication used. For tests, ObservationCode identifies the specific test being performed, and for observations, the specific question being asked."/><min value="1"/><max value="1"/><type><code value="Extension"/><profile value="http://standardhealthrecord.org/fhir/StructureDefinition/shr-observation-ObservationCode-extension"/></type><patternCodeableConcept><coding><system value="http://ncimeta.nci.nih.gov"/><code value="C0556346"/></coding></patternCodeableConcept></element><element id="Extension:alcoholbingefrequency.url"><path value="Extension.url"/><type><code value="uri"/></type><fixedUri value="http://standardhealthrecord.org/fhir/StructureDefinition/shr-behavior-AlcoholBingeFrequency-extension"/></element><element id="Extension:alcoholbingefrequency.value[x]"><path value="Extension.value[x]"/><min value="0"/><max value="0"/></element></differential></StructureDefinition>