<?xml version="1.0" encoding="UTF-8"?><StructureDefinition xmlns="http://hl7.org/fhir"><id value="shr-core-Frequency"/><text><status value="generated"/><div xmlns="http://www.w3.org/1999/xhtml">
  <p><b>SHR Frequency Profile</b></p>
  <p>How many occurrences of an event per unit of time.</p>
  <p><b>SHR Mapping Summary</b></p>
  <p><pre>shr.core.Frequency maps to Ratio:
  Numerator maps to numerator
  Denominator maps to denominator
</pre></p>
</div></text><url value="http://standardhealthrecord.org/fhir/StructureDefinition/shr-core-Frequency"/><identifier><system value="http://standardhealthrecord.org"/><value value="shr.core.Frequency"/></identifier><version value="0.0.1"/><name value="SHR Frequency Profile"/><status value="draft"/><date value="2017-12-19"/><publisher value="The MITRE Corporation: Standard Health Record Collaborative"/><contact><telecom><system value="url"/><value value="http://standardhealthrecord.org"/></telecom></contact><description value="How many occurrences of an event per unit of time."/><purpose value="Need to able to capture ratios for some measurements (titers) and some rates (costs)."/><fhirVersion value="3.0.1"/><mapping><identity value="v2"/><uri value="http://hl7.org/v2"/><name value="HL7 v2 Mapping"/></mapping><mapping><identity value="rim"/><uri value="http://hl7.org/v3"/><name value="RIM Mapping"/></mapping><kind value="complex-type"/><abstract value="false"/><type value="Ratio"/><baseDefinition value="http://hl7.org/fhir/StructureDefinition/Ratio"/><derivation value="constraint"/><snapshot><element id="Ratio:shr-core-Frequency"><path value="Ratio"/><short value="SHR Frequency Profile"/><definition value="How many occurrences of an event per unit of time."/><min value="0"/><max value="*"/><condition value="ele-1"/><constraint><key value="ele-1"/><severity value="error"/><human value="All FHIR elements must have a @value or children"/><expression value="hasValue() | (children().count() &gt; id.count())"/><xpath value="@value|f:*|h:div"/><source value="Element"/></constraint><constraint><key value="rat-1"/><severity value="error"/><human value="Numerator and denominator SHALL both be present, or both are absent. If both are absent, there SHALL be some extension present"/><expression value="(numerator.empty() xor denominator.exists()) and (numerator.exists() or extension.exists())"/><xpath value="(count(f:numerator) = count(f:denominator)) and ((count(f:numerator) &gt; 0) or (count(f:extension) &gt; 0))"/></constraint><mapping><identity value="rim"/><map value="n/a"/></mapping><mapping><identity value="v2"/><map value="N/A"/></mapping><mapping><identity value="rim"/><map value="RTO"/></mapping></element><element id="Ratio:shr-core-Frequency.id"><path value="Ratio.id"/><representation value="xmlAttr"/><short value="xml:id (or equivalent in JSON)"/><definition value="unique id for the element within a resource (for internal references). This may be any string value that does not contain spaces."/><min value="0"/><max value="1"/><base><path value="Element.id"/><min value="0"/><max value="1"/></base><type><code value="string"/></type><mapping><identity value="rim"/><map value="n/a"/></mapping></element><element id="Ratio:shr-core-Frequency.extension"><path value="Ratio.extension"/><slicing><discriminator><type value="value"/><path value="url"/></discriminator><description value="Extensions are always sliced by (at least) url"/><rules value="open"/></slicing><short value="Additional Content defined by implementations"/><definition value="May be used to represent additional information that is not part of the basic definition of the element. In order to make the use of extensions safe and manageable, there is a strict set of governance  applied to the definition and use of extensions. Though any implementer is allowed to define an extension, there is a set of requirements that SHALL be met as part of the definition of the extension."/><comment value="There can be no stigma associated with the use of extensions by any application, project, or standard - regardless of the institution or jurisdiction that uses or defines the extensions.  The use of extensions is what allows the FHIR specification to retain a core level of simplicity for everyone."/><alias value="extensions"/><alias value="user content"/><min value="0"/><max value="*"/><base><path value="Element.extension"/><min value="0"/><max value="*"/></base><type><code value="Extension"/></type><mapping><identity value="rim"/><map value="n/a"/></mapping></element><element id="Ratio:shr-core-Frequency.numerator"><path value="Ratio.numerator"/><short value="Numerator value"/><definition value="The value of the numerator."/><min value="1"/><max value="1"/><type><code value="Quantity"/><profile value="http://standardhealthrecord.org/fhir/StructureDefinition/shr-core-Quantity"/></type><isSummary value="true"/><mapping><identity value="rim"/><map value=".numerator"/></mapping></element><element id="Ratio:shr-core-Frequency.denominator"><path value="Ratio.denominator"/><short value="Denominator value"/><definition value="The value of the denominator."/><min value="1"/><max value="1"/><type><code value="Quantity"/><profile value="http://standardhealthrecord.org/fhir/StructureDefinition/shr-core-Quantity"/></type><isSummary value="true"/><mapping><identity value="rim"/><map value=".denominator"/></mapping></element></snapshot><differential><element id="Ratio:shr-core-Frequency"><path value="Ratio"/><short value="SHR Frequency Profile"/><definition value="How many occurrences of an event per unit of time."/></element><element id="Ratio:shr-core-Frequency.numerator"><path value="Ratio.numerator"/><min value="1"/><max value="1"/><type><code value="Quantity"/><profile value="http://standardhealthrecord.org/fhir/StructureDefinition/shr-core-Quantity"/></type></element><element id="Ratio:shr-core-Frequency.denominator"><path value="Ratio.denominator"/><min value="1"/><max value="1"/><type><code value="Quantity"/><profile value="http://standardhealthrecord.org/fhir/StructureDefinition/shr-core-Quantity"/></type></element></differential></StructureDefinition>