<?xml version="1.0" encoding="UTF-8"?><StructureDefinition xmlns="http://hl7.org/fhir"><id value="cimi-topic-StatementTopic-extension"/><text><status value="generated"/><div xmlns="http://www.w3.org/1999/xhtml">
  <p><b>SHR StatementTopic Extension</b></p>
  <p>Compositional and reusable grouping of clinical statement attributes that make up the clinical focus of a statement.

StatementTopic class attributes are aligned with SNOMED CT Concept Model attributes when such an overlap exists. Note that this class does not include contextual attributes such as the nature of the action (ordered, proposed, planned, etc...), the nature of the patient state being described (e.g., present, suspected present, absent), and the attribution of this information (the who, when, where, how, why of the information recorded).</p>
</div></text><url value="http://standardhealthrecord.org/fhir/StructureDefinition/cimi-topic-StatementTopic-extension"/><identifier><system value="http://standardhealthrecord.org"/><value value="cimi.topic.StatementTopic"/></identifier><version value="0.1.0"/><name value="StatementTopicExtension"/><title value="SHR StatementTopic Extension"/><status value="draft"/><date value="2018-08-22T00:00:00-04:00"/><publisher value="The MITRE Corporation: Standard Health Record Collaborative"/><contact><telecom><system value="url"/><value value="http://standardhealthrecord.org"/></telecom></contact><description value="Compositional and reusable grouping of clinical statement attributes that make up the clinical focus of a statement.&#xA;&#xA;StatementTopic class attributes are aligned with SNOMED CT Concept Model attributes when such an overlap exists. Note that this class does not include contextual attributes such as the nature of the action (ordered, proposed, planned, etc...), the nature of the patient state being described (e.g., present, suspected present, absent), and the attribution of this information (the who, when, where, how, why of the information recorded)."/><fhirVersion value="3.0.1"/><kind value="complex-type"/><abstract value="false"/><contextType value="resource"/><context value="*"/><type value="Extension"/><baseDefinition value="http://hl7.org/fhir/StructureDefinition/Extension"/><derivation value="constraint"/><snapshot><element id="Extension:statementtopic"><path value="Extension"/><short value="SHR StatementTopic Extension"/><definition value="Compositional and reusable grouping of clinical statement attributes that make up the clinical focus of a statement.&#xA;&#xA;StatementTopic class attributes are aligned with SNOMED CT Concept Model attributes when such an overlap exists. Note that this class does not include contextual attributes such as the nature of the action (ordered, proposed, planned, etc...), the nature of the patient state being described (e.g., present, suspected present, absent), and the attribution of this information (the who, when, where, how, why of the information recorded)."/><min value="0"/><max value="*"/><base><path value="Extension"/><min value="0"/><max value="1"/></base><condition value="ele-1"/><constraint><key value="ele-1"/><severity value="error"/><human value="All FHIR elements must have a @value or children"/><expression value="children().count() &gt; id.count()"/><xpath value="@value|f:*|h:div"/><source value="Element"/></constraint><constraint><key value="ext-1"/><severity value="error"/><human value="Must have either extensions or value[x], not both"/><expression value="extension.exists() != value.exists()"/><xpath value="exists(f:extension)!=exists(f:*[starts-with(local-name(.), &#39;value&#39;)])"/><source value="Extension"/></constraint></element><element id="Extension:statementtopic.id"><path value="Extension.id"/><representation value="xmlAttr"/><short value="xml:id (or equivalent in JSON)"/><definition value="unique id for the element within a resource (for internal references). This may be any string value that does not contain spaces."/><min value="0"/><max value="1"/><base><path value="Element.id"/><min value="0"/><max value="1"/></base><type><code value="string"/></type><mapping><identity value="rim"/><map value="N/A"/></mapping></element><element id="Extension:statementtopic.extension"><path value="Extension.extension"/><slicing id="1"><discriminator><type value="value"/><path value="url"/></discriminator><ordered value="false"/><rules value="open"/></slicing><short value="Extension"/><definition value="An Extension"/><min value="0"/><max value="*"/><base><path value="Element.extension"/><min value="0"/><max value="*"/></base><type><code value="Extension"/></type></element><element id="Extension:statementtopic.extension:topiccode"><path value="Extension.extension"/><sliceName value="topiccode"/><definition value="The concept representing the finding or action that is the topic of the statement.&#xA;&#xA;For action topics, the TopicCode represents the action being described. For findings, the TopicCode represents the &#39;question&#39; or property being investigated. For evaluation result findings, the TopicCode contains a concept for an observable entity, such as systolic blood pressure. For assertion findings, the TopicCode contains a code representing the condition, allergy, or other item being asserted. In all cases, the TopicCode describes the topic independent of the context of the action or the finding."/><min value="1"/><max value="1"/><base><path value="Extension.extension"/><min value="0"/><max value="1"/></base><type><code value="Extension"/><profile value="http://standardhealthrecord.org/fhir/StructureDefinition/cimi-topic-TopicCode-extension"/></type><isModifier value="false"/><mapping><identity value="rim"/><map value="N/A"/></mapping></element><element id="Extension:statementtopic.url"><path value="Extension.url"/><representation value="xmlAttr"/><short value="identifies the meaning of the extension"/><definition value="Source of the definition for the extension code - a logical name or a URL."/><comment value="The definition may point directly to a computable or human-readable definition of the extensibility codes, or it may be a logical URI as declared in some other specification. The definition SHALL be a URI for the Structure Definition defining the extension."/><min value="1"/><max value="1"/><base><path value="Extension.url"/><min value="1"/><max value="1"/></base><type><code value="uri"/></type><fixedUri value="http://standardhealthrecord.org/fhir/StructureDefinition/cimi-topic-StatementTopic-extension"/><mapping><identity value="rim"/><map value="N/A"/></mapping></element><element id="Extension:statementtopic.value[x]"><path value="Extension.value[x]"/><short value="Value of extension"/><definition value="Value of extension - may be a resource or one of a constrained set of the data types (see Extensibility in the spec for list)."/><min value="0"/><max value="0"/><base><path value="Extension.value[x]"/><min value="0"/><max value="1"/></base><type><code value="base64Binary"/></type><type><code value="boolean"/></type><type><code value="code"/></type><type><code value="date"/></type><type><code value="dateTime"/></type><type><code value="decimal"/></type><type><code value="id"/></type><type><code value="instant"/></type><type><code value="integer"/></type><type><code value="markdown"/></type><type><code value="oid"/></type><type><code value="positiveInt"/></type><type><code value="string"/></type><type><code value="time"/></type><type><code value="unsignedInt"/></type><type><code value="uri"/></type><type><code value="Address"/></type><type><code value="Age"/></type><type><code value="Annotation"/></type><type><code value="Attachment"/></type><type><code value="CodeableConcept"/></type><type><code value="Coding"/></type><type><code value="ContactPoint"/></type><type><code value="Count"/></type><type><code value="Distance"/></type><type><code value="Duration"/></type><type><code value="HumanName"/></type><type><code value="Identifier"/></type><type><code value="Money"/></type><type><code value="Period"/></type><type><code value="Quantity"/></type><type><code value="Range"/></type><type><code value="Ratio"/></type><type><code value="Reference"/></type><type><code value="SampledData"/></type><type><code value="Signature"/></type><type><code value="Timing"/></type><type><code value="Meta"/></type><mapping><identity value="rim"/><map value="N/A"/></mapping></element></snapshot><differential><element id="Extension:statementtopic"><path value="Extension"/><short value="SHR StatementTopic Extension"/><definition value="Compositional and reusable grouping of clinical statement attributes that make up the clinical focus of a statement.&#xA;&#xA;StatementTopic class attributes are aligned with SNOMED CT Concept Model attributes when such an overlap exists. Note that this class does not include contextual attributes such as the nature of the action (ordered, proposed, planned, etc...), the nature of the patient state being described (e.g., present, suspected present, absent), and the attribution of this information (the who, when, where, how, why of the information recorded)."/><min value="0"/><max value="*"/></element><element id="Extension:statementtopic.extension:topiccode"><path value="Extension.extension"/><sliceName value="topiccode"/><definition value="The concept representing the finding or action that is the topic of the statement.&#xA;&#xA;For action topics, the TopicCode represents the action being described. For findings, the TopicCode represents the &#39;question&#39; or property being investigated. For evaluation result findings, the TopicCode contains a concept for an observable entity, such as systolic blood pressure. For assertion findings, the TopicCode contains a code representing the condition, allergy, or other item being asserted. In all cases, the TopicCode describes the topic independent of the context of the action or the finding."/><min value="1"/><max value="1"/><type><code value="Extension"/><profile value="http://standardhealthrecord.org/fhir/StructureDefinition/cimi-topic-TopicCode-extension"/></type></element><element id="Extension:statementtopic.url"><path value="Extension.url"/><type><code value="uri"/></type><fixedUri value="http://standardhealthrecord.org/fhir/StructureDefinition/cimi-topic-StatementTopic-extension"/></element><element id="Extension:statementtopic.value[x]"><path value="Extension.value[x]"/><min value="0"/><max value="0"/></element></differential></StructureDefinition>