<?xml version="1.0" encoding="UTF-8"?><StructureDefinition xmlns="http://hl7.org/fhir"><id value="shr-medication-MedicationUse"/><text><status value="generated"/><div xmlns="http://www.w3.org/1999/xhtml">
  <p><b>SHR MedicationUse Profile</b></p>
  <p>Report of a medication used (or not used). Medication use is either reported, directly observed, or inferred from clinical events associated with orders, prescriptions written, pharmacy dispensings, procedural administrations, and other patient-reported information.</p>
  <p><b>SHR Mapping Summary</b></p>
  <p><pre>shr.medication.MedicationUse maps to MedicationStatement:
  Medication maps to medication[x].Reference
  PeriodOfUse maps to effective[x].Period
  Reason maps to reasonCode
  MedicationNotUsedModifier maps to taken
  MedicationNotUsedModifier.Reason maps to reasonNotTaken
  constrain dosage to 0..1
  Dosage.AmountPerDose.Quantity maps to dosage.dose[x].SimpleQuantity
  Dosage.AmountPerDose.&lt;TBD &quot;Range&quot;&gt; maps to dosage.dose[x].Range
  Dosage.TimingOfDoses maps to dosage.timing
  Dosage.DoseAsNeededIndicator maps to dosage.asNeeded[x].boolean
  Dosage.DoseInstructionsText maps to dosage.text
  Dosage.AdditionalDoseInstruction maps to dosage.additionalInstruction
  Dosage.RouteIntoBody maps to dosage.route
  Dosage.AdministrationMethod maps to dosage.method
  Dosage.AdministrationBodySite maps to dosage.site
  Dosage.MaximumDosePerTimePeriod maps to dosage.maxDosePerPeriod
</pre></p>
</div></text><url value="http://standardhealthrecord.org/fhir/StructureDefinition/shr-medication-MedicationUse"/><identifier><system value="http://standardhealthrecord.org"/><value value="shr.medication.MedicationUse"/></identifier><version value="0.0.1"/><name value="SHR MedicationUse Profile"/><status value="draft"/><date value="2017-04-18T15:12:22.248Z"/><publisher value="The MITRE Corporation: Standard Health Record Collaborative"/><contact><telecom><system value="url"/><value value="http://www.standardhealthrecord.org"/></telecom></contact><description value="Report of a medication used (or not used). Medication use is either reported, directly observed, or inferred from clinical events associated with orders, prescriptions written, pharmacy dispensings, procedural administrations, and other patient-reported information."/><fhirVersion value="3.0.0"/><mapping><identity value="workflow"/><uri value="http://hl7.org/fhir/workflow"/><name value="Workflow Mapping"/></mapping><mapping><identity value="rim"/><uri value="http://hl7.org/v3"/><name value="RIM Mapping"/></mapping><mapping><identity value="w5"/><uri value="http://hl7.org/fhir/w5"/><name value="W5 Mapping"/></mapping><mapping><identity value="v2"/><uri value="http://hl7.org/v2"/><name value="HL7 v2 Mapping"/></mapping><kind value="resource"/><abstract value="false"/><type value="MedicationStatement"/><baseDefinition value="http://hl7.org/fhir/StructureDefinition/MedicationStatement"/><derivation value="constraint"/><snapshot><element id="MedicationStatement:shr-medication-MedicationUse"><path value="MedicationStatement"/><short value="SHR MedicationUse Profile"/><definition value="Report of a medication used (or not used). Medication use is either reported, directly observed, or inferred from clinical events associated with orders, prescriptions written, pharmacy dispensings, procedural administrations, and other patient-reported information."/><comment value="When interpreting a medicationStatement, the value of the status and NotTaken needed to be considered:&#xD;MedicationStatement.status + MedicationStatement.wasNotTaken&#xD;Status=Active + NotTaken=T = Not currently taking&#xD;Status=Completed + NotTaken=T = Not taken in the past&#xD;Status=Intended + NotTaken=T = No intention of taking&#xD;Status=Active + NotTaken=F = Taking, but not as prescribed&#xD;Status=Active + NotTaken=F = Taking&#xD;Status=Intended +NotTaken= F = Will be taking (not started)&#xD;Status=Completed + NotTaken=F = Taken in past&#xD;Status=In Error + NotTaken=N/A = In Error."/><min value="0"/><max value="*"/><constraint><key value="dom-2"/><severity value="error"/><human value="If the resource is contained in another resource, it SHALL NOT contain nested Resources"/><expression value="contained.contained.empty()"/><xpath value="not(parent::f:contained and f:contained)"/><source value="DomainResource"/></constraint><constraint><key value="dom-1"/><severity value="error"/><human value="If the resource is contained in another resource, it SHALL NOT contain any narrative"/><expression value="contained.text.empty()"/><xpath value="not(parent::f:contained and f:text)"/><source value="DomainResource"/></constraint><constraint><key value="dom-4"/><severity value="error"/><human value="If a resource is contained in another resource, it SHALL NOT have a meta.versionId or a meta.lastUpdated"/><expression value="contained.meta.versionId.empty() and contained.meta.lastUpdated.empty()"/><xpath value="not(exists(f:contained/*/f:meta/f:versionId)) and not(exists(f:contained/*/f:meta/f:lastUpdated))"/><source value="DomainResource"/></constraint><constraint><key value="dom-3"/><severity value="error"/><human value="If the resource is contained in another resource, it SHALL be referred to from elsewhere in the resource"/><expression value="contained.where((&#39;#&#39;+id in %resource.descendants().reference).not()).empty()"/><xpath value="not(exists(for $id in f:contained/*/@id return $id[not(ancestor::f:contained/parent::*/descendant::f:reference/@value=concat(&#39;#&#39;, $id))]))"/><source value="DomainResource"/></constraint><constraint><key value="mst-1"/><severity value="error"/><human value="Reason not taken is only permitted if Taken is No"/><expression value="reasonNotTaken.exists().not() or (taken = &#39;n&#39;)"/><xpath value="not(exists(f:reasonNotTaken)) or f:taken/@value=&#39;n&#39;"/></constraint><mapping><identity value="rim"/><map value="Entity. Role, or Act"/></mapping><mapping><identity value="workflow"/><map value="..Event"/></mapping><mapping><identity value="rim"/><map value="SubstanceAdministration"/></mapping><mapping><identity value="w5"/><map value="clinical.medication"/></mapping></element><element id="MedicationStatement:shr-medication-MedicationUse.id"><path value="MedicationStatement.id"/><short value="Logical id of this artifact"/><definition value="The logical id of the resource, as used in the URL for the resource. Once assigned, this value never changes."/><comment value="The only time that a resource does not have an id is when it is being submitted to the server using a create operation."/><min value="0"/><max value="1"/><base><path value="Resource.id"/><min value="0"/><max value="1"/></base><type><code value="id"/></type><isSummary value="true"/></element><element id="MedicationStatement:shr-medication-MedicationUse.meta"><path value="MedicationStatement.meta"/><short value="Metadata about the resource"/><definition value="The metadata about the resource. This is content that is maintained by the infrastructure. Changes to the content may not always be associated with version changes to the resource."/><min value="0"/><max value="1"/><base><path value="Resource.meta"/><min value="0"/><max value="1"/></base><type><code value="Meta"/></type><isSummary value="true"/></element><element id="MedicationStatement:shr-medication-MedicationUse.implicitRules"><path value="MedicationStatement.implicitRules"/><short value="A set of rules under which this content was created"/><definition value="A reference to a set of rules that were followed when the resource was constructed, and which must be understood when processing the content."/><comment value="Asserting this rule set restricts the content to be only understood by a limited set of trading partners. This inherently limits the usefulness of the data in the long term. However, the existing health eco-system is highly fractured, and not yet ready to define, collect, and exchange data in a generally computable sense. Wherever possible, implementers and/or specification writers should avoid using this element. &#xA;&#xA;This element is labelled as a modifier because the implicit rules may provide additional knowledge about the resource that modifies it&#39;s meaning or interpretation."/><min value="0"/><max value="1"/><base><path value="Resource.implicitRules"/><min value="0"/><max value="1"/></base><type><code value="uri"/></type><isModifier value="true"/><isSummary value="true"/></element><element id="MedicationStatement:shr-medication-MedicationUse.language"><path value="MedicationStatement.language"/><short value="Language of the resource content"/><definition value="The base language in which the resource is written."/><comment value="Language is provided to support indexing and accessibility (typically, services such as text to speech use the language tag). The html language tag in the narrative applies  to the narrative. The language tag on the resource may be used to specify the language of other presentations generated from the data in the resource  Not all the content has to be in the base language. The Resource.language should not be assumed to apply to the narrative automatically. If a language is specified, it should it also be specified on the div element in the html (see rules in HTML5 for information about the relationship between xml:lang and the html lang attribute)."/><min value="0"/><max value="1"/><base><path value="Resource.language"/><min value="0"/><max value="1"/></base><type><code value="code"/></type><binding><extension url="http://hl7.org/fhir/StructureDefinition/elementdefinition-maxValueSet"><valueReference><reference value="http://hl7.org/fhir/ValueSet/all-languages"/></valueReference></extension><extension url="http://hl7.org/fhir/StructureDefinition/elementdefinition-bindingName"><valueString value="Language"/></extension><extension url="http://hl7.org/fhir/StructureDefinition/elementdefinition-isCommonBinding"><valueBoolean value="true"/></extension><strength value="extensible"/><description value="A human language."/><valueSetReference><reference value="http://hl7.org/fhir/ValueSet/languages"/></valueSetReference></binding></element><element id="MedicationStatement:shr-medication-MedicationUse.text"><path value="MedicationStatement.text"/><short value="Text summary of the resource, for human interpretation"/><definition value="A human-readable narrative that contains a summary of the resource, and may be used to represent the content of the resource to a human. The narrative need not encode all the structured data, but is required to contain sufficient detail to make it &quot;clinically safe&quot; for a human to just read the narrative. Resource definitions may define what content should be represented in the narrative to ensure clinical safety."/><comment value="Contained resources do not have narrative. Resources that are not contained SHOULD have a narrative. In some cases, a resource may only have text with little or no additional discrete data (as long as all minOccurs=1 elements are satisfied).  This may be necessary for data from legacy systems where information is captured as a &quot;text blob&quot; or where text is additionally entered raw or narrated and encoded in formation is added later."/><alias value="narrative"/><alias value="html"/><alias value="xhtml"/><alias value="display"/><min value="0"/><max value="1"/><base><path value="DomainResource.text"/><min value="0"/><max value="1"/></base><type><code value="Narrative"/></type><condition value="dom-1"/><mapping><identity value="rim"/><map value="Act.text?"/></mapping></element><element id="MedicationStatement:shr-medication-MedicationUse.contained"><path value="MedicationStatement.contained"/><short value="Contained, inline Resources"/><definition value="These resources do not have an independent existence apart from the resource that contains them - they cannot be identified independently, and nor can they have their own independent transaction scope."/><comment value="This should never be done when the content can be identified properly, as once identification is lost, it is extremely difficult (and context dependent) to restore it again."/><alias value="inline resources"/><alias value="anonymous resources"/><alias value="contained resources"/><min value="0"/><max value="*"/><base><path value="DomainResource.contained"/><min value="0"/><max value="*"/></base><type><code value="Resource"/></type><mapping><identity value="rim"/><map value="N/A"/></mapping></element><element id="MedicationStatement:shr-medication-MedicationUse.extension"><path value="MedicationStatement.extension"/><slicing id="179"><discriminator><type value="value"/><path value="url"/></discriminator><ordered value="false"/><rules value="open"/></slicing><short value="Additional Content defined by implementations"/><definition value="May be used to represent additional information that is not part of the basic definition of the resource. In order to make the use of extensions safe and manageable, there is a strict set of governance  applied to the definition and use of extensions. Though any implementer is allowed to define an extension, there is a set of requirements that SHALL be met as part of the definition of the extension."/><comment value="There can be no stigma associated with the use of extensions by any application, project, or standard - regardless of the institution or jurisdiction that uses or defines the extensions.  The use of extensions is what allows the FHIR specification to retain a core level of simplicity for everyone."/><alias value="extensions"/><alias value="user content"/><min value="0"/><max value="*"/><base><path value="DomainResource.extension"/><min value="0"/><max value="*"/></base><type><code value="Extension"/></type><mapping><identity value="rim"/><map value="N/A"/></mapping></element><element id="MedicationStatement:shr-medication-MedicationUse.extension:adherence"><path value="MedicationStatement.extension"/><sliceName value="adherence"/><definition value="A statement of the ability and cooperation of the patient in taking medicine or supplement as recommended or prescribed. This includes correct timing, dosage, and frequency."/><comment value="There can be no stigma associated with the use of extensions by any application, project, or standard - regardless of the institution or jurisdiction that uses or defines the extensions.  The use of extensions is what allows the FHIR specification to retain a core level of simplicity for everyone."/><alias value="extensions"/><alias value="user content"/><min value="0"/><max value="1"/><base><path value="DomainResource.extension"/><min value="0"/><max value="*"/></base><type><code value="Extension"/><profile value="http://standardhealthrecord.org/fhir/StructureDefinition/shr-medication-Adherence-extension"/></type><mustSupport value="false"/><isModifier value="false"/><isSummary value="false"/><mapping><identity value="rim"/><map value="N/A"/></mapping></element><element id="MedicationStatement:shr-medication-MedicationUse.modifierExtension"><path value="MedicationStatement.modifierExtension"/><short value="Extensions that cannot be ignored"/><definition value="May be used to represent additional information that is not part of the basic definition of the resource, and that modifies the understanding of the element that contains it. Usually modifier elements provide negation or qualification. In order to make the use of extensions safe and manageable, there is a strict set of governance applied to the definition and use of extensions. Though any implementer is allowed to define an extension, there is a set of requirements that SHALL be met as part of the definition of the extension. Applications processing a resource are required to check for modifier extensions."/><comment value="There can be no stigma associated with the use of extensions by any application, project, or standard - regardless of the institution or jurisdiction that uses or defines the extensions.  The use of extensions is what allows the FHIR specification to retain a core level of simplicity for everyone."/><alias value="extensions"/><alias value="user content"/><min value="0"/><max value="*"/><base><path value="DomainResource.modifierExtension"/><min value="0"/><max value="*"/></base><type><code value="Extension"/></type><isModifier value="true"/><mapping><identity value="rim"/><map value="N/A"/></mapping></element><element id="MedicationStatement:shr-medication-MedicationUse.identifier"><path value="MedicationStatement.identifier"/><short value="External identifier"/><definition value="External identifier - FHIR will generate its own internal identifiers (probably URLs) which do not need to be explicitly managed by the resource.  The identifier here is one that would be used by another non-FHIR system - for example an automated medication pump would provide a record each time it operated; an administration while the patient was off the ward might be made with a different system and entered after the event.  Particularly important if these records have to be updated."/><min value="0"/><max value="*"/><type><code value="Identifier"/></type><isSummary value="true"/><mapping><identity value="workflow"/><map value="&#x2026;identifer"/></mapping><mapping><identity value="rim"/><map value=".id"/></mapping><mapping><identity value="w5"/><map value="id"/></mapping></element><element id="MedicationStatement:shr-medication-MedicationUse.basedOn"><path value="MedicationStatement.basedOn"/><short value="Fulfils plan, proposal or order"/><definition value="A plan, proposal or order that is fulfilled in whole or in part by this event."/><requirements value="Allows tracing of authorization for the event and tracking whether proposals/recommendations were acted upon."/><min value="0"/><max value="*"/><type><code value="Reference"/><targetProfile value="http://hl7.org/fhir/StructureDefinition/MedicationRequest"/></type><type><code value="Reference"/><targetProfile value="http://hl7.org/fhir/StructureDefinition/CarePlan"/></type><type><code value="Reference"/><targetProfile value="http://hl7.org/fhir/StructureDefinition/ProcedureRequest"/></type><type><code value="Reference"/><targetProfile value="http://hl7.org/fhir/StructureDefinition/ReferralRequest"/></type><isSummary value="true"/><mapping><identity value="workflow"/><map value="&#x2026;basedOn"/></mapping><mapping><identity value="rim"/><map value=".outboundRelationship[typeCode=FLFS].target[classCode=SBADM or PROC or PCPR or OBS, moodCode=RQO orPLAN or PRP]"/></mapping></element><element id="MedicationStatement:shr-medication-MedicationUse.partOf"><path value="MedicationStatement.partOf"/><short value="Part of referenced event"/><definition value="A larger event of which this particular event is a component or step."/><requirements value="This should not be used when indicating which resource a MedicationStatement has been derived from.  If that is the use case, then MedicationStatement.derivedFrom should be used."/><min value="0"/><max value="*"/><type><code value="Reference"/><targetProfile value="http://hl7.org/fhir/StructureDefinition/MedicationAdministration"/></type><type><code value="Reference"/><targetProfile value="http://hl7.org/fhir/StructureDefinition/MedicationDispense"/></type><type><code value="Reference"/><targetProfile value="http://hl7.org/fhir/StructureDefinition/MedicationStatement"/></type><type><code value="Reference"/><targetProfile value="http://hl7.org/fhir/StructureDefinition/Procedure"/></type><type><code value="Reference"/><targetProfile value="http://hl7.org/fhir/StructureDefinition/Observation"/></type><isSummary value="true"/><mapping><identity value="workflow"/><map value="&#x2026;part of"/></mapping><mapping><identity value="rim"/><map value=".outboundRelationship[typeCode=COMP]/target[classCode=SPLY or SBADM or PROC or OBS,moodCode=EVN]"/></mapping></element><element id="MedicationStatement:shr-medication-MedicationUse.context"><path value="MedicationStatement.context"/><short value="Encounter / Episode associated with MedicationStatement"/><definition value="The encounter or episode of care that establishes the context for this MedicationStatement."/><min value="0"/><max value="1"/><type><code value="Reference"/><targetProfile value="http://hl7.org/fhir/StructureDefinition/Encounter"/></type><type><code value="Reference"/><targetProfile value="http://hl7.org/fhir/StructureDefinition/EpisodeOfCare"/></type><isSummary value="true"/><mapping><identity value="workflow"/><map value="&#x2026;context"/></mapping><mapping><identity value="rim"/><map value=".inboundRelationship[typeCode=COMP].source[classCode=ENC, moodCode=EVN, code=&quot;type of encounter or episode&quot;]"/></mapping></element><element id="MedicationStatement:shr-medication-MedicationUse.status"><path value="MedicationStatement.status"/><short value="active | completed | entered-in-error | intended | stopped | on-hold"/><definition value="A code representing the patient or other source&#39;s judgment about the state of the medication used that this statement is about.  Generally this will be active or completed."/><comment value="MedicationStatement is a statement at a point in time.  The status is only representative at the point when it was asserted.  The value set for MedicationStatement.status contains codes that assert the status of the use of the medication by the patient (for example, stopped or on hold) as well as codes that assert the status of the medication statement itself (for example, entered in error).&#xA;&#xA;This element is labeled as a modifier because the status contains codes that mark the resource as not currently valid."/><min value="1"/><max value="1"/><type><code value="code"/></type><isModifier value="true"/><isSummary value="true"/><binding><extension url="http://hl7.org/fhir/StructureDefinition/elementdefinition-bindingName"><valueString value="MedicationStatementStatus"/></extension><strength value="required"/><description value="A coded concept indicating the current status of a MedicationStatement."/><valueSetReference><reference value="http://hl7.org/fhir/ValueSet/medication-statement-status"/></valueSetReference></binding><mapping><identity value="workflow"/><map value="&#x2026;status"/></mapping><mapping><identity value="rim"/><map value=".statusCode"/></mapping><mapping><identity value="w5"/><map value="status"/></mapping></element><element id="MedicationStatement:shr-medication-MedicationUse.category"><path value="MedicationStatement.category"/><short value="Type of medication usage"/><definition value="Indicates where type of medication statement and where the medication is expected to be consumed or administered."/><min value="0"/><max value="1"/><type><code value="CodeableConcept"/></type><isSummary value="true"/><binding><extension url="http://hl7.org/fhir/StructureDefinition/elementdefinition-bindingName"><valueString value="MedicationStatementCategory"/></extension><strength value="preferred"/><description value="A coded concept identifying where the medication included in the medicationstatement is expected to be consumed or administered"/><valueSetReference><reference value="http://hl7.org/fhir/ValueSet/medication-statement-category"/></valueSetReference></binding><mapping><identity value="rim"/><map value=".inboundRelationship[typeCode=COMP].source[classCode=OBS, moodCode=EVN, code=&quot;type of medication usage&quot;].value"/></mapping><mapping><identity value="w5"/><map value="class"/></mapping></element><element id="MedicationStatement:shr-medication-MedicationUse.medication[x]"><path value="MedicationStatement.medication[x]"/><short value="What medication was taken"/><definition value="Identifies the medication being administered. This is either a link to a resource representing the details of the medication or a simple attribute carrying a code that identifies the medication from a known list of medications."/><comment value="If only a code is specified, then it needs to be a code for a specific product. If more information is required, then the use of the medication resource is recommended.&#xA0; For example if&#xA0;you require&#xA0;form or&#xA0;lot number, then you must&#xA0;reference the Medication resource.&#xA0;."/><min value="1"/><max value="1"/><type><code value="Reference"/><targetProfile value="http://standardhealthrecord.org/fhir/StructureDefinition/shr-medication-Medication"/></type><isSummary value="true"/><binding><extension url="http://hl7.org/fhir/StructureDefinition/elementdefinition-bindingName"><valueString value="MedicationCode"/></extension><strength value="example"/><description value="A coded concept identifying the substance or product being taken."/><valueSetReference><reference value="http://hl7.org/fhir/ValueSet/medication-codes"/></valueSetReference></binding><mapping><identity value="workflow"/><map value="&#x2026;code"/></mapping><mapping><identity value="rim"/><map value=".participation[typeCode=CSM].role[classCode=ADMM or MANU]"/></mapping><mapping><identity value="w5"/><map value="what"/></mapping></element><element id="MedicationStatement:shr-medication-MedicationUse.effective[x]"><path value="MedicationStatement.effective[x]"/><short value="The date/time or interval when the medication was taken"/><definition value="The interval of time during which it is being asserted that the patient was taking the medication (or was not taking, when the wasNotGiven element is true)."/><comment value="This attribute reflects the period over which the patient consumed the medication and is expected to be populated on the majority of Medication Statements. If the medication is still being taken at the time the statement is recorded, the &quot;end&quot; date will be omitted."/><min value="1"/><max value="1"/><type><code value="Period"/><profile value="http://standardhealthrecord.org/fhir/StructureDefinition/shr-core-PeriodOfUse"/></type><isSummary value="true"/><mapping><identity value="workflow"/><map value="&#x2026;occurrence[x]"/></mapping><mapping><identity value="rim"/><map value=".effectiveTime"/></mapping><mapping><identity value="w5"/><map value="when.done"/></mapping></element><element id="MedicationStatement:shr-medication-MedicationUse.dateAsserted"><path value="MedicationStatement.dateAsserted"/><short value="When the statement was asserted?"/><definition value="The date when the medication statement was asserted by the information source."/><min value="0"/><max value="1"/><type><code value="dateTime"/></type><isSummary value="true"/><mapping><identity value="rim"/><map value=".participation[typeCode=AUT].time"/></mapping><mapping><identity value="w5"/><map value="when.recorded"/></mapping></element><element id="MedicationStatement:shr-medication-MedicationUse.informationSource"><path value="MedicationStatement.informationSource"/><short value="Person or organization that provided the information about the taking of this medication"/><definition value="The person or organization that provided the information about the taking of this medication. Note: Use derivedFrom when a MedicationStatement is derived from other resources, e.g Claim or MedicationRequest."/><min value="0"/><max value="1"/><type><code value="Reference"/><targetProfile value="http://hl7.org/fhir/StructureDefinition/Patient"/></type><type><code value="Reference"/><targetProfile value="http://hl7.org/fhir/StructureDefinition/Practitioner"/></type><type><code value="Reference"/><targetProfile value="http://hl7.org/fhir/StructureDefinition/RelatedPerson"/></type><type><code value="Reference"/><targetProfile value="http://hl7.org/fhir/StructureDefinition/Organization"/></type><mapping><identity value="rim"/><map value=".participation[typeCode=INF].role[classCode=PAT, or codes for Practioner or Related Person (if PAT is the informer, then syntax for self-reported =true)"/></mapping><mapping><identity value="w5"/><map value="who.source"/></mapping></element><element id="MedicationStatement:shr-medication-MedicationUse.subject"><path value="MedicationStatement.subject"/><short value="Who is/was taking  the medication"/><definition value="The person, animal or group who is/was taking the medication."/><min value="1"/><max value="1"/><type><code value="Reference"/><targetProfile value="http://hl7.org/fhir/StructureDefinition/Patient"/></type><type><code value="Reference"/><targetProfile value="http://hl7.org/fhir/StructureDefinition/Group"/></type><isSummary value="true"/><mapping><identity value="workflow"/><map value="&#x2026;subject"/></mapping><mapping><identity value="v2"/><map value="PID-3-Patient ID List"/></mapping><mapping><identity value="rim"/><map value=".participation[typeCode=SBJ].role[classCode=PAT]"/></mapping><mapping><identity value="w5"/><map value="who"/></mapping></element><element id="MedicationStatement:shr-medication-MedicationUse.derivedFrom"><path value="MedicationStatement.derivedFrom"/><short value="Additional supporting information"/><definition value="Allows linking the MedicationStatement to the underlying MedicationRequest, or to other information that supports or is used to derive the MedicationStatement."/><comment value="Likely references would be to MedicationRequest, MedicationDispense, Claim, Observation or QuestionnaireAnswers.  The most common use cases for deriving a MedicationStatement comes from creating a MedicationStatement from a MedicationRequest or from a lab observation or a claim.  it should be noted that the amount of information that is available varies from the type resource that you derive the MedicationStatement from."/><min value="0"/><max value="*"/><type><code value="Reference"/><targetProfile value="http://hl7.org/fhir/StructureDefinition/Resource"/></type><mapping><identity value="rim"/><map value=".outboundRelationship[typeCode=SPRT]/target[classCode=ACT,moodCode=EVN]"/></mapping></element><element id="MedicationStatement:shr-medication-MedicationUse.taken"><path value="MedicationStatement.taken"/><short value="y | n | unk | na"/><definition value="Indicator of the certainty of whether the medication was taken by the patient."/><comment value="This element is labeled as a modifier because it indicates that the medication was not taken."/><min value="1"/><max value="1"/><type><code value="code"/></type><isModifier value="true"/><isSummary value="true"/><binding><extension url="http://hl7.org/fhir/StructureDefinition/elementdefinition-bindingName"><valueString value="MedicationStatementTaken"/></extension><strength value="required"/><description value="A coded concept identifying level of certainty if patient has taken or has not taken the medication"/><valueSetReference><reference value="http://hl7.org/fhir/ValueSet/medication-statement-taken"/></valueSetReference></binding><mapping><identity value="workflow"/><map value="&#x2026;notDone"/></mapping><mapping><identity value="rim"/><map value=".actionNegationInd"/></mapping></element><element id="MedicationStatement:shr-medication-MedicationUse.reasonNotTaken"><path value="MedicationStatement.reasonNotTaken"/><short value="True if asserting medication was not given"/><definition value="A code indicating why the medication was not taken."/><min value="0"/><max value="1"/><type><code value="CodeableConcept"/><profile value="http://standardhealthrecord.org/fhir/StructureDefinition/shr-core-CodeableConcept"/></type><condition value="mst-1"/><binding><strength value="required"/><valueSetReference><reference value="http://standardhealthrecord.org/shr/medication/vs/ReasonMedicationNotUsedVS"/></valueSetReference></binding><mapping><identity value="rim"/><map value=".outboundRelationship[typeCode=RSON]/target[classCode=OBS,moodCode=EVN, code=&quot;reason not taken&quot;].value"/></mapping></element><element id="MedicationStatement:shr-medication-MedicationUse.reasonCode"><path value="MedicationStatement.reasonCode"/><short value="Reason for why the medication is being/was taken"/><definition value="A reason for why the medication is being/was taken."/><comment value="This could be a diagnosis code. If a full condition record exists or additional detail is needed, use reasonForUseReference."/><min value="1"/><max value="1"/><type><code value="CodeableConcept"/><profile value="http://standardhealthrecord.org/fhir/StructureDefinition/shr-core-CodeableConcept"/></type><binding><extension url="http://hl7.org/fhir/StructureDefinition/elementdefinition-bindingName"><valueString value="MedicationReason"/></extension><strength value="example"/><description value="A coded concept identifying why the medication is being taken."/><valueSetReference><reference value="http://hl7.org/fhir/ValueSet/condition-code"/></valueSetReference></binding><mapping><identity value="workflow"/><map value="&#x2026;reasoneCodeableConcept"/></mapping><mapping><identity value="rim"/><map value=".reasonCode"/></mapping><mapping><identity value="w5"/><map value="why"/></mapping></element><element id="MedicationStatement:shr-medication-MedicationUse.reasonReference"><path value="MedicationStatement.reasonReference"/><short value="Condition or observation that supports why the medication is being/was taken"/><definition value="Condition or observation that supports why the medication is being/was taken."/><comment value="This is a reference to a condition that is the reason why the medication is being/was taken.  If only a code exists, use reasonForUseCode."/><min value="0"/><max value="*"/><type><code value="Reference"/><targetProfile value="http://hl7.org/fhir/StructureDefinition/Condition"/></type><type><code value="Reference"/><targetProfile value="http://hl7.org/fhir/StructureDefinition/Observation"/></type><mapping><identity value="workflow"/><map value="&#x2026;reasonReference"/></mapping><mapping><identity value="rim"/><map value=".outboundRelationship[typeCode=RSON]/target[classCode=OBS,moodCode=EVN, code=&quot;reason for use&quot;].value"/></mapping><mapping><identity value="w5"/><map value="why"/></mapping></element><element id="MedicationStatement:shr-medication-MedicationUse.note"><path value="MedicationStatement.note"/><short value="Further information about the statement"/><definition value="Provides extra information about the medication statement that is not conveyed by the other attributes."/><min value="0"/><max value="*"/><type><code value="Annotation"/></type><mapping><identity value="workflow"/><map value="&#x2026;note"/></mapping><mapping><identity value="rim"/><map value=".inboundRelationship[typeCode=SUBJ]/source[classCode=OBS,moodCode=EVN,code=&quot;annotation&quot;].value"/></mapping></element><element id="MedicationStatement:shr-medication-MedicationUse.dosage"><path value="MedicationStatement.dosage"/><short value="Details of how medication is/was taken or should be taken"/><definition value="Indicates how the medication is/was or should be taken by the patient."/><comment value="The dates included in the dosage on a Medication Statement reflect the dates for a given dose.  For example, &quot;from November 1, 2016 to November 3, 2016, take one tablet daily and from November 4, 2016 to November 7, 2016, take two tablets daily.&quot;  It is expected that this specificity may only be populated where the patient brings in their labeled container or where the Medication Statement is derived from a MedicationRequest."/><min value="0"/><max value="1"/><type><code value="Dosage"/></type><mapping><identity value="rim"/><map value="refer dosageInstruction mapping"/></mapping></element><element id="MedicationStatement:shr-medication-MedicationUse.dosage.id"><path value="MedicationStatement.dosage.id"/><representation value="xmlAttr"/><short value="xml:id (or equivalent in JSON)"/><definition value="unique id for the element within a resource (for internal references). This may be any string value that does not contain spaces."/><min value="0"/><max value="1"/><base><path value="Element.id"/><min value="0"/><max value="1"/></base><type><code value="string"/></type><mapping><identity value="rim"/><map value="n/a"/></mapping></element><element id="MedicationStatement:shr-medication-MedicationUse.dosage.extension"><path value="MedicationStatement.dosage.extension"/><slicing><discriminator><type value="value"/><path value="url"/></discriminator><description value="Extensions are always sliced by (at least) url"/><rules value="open"/></slicing><short value="Additional Content defined by implementations"/><definition value="May be used to represent additional information that is not part of the basic definition of the element. In order to make the use of extensions safe and manageable, there is a strict set of governance  applied to the definition and use of extensions. Though any implementer is allowed to define an extension, there is a set of requirements that SHALL be met as part of the definition of the extension."/><comment value="There can be no stigma associated with the use of extensions by any application, project, or standard - regardless of the institution or jurisdiction that uses or defines the extensions.  The use of extensions is what allows the FHIR specification to retain a core level of simplicity for everyone."/><alias value="extensions"/><alias value="user content"/><min value="0"/><max value="*"/><base><path value="Element.extension"/><min value="0"/><max value="*"/></base><type><code value="Extension"/></type><mapping><identity value="rim"/><map value="n/a"/></mapping></element><element id="MedicationStatement:shr-medication-MedicationUse.dosage.sequence"><path value="MedicationStatement.dosage.sequence"/><short value="The order of the dosage instructions"/><definition value="Indicates the order in which the dosage instructions should be applied or interpreted."/><requirements value="If the sequence number of multiple Dosages is the same, then it is implied that the instructions are to be treated as concurrent.  If the sequence number is different, then the Dosages are intended to be sequential."/><min value="0"/><max value="1"/><type><code value="integer"/></type><isSummary value="true"/><mapping><identity value="rim"/><map value=".text"/></mapping></element><element id="MedicationStatement:shr-medication-MedicationUse.dosage.text"><path value="MedicationStatement.dosage.text"/><short value="Free text dosage instructions e.g. SIG"/><definition value="Free text dosage instructions e.g. SIG."/><requirements value="Free text dosage instructions can be used for cases where the instructions are too complex to code.  The content of this attribute does not include the name or description of the medication. When coded instructions are present, the free text instructions may still be present for display to humans taking or administering the medication. It is expected that the text instructions will always be populated.  If the dosage.timing attribute is also populated, then the dosage.text should reflect the same information as the timing."/><min value="0"/><max value="1"/><type><code value="string"/></type><isSummary value="true"/><mapping><identity value="rim"/><map value=".text"/></mapping></element><element id="MedicationStatement:shr-medication-MedicationUse.dosage.additionalInstruction"><path value="MedicationStatement.dosage.additionalInstruction"/><short value="Supplemental instruction - e.g. &quot;with meals&quot;"/><definition value="Supplemental instruction - e.g. &quot;with meals&quot;."/><requirements value="Additional instruction such as &quot;Swallow with plenty of water&quot; which may or may not be coded."/><min value="0"/><max value="*"/><type><code value="CodeableConcept"/><profile value="http://standardhealthrecord.org/fhir/StructureDefinition/shr-core-CodeableConcept"/></type><isSummary value="true"/><binding><strength value="required"/><valueSetReference><reference value="http://hl7.org/fhir/ValueSet/additional-instructions-codes"/></valueSetReference></binding><mapping><identity value="rim"/><map value=".text"/></mapping></element><element id="MedicationStatement:shr-medication-MedicationUse.dosage.patientInstruction"><path value="MedicationStatement.dosage.patientInstruction"/><short value="Patient or consumer oriented instructions"/><definition value="Instructions in terms that are understood by the patient or consumer."/><min value="0"/><max value="1"/><type><code value="string"/></type><isSummary value="true"/><mapping><identity value="rim"/><map value=".text"/></mapping></element><element id="MedicationStatement:shr-medication-MedicationUse.dosage.timing"><path value="MedicationStatement.dosage.timing"/><short value="When medication should be administered"/><definition value="When medication should be administered."/><comment value="This attribute may not always be populated while the Dosage.text is expected to be populated.  If both are populated, then the Dosage.text should reflect the content of the Dosage.timing."/><requirements value="The timing schedule for giving the medication to the patient. The Schedule data type allows many different expressions. For example: &quot;Every 8 hours&quot;; &quot;Three times a day&quot;; &quot;1/2 an hour before breakfast for 10 days from 23-Dec 2011:&quot;; &quot;15 Oct 2013, 17 Oct 2013 and 1 Nov 2013&quot;.  Sometimes, a rate can imply duration when expressed as total volume / duration (e.g.  500mL/2 hours implies a duration of 2 hours).  However, when rate doesn&#39;t imply duration (e.g. 250mL/hour), then the timing.repeat.duration is needed to convey the infuse over time period."/><min value="0"/><max value="1"/><type><code value="Timing"/></type><isSummary value="true"/><mapping><identity value="rim"/><map value=".effectiveTime"/></mapping></element><element id="MedicationStatement:shr-medication-MedicationUse.dosage.asNeeded[x]"><path value="MedicationStatement.dosage.asNeeded[x]"/><short value="Take &quot;as needed&quot; (for x)"/><definition value="Indicates whether the Medication is only taken when needed within a specific dosing schedule (Boolean option), or it indicates the precondition for taking the Medication (CodeableConcept)."/><comment value="Can express &quot;as needed&quot; without a reason by setting the Boolean = True.  In this case the CodeableConcept is not populated.  Or you can express &quot;as needed&quot; with a reason by including the CodeableConcept.  In this case the Boolean is assumed to be True.  If you set the Boolean to False, then the dose is given according to the schedule and is not &quot;prn&quot; or &quot;as needed&quot;."/><min value="0"/><max value="1"/><type><code value="boolean"/></type><isSummary value="true"/><binding><extension url="http://hl7.org/fhir/StructureDefinition/elementdefinition-bindingName"><valueString value="MedicationAsNeededReason"/></extension><strength value="example"/><description value="A coded concept identifying the precondition that should be met or evaluated prior to consuming or administering a medication dose.  For example &quot;pain&quot;, &quot;30 minutes prior to sexual intercourse&quot;, &quot;on flare-up&quot; etc."/><valueSetReference><reference value="http://hl7.org/fhir/ValueSet/medication-as-needed-reason"/></valueSetReference></binding><mapping><identity value="rim"/><map value=".outboundRelationship[typeCode=PRCN].target[classCode=OBS, moodCode=EVN, code=&quot;as needed&quot;].value=boolean or codable concept"/></mapping></element><element id="MedicationStatement:shr-medication-MedicationUse.dosage.site"><path value="MedicationStatement.dosage.site"/><short value="Body site to administer to"/><definition value="Body site to administer to."/><comment value="If the use case requires attributes from the BodySite resource (e.g. to identify and track separately) then use the standard extension [body-site-instance](extension-body-site-instance.html).  May be a summary code, or a reference to a very precise definition of the location, or both."/><requirements value="A coded specification of the anatomic site where the medication first enters the body."/><min value="0"/><max value="1"/><type><code value="CodeableConcept"/><profile value="http://standardhealthrecord.org/fhir/StructureDefinition/shr-core-CodeableConcept"/></type><isSummary value="true"/><binding><strength value="required"/><valueSetReference><reference value="http://standardhealthrecord.org/shr/core/vs/BodySiteVS"/></valueSetReference></binding><mapping><identity value="rim"/><map value=".approachSiteCode"/></mapping></element><element id="MedicationStatement:shr-medication-MedicationUse.dosage.route"><path value="MedicationStatement.dosage.route"/><short value="How drug should enter body"/><definition value="How drug should enter body."/><requirements value="A code specifying the route or physiological path of administration of a therapeutic agent into or onto a patient&#39;s body."/><min value="0"/><max value="1"/><type><code value="CodeableConcept"/><profile value="http://standardhealthrecord.org/fhir/StructureDefinition/shr-core-CodeableConcept"/></type><isSummary value="true"/><binding><extension url="http://hl7.org/fhir/StructureDefinition/elementdefinition-bindingName"><valueString value="RouteOfAdministration"/></extension><strength value="example"/><description value="A coded concept describing the route or physiological path of administration of a therapeutic agent into or onto the body of a subject."/><valueSetReference><reference value="http://hl7.org/fhir/ValueSet/route-codes"/></valueSetReference></binding><mapping><identity value="rim"/><map value=".routeCode"/></mapping></element><element id="MedicationStatement:shr-medication-MedicationUse.dosage.method"><path value="MedicationStatement.dosage.method"/><short value="Technique for administering medication"/><definition value="Technique for administering medication."/><comment value="Terminologies used often pre-coordinate this term with the route and or form of administration."/><requirements value="A coded value indicating the method by which the medication is introduced into or onto the body. Most commonly used for injections.  For examples, Slow Push; Deep IV."/><min value="0"/><max value="1"/><type><code value="CodeableConcept"/><profile value="http://standardhealthrecord.org/fhir/StructureDefinition/shr-core-CodeableConcept"/></type><isSummary value="true"/><binding><extension url="http://hl7.org/fhir/StructureDefinition/elementdefinition-bindingName"><valueString value="MedicationAdministrationMethod"/></extension><strength value="example"/><description value="A coded concept describing the technique by which the medicine is administered."/><valueSetReference><reference value="http://hl7.org/fhir/ValueSet/administration-method-codes"/></valueSetReference></binding><mapping><identity value="rim"/><map value=".doseQuantity"/></mapping></element><element id="MedicationStatement:shr-medication-MedicationUse.dosage.dose[x]"><path value="MedicationStatement.dosage.dose[x]"/><short value="Amount of medication per dose"/><definition value="Amount of medication per dose."/><comment value="Note that this specifies the quantity of the specified medication, not the quantity for each active ingredient(s). Each ingredient amount can be communicated in the Medication resource. For example, if one wants to communicate that a tablet was 375 mg, where the dose was one tablet, you can use the Medication resource to document that the tablet was comprised of 375 mg of drug XYZ. Alternatively if the dose was 375 mg, then you may only need to use the Medication resource to indicate this was a tablet. If the example were an IV such as dopamine and you wanted to communicate that 400mg of dopamine was mixed in 500 ml of some IV solution, then this would all be communicated in the Medication resource. If the administration is not intended to be instantaneous (rate is present or timing has a duration), this can be specified to convey the total amount to be administered over the period of time as indicated by the schedule e.g. 500 ml in dose, with timing used to convey that this should be done over 4 hours."/><requirements value="The amount of therapeutic or other substance given at one administration event."/><min value="0"/><max value="1"/><type><code value="Quantity"/><profile value="http://standardhealthrecord.org/fhir/StructureDefinition/shr-core-Quantity"/></type><isSummary value="true"/><mapping><identity value="rim"/><map value=".doseQuantity"/></mapping></element><element id="MedicationStatement:shr-medication-MedicationUse.dosage.maxDosePerPeriod"><path value="MedicationStatement.dosage.maxDosePerPeriod"/><short value="Upper limit on medication per unit of time"/><definition value="Upper limit on medication per unit of time."/><comment value="This is intended for use as an adjunct to the dosage when there is an upper cap.  For example &quot;2 tablets every 4 hours to a maximum of 8/day&quot;."/><requirements value="The maximum total quantity of a therapeutic substance that may be administered to a subject over the period of time.  For example, 1000mg in 24 hours."/><min value="0"/><max value="1"/><type><code value="Ratio"/><profile value="http://standardhealthrecord.org/fhir/StructureDefinition/shr-medication-MaximumDosePerTimePeriod"/></type><isSummary value="true"/><mapping><identity value="rim"/><map value=".maxDoseQuantity"/></mapping></element><element id="MedicationStatement:shr-medication-MedicationUse.dosage.maxDosePerAdministration"><path value="MedicationStatement.dosage.maxDosePerAdministration"/><short value="Upper limit on medication per administration"/><definition value="Upper limit on medication per administration."/><comment value="This is intended for use as an adjunct to the dosage when there is an upper cap.  For example, a body surface area related dose with a maximum amount, such as 1.5 mg/m2 (maximum 2 mg) IV over 5 &#x2013; 10 minutes would have doseQuantity of 1.5 mg/m2 and maxDosePerAdministration of 2 mg."/><requirements value="The maximum total quantity of a therapeutic substance that may be administered to a subject per administration."/><min value="0"/><max value="1"/><type><code value="Quantity"/><profile value="http://hl7.org/fhir/StructureDefinition/SimpleQuantity"/></type><isSummary value="true"/><mapping><identity value="rim"/><map value="not supported"/></mapping></element><element id="MedicationStatement:shr-medication-MedicationUse.dosage.maxDosePerLifetime"><path value="MedicationStatement.dosage.maxDosePerLifetime"/><short value="Upper limit on medication per lifetime of the patient"/><definition value="Upper limit on medication per lifetime of the patient."/><requirements value="The maximum total quantity of a therapeutic substance that may be administered per lifetime of the subject."/><min value="0"/><max value="1"/><type><code value="Quantity"/><profile value="http://hl7.org/fhir/StructureDefinition/SimpleQuantity"/></type><isSummary value="true"/><mapping><identity value="rim"/><map value="not supported"/></mapping></element><element id="MedicationStatement:shr-medication-MedicationUse.dosage.rate[x]"><path value="MedicationStatement.dosage.rate[x]"/><short value="Amount of medication per unit of time"/><definition value="Amount of medication per unit of time."/><comment value="It is possible to supply both a rate and a doseQuantity to provide full details about how the medication is to be administered and supplied. If the rate is intended to change over time, depending on local rules/regulations, each change should be captured as a new version of the MedicationRequest with an updated rate, or captured with a new MedicationRequest with the new rate."/><requirements value="Identifies the speed with which the medication was or will be introduced into the patient. Typically the rate for an infusion e.g. 100 ml per 1 hour or 100 ml/hr.  May also be expressed as a rate per unit of time e.g. 500 ml per 2 hours.   Other examples: 200 mcg/min or 200 mcg/1 minute; 1 liter/8 hours.  Sometimes, a rate can imply duration when expressed as total volume / duration (e.g.  500mL/2 hours implies a duration of 2 hours).  However, when rate doesn&#39;t imply duration (e.g. 250mL/hour), then the timing.repeat.duration is needed to convey the infuse over time period."/><min value="0"/><max value="1"/><type><code value="Ratio"/></type><type><code value="Range"/></type><type><code value="Quantity"/><profile value="http://hl7.org/fhir/StructureDefinition/SimpleQuantity"/></type><isSummary value="true"/><mapping><identity value="rim"/><map value=".rateQuantity"/></mapping></element></snapshot><differential><element id="MedicationStatement:shr-medication-MedicationUse"><path value="MedicationStatement"/><short value="SHR MedicationUse Profile"/><definition value="Report of a medication used (or not used). Medication use is either reported, directly observed, or inferred from clinical events associated with orders, prescriptions written, pharmacy dispensings, procedural administrations, and other patient-reported information."/></element><element id="MedicationStatement:shr-medication-MedicationUse.extension:adherence"><path value="MedicationStatement.extension"/><sliceName value="adherence"/><min value="0"/><max value="1"/><type><code value="Extension"/><profile value="http://standardhealthrecord.org/fhir/StructureDefinition/shr-medication-Adherence-extension"/></type><mustSupport value="false"/><isModifier value="false"/><isSummary value="false"/></element><element id="MedicationStatement:shr-medication-MedicationUse.medication[x]"><path value="MedicationStatement.medication[x]"/><type><code value="Reference"/><targetProfile value="http://standardhealthrecord.org/fhir/StructureDefinition/shr-medication-Medication"/></type></element><element id="MedicationStatement:shr-medication-MedicationUse.effective[x]"><path value="MedicationStatement.effective[x]"/><min value="1"/><max value="1"/><type><code value="Period"/><profile value="http://standardhealthrecord.org/fhir/StructureDefinition/shr-core-PeriodOfUse"/></type></element><element id="MedicationStatement:shr-medication-MedicationUse.reasonNotTaken"><path value="MedicationStatement.reasonNotTaken"/><min value="0"/><max value="1"/><type><code value="CodeableConcept"/><profile value="http://standardhealthrecord.org/fhir/StructureDefinition/shr-core-CodeableConcept"/></type><binding><strength value="required"/><valueSetReference><reference value="http://standardhealthrecord.org/shr/medication/vs/ReasonMedicationNotUsedVS"/></valueSetReference></binding></element><element id="MedicationStatement:shr-medication-MedicationUse.reasonCode"><path value="MedicationStatement.reasonCode"/><min value="1"/><max value="1"/><type><code value="CodeableConcept"/><profile value="http://standardhealthrecord.org/fhir/StructureDefinition/shr-core-CodeableConcept"/></type></element><element id="MedicationStatement:shr-medication-MedicationUse.dosage"><path value="MedicationStatement.dosage"/><min value="0"/><max value="1"/></element><element id="MedicationStatement:shr-medication-MedicationUse.dosage.additionalInstruction"><path value="MedicationStatement.dosage.additionalInstruction"/><type><code value="CodeableConcept"/><profile value="http://standardhealthrecord.org/fhir/StructureDefinition/shr-core-CodeableConcept"/></type><binding><strength value="required"/><valueSetReference><reference value="http://hl7.org/fhir/ValueSet/additional-instructions-codes"/></valueSetReference></binding></element><element id="MedicationStatement:shr-medication-MedicationUse.dosage.asNeeded[x]"><path value="MedicationStatement.dosage.asNeeded[x]"/><type><code value="boolean"/></type></element><element id="MedicationStatement:shr-medication-MedicationUse.dosage.site"><path value="MedicationStatement.dosage.site"/><type><code value="CodeableConcept"/><profile value="http://standardhealthrecord.org/fhir/StructureDefinition/shr-core-CodeableConcept"/></type><binding><strength value="required"/><valueSetReference><reference value="http://standardhealthrecord.org/shr/core/vs/BodySiteVS"/></valueSetReference></binding></element><element id="MedicationStatement:shr-medication-MedicationUse.dosage.route"><path value="MedicationStatement.dosage.route"/><type><code value="CodeableConcept"/><profile value="http://standardhealthrecord.org/fhir/StructureDefinition/shr-core-CodeableConcept"/></type></element><element id="MedicationStatement:shr-medication-MedicationUse.dosage.method"><path value="MedicationStatement.dosage.method"/><type><code value="CodeableConcept"/><profile value="http://standardhealthrecord.org/fhir/StructureDefinition/shr-core-CodeableConcept"/></type></element><element id="MedicationStatement:shr-medication-MedicationUse.dosage.dose[x]"><path value="MedicationStatement.dosage.dose[x]"/><type><code value="Quantity"/><profile value="http://standardhealthrecord.org/fhir/StructureDefinition/shr-core-Quantity"/></type></element><element id="MedicationStatement:shr-medication-MedicationUse.dosage.maxDosePerPeriod"><path value="MedicationStatement.dosage.maxDosePerPeriod"/><type><code value="Ratio"/><profile value="http://standardhealthrecord.org/fhir/StructureDefinition/shr-medication-MaximumDosePerTimePeriod"/></type></element></differential></StructureDefinition>