<?xml version="1.0" encoding="UTF-8"?><StructureDefinition xmlns="http://hl7.org/fhir"><id value="shr-vital-DiastolicPressure-extension"/><text><status value="generated"/><div xmlns="http://www.w3.org/1999/xhtml">
  <p><b>SHR DiastolicPressure Extension</b></p>
  <p>The blood pressure after the contraction of the heart while the chambers of the heart refill with blood, when the pressure is lowest.</p>
</div></text><url value="http://standardhealthrecord.org/fhir/StructureDefinition/shr-vital-DiastolicPressure-extension"/><identifier><system value="http://standardhealthrecord.org"/><value value="shr.vital.DiastolicPressure"/></identifier><version value="0.0.1"/><name value="SHR DiastolicPressure Extension"/><title value="SHR DiastolicPressure Extension"/><status value="draft"/><date value="2017-08-08T15:56:40.766Z"/><publisher value="The MITRE Corporation: Standard Health Record Collaborative"/><contact><telecom><system value="url"/><value value="http://www.standardhealthrecord.org"/></telecom></contact><description value="The blood pressure after the contraction of the heart while the chambers of the heart refill with blood, when the pressure is lowest."/><fhirVersion value="3.0.1"/><kind value="complex-type"/><abstract value="false"/><contextType value="resource"/><context value="*"/><type value="Extension"/><baseDefinition value="http://hl7.org/fhir/StructureDefinition/Extension"/><derivation value="constraint"/><snapshot><element id="Extension:diastolicpressure"><path value="Extension"/><short value="SHR DiastolicPressure Extension"/><definition value="The blood pressure after the contraction of the heart while the chambers of the heart refill with blood, when the pressure is lowest."/><min value="0"/><max value="*"/><base><path value="Extension"/><min value="0"/><max value="1"/></base><condition value="ele-1"/><constraint><key value="ele-1"/><severity value="error"/><human value="All FHIR elements must have a @value or children"/><expression value="children().count() &gt; id.count()"/><xpath value="@value|f:*|h:div"/><source value="Element"/></constraint><constraint><key value="ext-1"/><severity value="error"/><human value="Must have either extensions or value[x], not both"/><expression value="extension.exists() != value.exists()"/><xpath value="exists(f:extension)!=exists(f:*[starts-with(local-name(.), &#39;value&#39;)])"/><source value="Extension"/></constraint></element><element id="Extension:diastolicpressure.id"><path value="Extension.id"/><representation value="xmlAttr"/><short value="xml:id (or equivalent in JSON)"/><definition value="unique id for the element within a resource (for internal references). This may be any string value that does not contain spaces."/><min value="0"/><max value="1"/><base><path value="Element.id"/><min value="0"/><max value="1"/></base><type><code value="string"/></type><mapping><identity value="rim"/><map value="N/A"/></mapping></element><element id="Extension:diastolicpressure.extension"><path value="Extension.extension"/><slicing id="466"><discriminator><type value="value"/><path value="url"/></discriminator><ordered value="false"/><rules value="open"/></slicing><short value="Extension"/><definition value="An Extension"/><min value="0"/><max value="*"/><base><path value="Element.extension"/><min value="0"/><max value="*"/></base><type><code value="Extension"/></type></element><element id="Extension:diastolicpressure.extension:quantity"><path value="Extension.extension"/><sliceName value="quantity"/><definition value="A quantity with units."/><min value="1"/><max value="1"/><base><path value="Extension.extension"/><min value="0"/><max value="1"/></base><type><code value="Extension"/><profile value="http://standardhealthrecord.org/fhir/StructureDefinition/shr-core-Quantity-extension"/></type><patternQuantity><system value="http://unitsofmeasure.org"/><code value="mm[Hg]"/></patternQuantity><isModifier value="false"/><mapping><identity value="rim"/><map value="N/A"/></mapping></element><element id="Extension:diastolicpressure.extension:specifictype"><path value="Extension.extension"/><sliceName value="specifictype"/><definition value="A code or description representing the concept represented by the instance at a specific level. For example, for a Condition, the concept is MTH#C0348080 (Condition) but the Value is the SpecificType, i.e. MTH#C0011849 (Diabetes Mellitus). For an observation, the SpecificType defines what is being observed, measured, or asked, as specifically as possible. The SpecificType should always align with the concept of the element, for example, a blood pressure observation can be coded as a sitting blood pressure or standing blood pressure, and may be from a different code system (e.g. LOINC versus MTH). In other cases, the SpecificType is the specific question being asked, or the specific goal being pursued."/><min value="0"/><max value="1"/><base><path value="Extension.extension"/><min value="0"/><max value="1"/></base><type><code value="Extension"/><profile value="http://standardhealthrecord.org/fhir/StructureDefinition/shr-core-SpecificType-extension"/></type><isModifier value="false"/><mapping><identity value="rim"/><map value="N/A"/></mapping></element><element id="Extension:diastolicpressure.extension:specifictype.id"><path value="Extension.extension.id"/><representation value="xmlAttr"/><short value="xml:id (or equivalent in JSON)"/><definition value="unique id for the element within a resource (for internal references). This may be any string value that does not contain spaces."/><min value="0"/><max value="1"/><base><path value="Element.id"/><min value="0"/><max value="1"/></base><type><code value="string"/></type><mapping><identity value="rim"/><map value="N/A"/></mapping></element><element id="Extension:diastolicpressure.extension:specifictype.extension:extension"><path value="Extension.extension.extension"/><sliceName value="extension"/><short value="Extension"/><definition value="An Extension"/><min value="0"/><max value="0"/><base><path value="Element.extension"/><min value="0"/><max value="*"/></base><type><code value="Extension"/></type></element><element id="Extension:diastolicpressure.extension:specifictype.url"><path value="Extension.extension.url"/><representation value="xmlAttr"/><short value="identifies the meaning of the extension"/><definition value="Source of the definition for the extension code - a logical name or a URL."/><min value="1"/><max value="1"/><base><path value="Extension.url"/><min value="1"/><max value="1"/></base><type><code value="uri"/></type><fixedUri value="http://standardhealthrecord.org/fhir/StructureDefinition/shr-core-SpecificType-extension"/><mapping><identity value="rim"/><map value="N/A"/></mapping></element><element id="Extension:diastolicpressure.extension:specifictype.valueCodeableConcept"><path value="Extension.extension.valueCodeableConcept"/><short value="Value of extension"/><definition value="Value of extension - may be a resource or one of a constrained set of the data types (see Extensibility in the spec for list)."/><min value="1"/><max value="1"/><base><path value="Extension.value[x]"/><min value="0"/><max value="1"/></base><type><code value="CodeableConcept"/><profile value="http://standardhealthrecord.org/fhir/StructureDefinition/shr-core-CodeableConcept"/></type><patternCodeableConcept><coding><system value="http://loinc.org"/><code value="8462-4"/></coding></patternCodeableConcept><binding><strength value="preferred"/><valueSetReference><reference value="http://standardhealthrecord.org/shr/core/vs/SpecificTypeVS"/></valueSetReference></binding><mapping><identity value="rim"/><map value="N/A"/></mapping></element><element id="Extension:diastolicpressure.extension:dataabsentreason"><path value="Extension.extension"/><sliceName value="dataabsentreason"/><definition value="Provides a reason why the value of the observation is missing, if it is expected (some observations are not expected to have a value)."/><min value="0"/><max value="1"/><base><path value="Extension.extension"/><min value="0"/><max value="1"/></base><type><code value="Extension"/><profile value="http://standardhealthrecord.org/fhir/StructureDefinition/shr-observation-DataAbsentReason-extension"/></type><isModifier value="false"/><mapping><identity value="rim"/><map value="N/A"/></mapping></element><element id="Extension:diastolicpressure.extension:interpretation"><path value="Extension.extension"/><sliceName value="interpretation"/><definition value="A clinical interpretation of a measurement."/><min value="0"/><max value="1"/><base><path value="Extension.extension"/><min value="0"/><max value="1"/></base><type><code value="Extension"/><profile value="http://standardhealthrecord.org/fhir/StructureDefinition/shr-lab-Interpretation-extension"/></type><isModifier value="false"/><mapping><identity value="rim"/><map value="N/A"/></mapping></element><element id="Extension:diastolicpressure.extension:referencerange"><path value="Extension.extension"/><sliceName value="referencerange"/><definition value="The usual or acceptable range for a test result."/><min value="0"/><max value="*"/><base><path value="Extension.extension"/><min value="0"/><max value="1"/></base><type><code value="Extension"/><profile value="http://standardhealthrecord.org/fhir/StructureDefinition/shr-observation-ReferenceRange-extension"/></type><isModifier value="false"/><mapping><identity value="rim"/><map value="N/A"/></mapping></element><element id="Extension:diastolicpressure.url"><path value="Extension.url"/><representation value="xmlAttr"/><short value="identifies the meaning of the extension"/><definition value="Source of the definition for the extension code - a logical name or a URL."/><min value="1"/><max value="1"/><base><path value="Extension.url"/><min value="1"/><max value="1"/></base><type><code value="uri"/></type><fixedUri value="http://standardhealthrecord.org/fhir/StructureDefinition/shr-vital-DiastolicPressure-extension"/><mapping><identity value="rim"/><map value="N/A"/></mapping></element><element id="Extension:diastolicpressure.value[x]"><path value="Extension.value[x]"/><short value="Value of extension"/><definition value="Value of extension - may be a resource or one of a constrained set of the data types (see Extensibility in the spec for list)."/><min value="0"/><max value="0"/><base><path value="Extension.value[x]"/><min value="0"/><max value="1"/></base><type><code value="base64Binary"/></type><type><code value="boolean"/></type><type><code value="code"/></type><type><code value="date"/></type><type><code value="dateTime"/></type><type><code value="decimal"/></type><type><code value="id"/></type><type><code value="instant"/></type><type><code value="integer"/></type><type><code value="markdown"/></type><type><code value="oid"/></type><type><code value="positiveInt"/></type><type><code value="string"/></type><type><code value="time"/></type><type><code value="unsignedInt"/></type><type><code value="uri"/></type><type><code value="Address"/></type><type><code value="Age"/></type><type><code value="Annotation"/></type><type><code value="Attachment"/></type><type><code value="CodeableConcept"/></type><type><code value="Coding"/></type><type><code value="ContactPoint"/></type><type><code value="Count"/></type><type><code value="Distance"/></type><type><code value="Duration"/></type><type><code value="HumanName"/></type><type><code value="Identifier"/></type><type><code value="Money"/></type><type><code value="Period"/></type><type><code value="Quantity"/></type><type><code value="Range"/></type><type><code value="Ratio"/></type><type><code value="Reference"/></type><type><code value="SampledData"/></type><type><code value="Signature"/></type><type><code value="Timing"/></type><type><code value="Meta"/></type><mapping><identity value="rim"/><map value="N/A"/></mapping></element></snapshot><differential><element id="Extension:diastolicpressure"><path value="Extension"/><short value="SHR DiastolicPressure Extension"/><definition value="The blood pressure after the contraction of the heart while the chambers of the heart refill with blood, when the pressure is lowest."/><min value="0"/><max value="*"/></element><element id="Extension:diastolicpressure.extension:quantity"><path value="Extension.extension"/><sliceName value="quantity"/><definition value="A quantity with units."/><min value="1"/><max value="1"/><type><code value="Extension"/><profile value="http://standardhealthrecord.org/fhir/StructureDefinition/shr-core-Quantity-extension"/></type><patternQuantity><system value="http://unitsofmeasure.org"/><code value="mm[Hg]"/></patternQuantity></element><element id="Extension:diastolicpressure.extension:specifictype"><path value="Extension.extension"/><sliceName value="specifictype"/><definition value="A code or description representing the concept represented by the instance at a specific level. For example, for a Condition, the concept is MTH#C0348080 (Condition) but the Value is the SpecificType, i.e. MTH#C0011849 (Diabetes Mellitus). For an observation, the SpecificType defines what is being observed, measured, or asked, as specifically as possible. The SpecificType should always align with the concept of the element, for example, a blood pressure observation can be coded as a sitting blood pressure or standing blood pressure, and may be from a different code system (e.g. LOINC versus MTH). In other cases, the SpecificType is the specific question being asked, or the specific goal being pursued."/><min value="0"/><max value="1"/><type><code value="Extension"/><profile value="http://standardhealthrecord.org/fhir/StructureDefinition/shr-core-SpecificType-extension"/></type><patternCodeableConcept><coding><system value="http://loinc.org"/><code value="8462-4"/></coding></patternCodeableConcept></element><element id="Extension:diastolicpressure.extension:dataabsentreason"><path value="Extension.extension"/><sliceName value="dataabsentreason"/><definition value="Provides a reason why the value of the observation is missing, if it is expected (some observations are not expected to have a value)."/><min value="0"/><max value="1"/><type><code value="Extension"/><profile value="http://standardhealthrecord.org/fhir/StructureDefinition/shr-observation-DataAbsentReason-extension"/></type></element><element id="Extension:diastolicpressure.extension:interpretation"><path value="Extension.extension"/><sliceName value="interpretation"/><definition value="A clinical interpretation of a measurement."/><min value="0"/><max value="1"/><type><code value="Extension"/><profile value="http://standardhealthrecord.org/fhir/StructureDefinition/shr-lab-Interpretation-extension"/></type></element><element id="Extension:diastolicpressure.extension:referencerange"><path value="Extension.extension"/><sliceName value="referencerange"/><definition value="The usual or acceptable range for a test result."/><min value="0"/><max value="*"/><type><code value="Extension"/><profile value="http://standardhealthrecord.org/fhir/StructureDefinition/shr-observation-ReferenceRange-extension"/></type></element><element id="Extension:diastolicpressure.url"><path value="Extension.url"/><type><code value="uri"/></type><fixedUri value="http://standardhealthrecord.org/fhir/StructureDefinition/shr-vital-DiastolicPressure-extension"/></element><element id="Extension:diastolicpressure.value[x]"><path value="Extension.value[x]"/><min value="0"/><max value="0"/></element></differential></StructureDefinition>