<?xml version="1.0" encoding="UTF-8"?><StructureDefinition xmlns="http://hl7.org/fhir"><id value="shr-core-Duration"/><text><status value="generated"/><div xmlns="http://www.w3.org/1999/xhtml">
  <p><b>SHR Duration Profile</b></p>
  <p>The length of time that something continues.</p>
  <p><b>SHR Mapping Summary</b></p>
  <p><pre>shr.core.Duration maps to Duration:
  decimal maps to value
  Units.Coding.code maps to code
  Units.Coding.Vocabulary maps to system
  Units.Coding.DisplayText maps to unit
</pre></p>
</div></text><url value="http://standardhealthrecord.org/fhir/StructureDefinition/shr-core-Duration"/><identifier><system value="http://standardhealthrecord.org"/><value value="shr.core.Duration"/></identifier><version value="0.0.1"/><name value="SHR Duration Profile"/><status value="draft"/><date value="2017-05-10T18:00:16.127Z"/><publisher value="The MITRE Corporation: Standard Health Record Collaborative"/><contact><telecom><system value="url"/><value value="http://www.standardhealthrecord.org"/></telecom></contact><description value="The length of time that something continues."/><fhirVersion value="3.0.0"/><mapping><identity value="rim"/><uri value="http://hl7.org/v3"/><name value="RIM Mapping"/></mapping><mapping><identity value="v2"/><uri value="http://hl7.org/v2"/><name value="HL7 v2 Mapping"/></mapping><kind value="complex-type"/><abstract value="false"/><type value="Duration"/><baseDefinition value="http://hl7.org/fhir/StructureDefinition/Duration"/><derivation value="constraint"/><snapshot><element id="Duration:shr-core-Duration"><path value="Duration"/><short value="SHR Duration Profile"/><definition value="The length of time that something continues."/><comment value="The context of use may frequently define what kind of quantity this is and therefore what kind of units can be used. The context of use may also restrict the values for the comparator."/><min value="0"/><max value="*"/><constraint><key value="qty-3"/><severity value="error"/><human value="If a code for the unit is present, the system SHALL also be present"/><expression value="code.empty() or system.exists()"/><xpath value="not(exists(f:code)) or exists(f:system)"/><source value="Quantity"/></constraint><constraint><key value="drt-1"/><severity value="error"/><human value="There SHALL be a code if there is a value and it SHALL be an expression of time.  If system is present, it SHALL be UCUM."/><expression value="code.exists() implies ((system = %ucum) and value.exists())"/><xpath value="(f:code or not(f:value)) and (not(exists(f:system)) or f:system/@value=&#39;http://unitsofmeasure.org&#39;)"/></constraint><mapping><identity value="v2"/><map value="SN (see also Range) or CQ"/></mapping><mapping><identity value="rim"/><map value="PQ, IVL&lt;PQ&gt;, MO, CO, depending on the values"/></mapping><mapping><identity value="rim"/><map value="PQ, IVL&lt;PQ&gt; depending on the values"/></mapping></element><element id="Duration:shr-core-Duration.id"><path value="Duration.id"/><representation value="xmlAttr"/><short value="xml:id (or equivalent in JSON)"/><definition value="unique id for the element within a resource (for internal references). This may be any string value that does not contain spaces."/><min value="0"/><max value="1"/><base><path value="Element.id"/><min value="0"/><max value="1"/></base><type><code value="string"/></type><mapping><identity value="rim"/><map value="n/a"/></mapping></element><element id="Duration:shr-core-Duration.extension"><path value="Duration.extension"/><slicing><discriminator><type value="value"/><path value="url"/></discriminator><description value="Extensions are always sliced by (at least) url"/><rules value="open"/></slicing><short value="Additional Content defined by implementations"/><definition value="May be used to represent additional information that is not part of the basic definition of the element. In order to make the use of extensions safe and manageable, there is a strict set of governance  applied to the definition and use of extensions. Though any implementer is allowed to define an extension, there is a set of requirements that SHALL be met as part of the definition of the extension."/><comment value="There can be no stigma associated with the use of extensions by any application, project, or standard - regardless of the institution or jurisdiction that uses or defines the extensions.  The use of extensions is what allows the FHIR specification to retain a core level of simplicity for everyone."/><alias value="extensions"/><alias value="user content"/><min value="0"/><max value="*"/><base><path value="Element.extension"/><min value="0"/><max value="*"/></base><type><code value="Extension"/></type><mapping><identity value="rim"/><map value="n/a"/></mapping></element><element id="Duration:shr-core-Duration.value"><path value="Duration.value"/><short value="Numerical value (with implicit precision)"/><definition value="The value of the measured amount. The value includes an implicit precision in the presentation of the value."/><comment value="The implicit precision in the value should always be honored. Monetary values have their own rules for handling precision (refer to standard accounting text books)."/><requirements value="Precision is handled implicitly in almost all cases of measurement."/><min value="1"/><max value="1"/><base><path value="Quantity.value"/><min value="0"/><max value="1"/></base><type><code value="decimal"/></type><isSummary value="true"/><mapping><identity value="v2"/><map value="SN.2  / CQ - N/A"/></mapping><mapping><identity value="rim"/><map value="PQ.value, CO.value, MO.value, IVL.high or IVL.low depending on the value"/></mapping></element><element id="Duration:shr-core-Duration.comparator"><path value="Duration.comparator"/><short value="&lt; | &lt;= | &gt;= | &gt; - how to understand the value"/><definition value="How the value should be understood and represented - whether the actual value is greater or less than the stated value due to measurement issues; e.g. if the comparator is &quot;&lt;&quot; , then the real value is &lt; stated value."/><comment value="This is labeled as &quot;Is Modifier&quot; because the comparator modifies the interpretation of the value significantly. If there is no comparator, then there is no modification of the value."/><requirements value="Need a framework for handling measures where the value is &lt;5ug/L or &gt;400mg/L due to the limitations of measuring methodology."/><min value="0"/><max value="1"/><base><path value="Quantity.comparator"/><min value="0"/><max value="1"/></base><type><code value="code"/></type><meaningWhenMissing value="If there is no comparator, then there is no modification of the value"/><isModifier value="true"/><isSummary value="true"/><binding><extension url="http://hl7.org/fhir/StructureDefinition/elementdefinition-bindingName"><valueString value="QuantityComparator"/></extension><strength value="required"/><description value="How the Quantity should be understood and represented."/><valueSetReference><reference value="http://hl7.org/fhir/ValueSet/quantity-comparator"/></valueSetReference></binding><mapping><identity value="v2"/><map value="SN.1  / CQ.1"/></mapping><mapping><identity value="rim"/><map value="IVL properties"/></mapping></element><element id="Duration:shr-core-Duration.unit"><extension url="http://hl7.org/fhir/StructureDefinition/elementdefinition-translatable"><valueBoolean value="true"/></extension><path value="Duration.unit"/><short value="Unit representation"/><definition value="A human-readable form of the unit."/><requirements value="There are many representations for units of measure and in many contexts, particular representations are fixed and required. I.e. mcg for micrograms."/><min value="0"/><max value="1"/><base><path value="Quantity.unit"/><min value="0"/><max value="1"/></base><type><code value="string"/></type><isSummary value="true"/><mapping><identity value="v2"/><map value="(see OBX.6 etc.) / CQ.2"/></mapping><mapping><identity value="rim"/><map value="PQ.unit"/></mapping></element><element id="Duration:shr-core-Duration.system"><path value="Duration.system"/><short value="System that defines coded unit form"/><definition value="The identification of the system that provides the coded form of the unit."/><requirements value="Need to know the system that defines the coded form of the unit."/><min value="0"/><max value="1"/><base><path value="Quantity.system"/><min value="0"/><max value="1"/></base><type><code value="uri"/></type><condition value="qty-3"/><isSummary value="true"/><mapping><identity value="v2"/><map value="(see OBX.6 etc.) / CQ.2"/></mapping><mapping><identity value="rim"/><map value="CO.codeSystem, PQ.translation.codeSystem"/></mapping></element><element id="Duration:shr-core-Duration.code"><path value="Duration.code"/><short value="Coded form of the unit"/><definition value="A computer processable form of the unit in some unit representation system."/><comment value="The preferred system is UCUM, but SNOMED CT can also be used (for customary units) or ISO 4217 for currency.  The context of use may additionally require a code from a particular system."/><requirements value="Need a computable form of the unit that is fixed across all forms. UCUM provides this for quantities, but SNOMED CT provides many units of interest."/><min value="1"/><max value="1"/><base><path value="Quantity.code"/><min value="0"/><max value="1"/></base><type><code value="code"/></type><isSummary value="true"/><mapping><identity value="v2"/><map value="(see OBX.6 etc.) / CQ.2"/></mapping><mapping><identity value="rim"/><map value="PQ.code, MO.currency, PQ.translation.code"/></mapping></element></snapshot><differential><element id="Duration:shr-core-Duration"><path value="Duration"/><short value="SHR Duration Profile"/><definition value="The length of time that something continues."/></element><element id="Duration:shr-core-Duration.value"><path value="Duration.value"/><min value="1"/><max value="1"/></element><element id="Duration:shr-core-Duration.code"><path value="Duration.code"/><min value="1"/><max value="1"/></element></differential></StructureDefinition>