<?xml version="1.0" encoding="UTF-8"?><StructureDefinition xmlns="http://hl7.org/fhir"><id value="shr-base-Narrative"/><text><status value="generated"/><div xmlns="http://www.w3.org/1999/xhtml">
  <p><b>SHR Narrative Profile</b></p>
  <p>A human-readable narrative, potentially including images, that contains a summary of the resource, and may be used to represent the content of the resource to a human.</p>
  <p><b>SHR Mapping Summary</b></p>
  <p><pre>shr.base.Narrative maps to Narrative:
  xhtml maps to div
  NarrativeQualifier maps to status
</pre></p>
</div></text><url value="http://standardhealthrecord.org/fhir/StructureDefinition/shr-base-Narrative"/><identifier><system value="http://standardhealthrecord.org"/><value value="shr.base.Narrative"/></identifier><version value="0.0.1"/><name value="SHR Narrative Profile"/><status value="draft"/><date value="2017-04-18T15:12:20.581Z"/><publisher value="The MITRE Corporation: Standard Health Record Collaborative"/><contact><telecom><system value="url"/><value value="http://www.standardhealthrecord.org"/></telecom></contact><description value="A human-readable narrative, potentially including images, that contains a summary of the resource, and may be used to represent the content of the resource to a human."/><fhirVersion value="3.0.0"/><mapping><identity value="rim"/><uri value="http://hl7.org/v3"/><name value="RIM Mapping"/></mapping><kind value="complex-type"/><abstract value="false"/><type value="Narrative"/><baseDefinition value="http://hl7.org/fhir/StructureDefinition/Narrative"/><derivation value="constraint"/><snapshot><element id="Narrative:shr-base-Narrative"><path value="Narrative"/><short value="SHR Narrative Profile"/><definition value="A human-readable narrative, potentially including images, that contains a summary of the resource, and may be used to represent the content of the resource to a human."/><min value="0"/><max value="*"/><condition value="ele-1"/><constraint><key value="ele-1"/><severity value="error"/><human value="All FHIR elements must have a @value or children"/><expression value="children().count() &gt; id.count()"/><xpath value="@value|f:*|h:div"/><source value="Element"/></constraint><mapping><identity value="rim"/><map value="n/a"/></mapping><mapping><identity value="rim"/><map value="N/A"/></mapping></element><element id="Narrative:shr-base-Narrative.id"><path value="Narrative.id"/><representation value="xmlAttr"/><short value="xml:id (or equivalent in JSON)"/><definition value="unique id for the element within a resource (for internal references). This may be any string value that does not contain spaces."/><min value="0"/><max value="1"/><base><path value="Element.id"/><min value="0"/><max value="1"/></base><type><code value="string"/></type><mapping><identity value="rim"/><map value="n/a"/></mapping></element><element id="Narrative:shr-base-Narrative.extension"><path value="Narrative.extension"/><slicing><discriminator><type value="value"/><path value="url"/></discriminator><description value="Extensions are always sliced by (at least) url"/><rules value="open"/></slicing><short value="Additional Content defined by implementations"/><definition value="May be used to represent additional information that is not part of the basic definition of the element. In order to make the use of extensions safe and manageable, there is a strict set of governance  applied to the definition and use of extensions. Though any implementer is allowed to define an extension, there is a set of requirements that SHALL be met as part of the definition of the extension."/><comment value="There can be no stigma associated with the use of extensions by any application, project, or standard - regardless of the institution or jurisdiction that uses or defines the extensions.  The use of extensions is what allows the FHIR specification to retain a core level of simplicity for everyone."/><alias value="extensions"/><alias value="user content"/><min value="0"/><max value="*"/><base><path value="Element.extension"/><min value="0"/><max value="*"/></base><type><code value="Extension"/></type><mapping><identity value="rim"/><map value="n/a"/></mapping></element><element id="Narrative:shr-base-Narrative.status"><path value="Narrative.status"/><short value="generated | extensions | additional | empty"/><definition value="The status of the narrative - whether it&#39;s entirely generated (from just the defined data or the extensions too), or whether a human authored it and it may contain additional data."/><min value="1"/><max value="1"/><type><code value="code"/></type><binding><extension url="http://hl7.org/fhir/StructureDefinition/elementdefinition-bindingName"><valueString value="NarrativeStatus"/></extension><strength value="required"/><description value="The status of a resource narrative"/><valueSetReference><reference value="http://hl7.org/fhir/ValueSet/narrative-status"/></valueSetReference></binding><mapping><identity value="rim"/><map value="N/A"/></mapping></element><element id="Narrative:shr-base-Narrative.div"><path value="Narrative.div"/><short value="Limited xhtml content"/><definition value="The actual narrative content, a stripped down version of XHTML."/><comment value="The contents of the html element are an XHTML fragment containing only the basic html formatting elements described in chapters 7-11 and 15 of the HTML 4.0 standard, &lt;a&gt; elements (either name or href), images and internally contained stylesheets. The XHTML content may not contain a head, a body, external stylesheet references, scripts, forms, base/link/xlink, frames, iframes and objects."/><min value="1"/><max value="1"/><type><code value="xhtml"/></type><constraint><key value="txt-1"/><severity value="error"/><human value="The narrative SHALL contain only the basic html formatting elements and attributes described in chapters 7-11 (except section 4 of chapter 9) and 15 of the HTML 4.0 standard, &lt;a&gt; elements (either name or href), images and internally contained style attributes"/><expression value="htmlchecks()"/><xpath value="not(descendant-or-self::*[not(local-name(.)=(&#39;a&#39;, &#39;abbr&#39;, &#39;acronym&#39;, &#39;b&#39;, &#39;big&#39;, &#39;blockquote&#39;, &#39;br&#39;, &#39;caption&#39;, &#39;cite&#39;, &#39;code&#39;, &#39;col&#39;, &#39;colgroup&#39;, &#39;dd&#39;, &#39;dfn&#39;, &#39;div&#39;, &#39;dl&#39;, &#39;dt&#39;, &#39;em&#39;, &#39;h1&#39;, &#39;h2&#39;, &#39;h3&#39;, &#39;h4&#39;, &#39;h5&#39;, &#39;h6&#39;, &#39;hr&#39;, &#39;i&#39;, &#39;img&#39;, &#39;li&#39;, &#39;ol&#39;, &#39;p&#39;, &#39;pre&#39;, &#39;q&#39;, &#39;samp&#39;, &#39;small&#39;, &#39;span&#39;, &#39;strong&#39;, &#39;sub&#39;, &#39;sup&#39;, &#39;table&#39;, &#39;tbody&#39;, &#39;td&#39;, &#39;tfoot&#39;, &#39;th&#39;, &#39;thead&#39;, &#39;tr&#39;, &#39;tt&#39;, &#39;ul&#39;, &#39;var&#39;))]) and not(descendant-or-self::*/@*[not(name(.)=(&#39;abbr&#39;, &#39;accesskey&#39;, &#39;align&#39;, &#39;alt&#39;, &#39;axis&#39;, &#39;bgcolor&#39;, &#39;border&#39;, &#39;cellhalign&#39;, &#39;cellpadding&#39;, &#39;cellspacing&#39;, &#39;cellvalign&#39;, &#39;char&#39;, &#39;charoff&#39;, &#39;charset&#39;, &#39;cite&#39;, &#39;class&#39;, &#39;colspan&#39;, &#39;compact&#39;, &#39;coords&#39;, &#39;dir&#39;, &#39;frame&#39;, &#39;headers&#39;, &#39;height&#39;, &#39;href&#39;, &#39;hreflang&#39;, &#39;hspace&#39;, &#39;id&#39;, &#39;lang&#39;, &#39;longdesc&#39;, &#39;name&#39;, &#39;nowrap&#39;, &#39;rel&#39;, &#39;rev&#39;, &#39;rowspan&#39;, &#39;rules&#39;, &#39;scope&#39;, &#39;shape&#39;, &#39;span&#39;, &#39;src&#39;, &#39;start&#39;, &#39;style&#39;, &#39;summary&#39;, &#39;tabindex&#39;, &#39;title&#39;, &#39;type&#39;, &#39;valign&#39;, &#39;value&#39;, &#39;vspace&#39;, &#39;width&#39;))])"/></constraint><constraint><key value="txt-2"/><severity value="error"/><human value="The narrative SHALL have some non-whitespace content"/><expression value="htmlchecks()"/><xpath value="descendant::text()[normalize-space(.)!=&#39;&#39;] or descendant::h:img[@src]"/></constraint><mapping><identity value="rim"/><map value="N/A"/></mapping></element></snapshot><differential><element id="Narrative:shr-base-Narrative"><path value="Narrative"/><short value="SHR Narrative Profile"/><definition value="A human-readable narrative, potentially including images, that contains a summary of the resource, and may be used to represent the content of the resource to a human."/></element></differential></StructureDefinition>