<?xml version="1.0" encoding="UTF-8"?><ValueSet xmlns="http://hl7.org/fhir"><id value="shr-adverse-MedDRAVS"/><text><status value="generated"/><div xmlns="http://www.w3.org/1999/xhtml">
<p><b>SHR MedDRAVS ValueSet</b></p>
<p/>
</div></text><url value="http://standardhealthrecord.org/shr/adverse/vs/MedDRAVS"/><identifier><system value="http://standardhealthrecord.org"/><value value="shr.adverse.MedDRAVS"/></identifier><version value="0.0.1"/><name value="SHR MedDRAVS ValueSet"/><title value="SHR MedDRAVS ValueSet"/><status value="draft"/><date value="2017-12-19"/><publisher value="The MITRE Corporation: Standard Health Record Collaborative"/><contact><telecom><system value="url"/><value value="http://standardhealthrecord.org"/></telecom></contact><compose><include><system value="http://www.meddra.org"/></include></compose></ValueSet>