<?xml version="1.0" encoding="UTF-8"?><ValueSet xmlns="http://hl7.org/fhir"><id value="shr-behavior-AlcoholUseScreeningToolVS"/><meta><profile value="http://hl7.org/fhir/StructureDefinition/valueset-shareable-definition"/></meta><text><status value="generated"/><div xmlns="http://www.w3.org/1999/xhtml">
<p><b>SHR AlcoholUseScreeningToolVS ValueSet</b></p>
<p/>
</div></text><url value="http://standardhealthrecord.org/shr/behavior/vs/AlcoholUseScreeningToolVS"/><identifier><system value="http://standardhealthrecord.org"/><value value="shr.behavior.AlcoholUseScreeningToolVS"/></identifier><version value="0.0.1"/><name value="SHR AlcoholUseScreeningToolVS ValueSet"/><title value="SHR AlcoholUseScreeningToolVS ValueSet"/><status value="draft"/><date value="2017-05-10T18:00:13.091Z"/><publisher value="The MITRE Corporation: Standard Health Record Collaborative"/><contact><telecom><system value="url"/><value value="http://www.standardhealthrecord.org"/></telecom></contact><compose><include><system value="http://standardhealthrecord.org/shr/behavior/cs/AlcoholUseScreeningToolCS"/><concept><code value="audit"/><display value="AUDIT"/></concept><concept><code value="audit_c"/><display value="AUDIT-C"/></concept><concept><code value="crafft"/><display value="CRAFFT"/></concept></include></compose></ValueSet>