<?xml version="1.0" encoding="UTF-8"?><ValueSet xmlns="http://hl7.org/fhir"><id value="shr-vital-BodyTemperatureBodySiteVS"/><text><status value="generated"/><div xmlns="http://www.w3.org/1999/xhtml">
<p><b>SHR BodyTemperatureBodySiteVS ValueSet</b></p>
<p/>
</div></text><url value="http://standardhealthrecord.org/shr/vital/vs/BodyTemperatureBodySiteVS"/><identifier><system value="http://standardhealthrecord.org"/><value value="shr.vital.BodyTemperatureBodySiteVS"/></identifier><version value="0.0.1"/><name value="SHR BodyTemperatureBodySiteVS ValueSet"/><title value="SHR BodyTemperatureBodySiteVS ValueSet"/><status value="draft"/><date value="2017-12-19"/><publisher value="The MITRE Corporation: Standard Health Record Collaborative"/><contact><telecom><system value="url"/><value value="http://standardhealthrecord.org"/></telecom></contact><compose><include><system value="http://ncimeta.nci.nih.gov"/><concept><code value="C0004454"/><display value="Axilla (underarm)"/></concept><concept><code value="C0226896"/><display value="Oral cavity"/></concept><concept><code value="C0521421"/><display value="Ear"/></concept><concept><code value="C0041445"/><display value="Tympanic membrane"/></concept><concept><code value="C0039482"/><display value="Temporal artery (forehead)"/></concept><concept><code value="C0034896"/><display value="Rectal"/></concept><concept><code value="C0005682"/><display value="Urinary bladder"/></concept><concept><code value="C0027423"/><display value="Nasal"/></concept><concept><code value="C0027442"/><display value="Nasopharynx"/></concept><concept><code value="C0016129"/><display value="Finger"/></concept><concept><code value="C0040357"/><display value="Toe"/></concept></include></compose></ValueSet>