<?xml version="1.0" encoding="UTF-8"?><ValueSet xmlns="http://hl7.org/fhir"><id value="shr-sex-ContraceptiveMethodReasonVS"/><text><status value="generated"/><div xmlns="http://www.w3.org/1999/xhtml">
<p><b>SHR ContraceptiveMethodReasonVS ValueSet</b></p>
<p/>
</div></text><url value="http://standardhealthrecord.org/shr/sex/vs/ContraceptiveMethodReasonVS"/><identifier><system value="http://standardhealthrecord.org"/><value value="shr.sex.ContraceptiveMethodReasonVS"/></identifier><version value="0.0.1"/><name value="SHR ContraceptiveMethodReasonVS ValueSet"/><title value="SHR ContraceptiveMethodReasonVS ValueSet"/><status value="draft"/><date value="2017-12-12"/><publisher value="The MITRE Corporation: Standard Health Record Collaborative"/><contact><telecom><system value="url"/><value value="http://standardhealthrecord.org"/></telecom></contact><compose><include><system value="http://standardhealthrecord.org/shr/sex/cs/ContraceptiveMethodReasonCS"/><concept><code value="control"/><display value="Gives subject control the use of contraceptive."/></concept><concept><code value="safer_sex"/><display value="Method of contraceptive provides safer sex."/></concept><concept><code value="convenient"/><display value="Easy to use."/></concept><concept><code value="long_term"/><display value="Provides long term protection."/></concept><concept><code value="available"/><display value="Easily available, affordable."/></concept></include></compose></ValueSet>