<?xml version="1.0" encoding="UTF-8"?><ValueSet xmlns="http://hl7.org/fhir"><id value="shr-oncology-HER2AntibodyIHCVS"/><text><status value="generated"/><div xmlns="http://www.w3.org/1999/xhtml">
<p><b>SHR HER2AntibodyIHCVS ValueSet</b></p>
<p>Antibodies relevant to HER2 receptor (IHC Test).</p>
</div></text><url value="http://standardhealthrecord.org/shr/oncology/vs/HER2AntibodyIHCVS"/><identifier><system value="http://standardhealthrecord.org"/><value value="shr.oncology.HER2AntibodyIHCVS"/></identifier><version value="0.0.1"/><name value="SHR HER2AntibodyIHCVS ValueSet"/><title value="SHR HER2AntibodyIHCVS ValueSet"/><status value="draft"/><date value="2017-12-20"/><publisher value="The MITRE Corporation: Standard Health Record Collaborative"/><contact><telecom><system value="url"/><value value="http://standardhealthrecord.org"/></telecom></contact><description value="Antibodies relevant to HER2 receptor (IHC Test)."/><compose><include><system value="https://sdt.cap.org"/><concept><code value="31117"/><display value="4B5"/></concept><concept><code value="31118"/><display value="HercepTest"/></concept><concept><code value="31119"/><display value="A0485"/></concept><concept><code value="31120"/><display value="SP3"/></concept><concept><code value="31121"/><display value="CB11"/></concept></include></compose></ValueSet>