<?xml version="1.0" encoding="UTF-8"?><ValueSet xmlns="http://hl7.org/fhir"><id value="shr-allergy-NoKnownAllergyVS"/><text><status value="generated"/><div xmlns="http://www.w3.org/1999/xhtml">
<p><b>SHR NoKnownAllergyVS ValueSet</b></p>
<p>Codes that express no known allergies to food, environmtal agents, drugs, etc.</p>
</div></text><url value="http://standardhealthrecord.org/shr/allergy/vs/NoKnownAllergyVS"/><identifier><system value="http://standardhealthrecord.org"/><value value="shr.allergy.NoKnownAllergyVS"/></identifier><version value="0.0.1"/><name value="SHR NoKnownAllergyVS ValueSet"/><title value="SHR NoKnownAllergyVS ValueSet"/><status value="draft"/><date value="2018-02-27"/><publisher value="The MITRE Corporation: Standard Health Record Collaborative"/><contact><telecom><system value="url"/><value value="http://standardhealthrecord.org"/></telecom></contact><description value="Codes that express no known allergies to food, environmtal agents, drugs, etc."/><compose><include><system value="http://snomed.info/sct"/><filter><property value="concept"/><op value="is-a"/><value value="716186003"/></filter></include></compose></ValueSet>