<?xml version="1.0" encoding="UTF-8"?><ValueSet xmlns="http://hl7.org/fhir"><id value="shr-core-CodingQualifierVS"/><meta><profile value="http://hl7.org/fhir/StructureDefinition/valueset-shareable-definition"/></meta><text><status value="generated"/><div xmlns="http://www.w3.org/1999/xhtml">
<p><b>SHR CodingQualifierVS ValueSet</b></p>
<p/>
</div></text><url value="http://standardhealthrecord.org/shr/core/vs/CodingQualifierVS"/><identifier><system value="http://standardhealthrecord.org"/><value value="shr.core.CodingQualifierVS"/></identifier><version value="0.0.1"/><name value="SHR CodingQualifierVS ValueSet"/><title value="SHR CodingQualifierVS ValueSet"/><status value="draft"/><date value="2017-08-08T15:56:20.406Z"/><publisher value="The MITRE Corporation: Standard Health Record Collaborative"/><contact><telecom><system value="url"/><value value="http://www.standardhealthrecord.org"/></telecom></contact><compose><include><system value="http://standardhealthrecord.org/shr/core/cs/CodingQualifierCS"/><concept><code value="preferred_code"/><display value="The preferred, standardized code for interoperability purposes. There should be only one coding in a CodeableConcept with this tag."/></concept><concept><code value="source_code"/><display value="The code found in the information source for this entry, e.g., the raw, original, or first encoding."/></concept><concept><code value="user_selected_code"/><display value="The code was directly selected by the user, as opposed to being determined after the fact via interpretation of notes or natural language processing."/></concept><concept><code value="derived_code"/><display value="The code was determined after-the-fact from source data, either through translation, or via interpretation of free text (by human or machine)."/></concept><concept><code value="category_code"/><display value="Indicates the code is a less specific term or a categorization of the source or standard code, i.e., a hypernym. For example, a code for &#39;vital sign&#39; in the context of a body weight measurement would be a category code. Category codes can  be useful for search and query purposes."/></concept><concept><code value="coded_expression"/><display value="The code is an expression in an expression language defined by the CodeSystem"/></concept><concept><code value="default_code"/><display value="The code was supplied by the system by default, because no specific coded value was available."/></concept></include></compose></ValueSet>