<?xml version="1.0" encoding="UTF-8"?><ValueSet xmlns="http://hl7.org/fhir"><id value="shr-device-RespiratoryAssistDeviceVS"/><meta><profile value="http://hl7.org/fhir/StructureDefinition/valueset-shareable-definition"/></meta><text><status value="generated"/><div xmlns="http://www.w3.org/1999/xhtml">
<p><b>SHR RespiratoryAssistDeviceVS ValueSet</b></p>
<p/>
</div></text><url value="http://standardhealthrecord.org/shr/device/vs/RespiratoryAssistDeviceVS"/><identifier><system value="http://standardhealthrecord.org"/><value value="shr.device.RespiratoryAssistDeviceVS"/></identifier><version value="0.0.1"/><name value="SHR RespiratoryAssistDeviceVS ValueSet"/><title value="SHR RespiratoryAssistDeviceVS ValueSet"/><status value="draft"/><date value="2017-05-09T18:19:21.853Z"/><publisher value="The MITRE Corporation: Standard Health Record Collaborative"/><contact><telecom><system value="url"/><value value="http://www.standardhealthrecord.org"/></telecom></contact><compose><include><system value="http://standardhealthrecord.org/shr/device/cs/RespiratoryAssistDeviceCS"/><concept><code value="apnea"/><display value="Apnea monitor"/></concept><concept><code value="vent"/><display value="Ventilator"/></concept><concept><code value="mand_vent"/><display value="Intermittent mandatory ventilator"/></concept><concept><code value="neonat_vent"/><display value="Neonatal ventilator"/></concept><concept><code value="vent_synch"/><display value="Synchronized intermittent mandatory ventilator"/></concept></include></compose></ValueSet>