<?xml version="1.0" encoding="UTF-8"?><ValueSet xmlns="http://hl7.org/fhir"><id value="shr-medication-MedicationChangeTypeVS"/><text><status value="generated"/><div xmlns="http://www.w3.org/1999/xhtml">
<p><b>SHR MedicationChangeTypeVS ValueSet</b></p>
<p/>
</div></text><url value="http://standardhealthrecord.org/shr/medication/vs/MedicationChangeTypeVS"/><identifier><system value="http://standardhealthrecord.org"/><value value="shr.medication.MedicationChangeTypeVS"/></identifier><version value="0.0.1"/><name value="SHR MedicationChangeTypeVS ValueSet"/><title value="SHR MedicationChangeTypeVS ValueSet"/><status value="draft"/><date value="2018-02-27"/><publisher value="The MITRE Corporation: Standard Health Record Collaborative"/><contact><telecom><system value="url"/><value value="http://standardhealthrecord.org"/></telecom></contact><compose><include><system value="http://standardhealthrecord.org/shr/medication/cs/MedicationChangeTypeCS"/><concept><code value="reduced"/><display value="Dose reduced"/></concept><concept><code value="increased"/><display value="Dose increased"/></concept><concept><code value="temp_stop"/><display value="Medication temporarily interrupted"/></concept><concept><code value="swap"/><display value="Switch from one medication (or set of medications) to another"/></concept><concept><code value="stop"/><display value="Medication stopped"/></concept></include></compose></ValueSet>