<?xml version="1.0" encoding="UTF-8"?>

<ValueSet xmlns="http://hl7.org/fhir">
  <id value="shr-skin-SupportSurfaceCategoryVS"/>
  <meta>
    <profile value="http://hl7.org/fhir/StructureDefinition/valueset-shareable-definition"/>
  </meta>
  <text>
    <status value="generated"/><div xmlns="http://www.w3.org/1999/xhtml">
<p><b>SHR SupportSurfaceCategoryVS ValueSet</b></p>
<p></p>
</div>
  </text>
  <url value="http://standardhealthrecord.org/fhir/ValueSet/shr-skin-SupportSurfaceCategoryVS"/>
  <identifier>
    <system value="http://standardhealthrecord.org"/>
    <value value="shr.skin.SupportSurfaceCategoryVS"/>
  </identifier>
  <name value="SHR SupportSurfaceCategoryVS ValueSet"/>
  <title value="SHR SupportSurfaceCategoryVS ValueSet"/>
  <status value="draft"/>
  <publisher value="The MITRE Corporation: Standard Health Record Collaborative"/>
  <contact>
    <telecom>
      <system value="url"/>
      <value value="http://www.standardhealthrecord.org"/>
    </telecom>
  </contact>
  <date value="2017-02-23T21:26:39.109Z"/>
  <compose>
    <include>
      <system value="http://standardhealthrecord.org/fhir/CodeSystem/shr-skin-SupportSurfaceCategoryVS"/>
      <concept>
        <code value="active_support"/>
        <display value="Active support surface"/>
      </concept>
      <concept>
        <code value="reactive_support"/>
        <display value="Reactive support surface"/>
      </concept>
      <concept>
        <code value="mattress"/>
        <display value="Mattress"/>
      </concept>
      <concept>
        <code value="bed_system"/>
        <display value="Integrated bed system"/>
      </concept>
      <concept>
        <code value="overlay"/>
        <display value="Overlay"/>
      </concept>
      <concept>
        <code value="nonpowered"/>
        <display value="Non-powered"/>
      </concept>
      <concept>
        <code value="powered"/>
        <display value="Powered"/>
      </concept>
    </include>
  </compose>
</ValueSet>