<?xml version="1.0" encoding="UTF-8"?><ValueSet xmlns="http://hl7.org/fhir"><id value="shr-behavior-SubstanceOfAbuseVS"/><meta><profile value="http://hl7.org/fhir/StructureDefinition/valueset-shareable-definition"/></meta><text><status value="generated"/><div xmlns="http://www.w3.org/1999/xhtml">
<p><b>SHR SubstanceOfAbuseVS ValueSet</b></p>
<p/>
</div></text><url value="http://standardhealthrecord.org/shr/behavior/vs/SubstanceOfAbuseVS"/><identifier><system value="http://standardhealthrecord.org"/><value value="shr.behavior.SubstanceOfAbuseVS"/></identifier><version value="0.0.1"/><name value="SHR SubstanceOfAbuseVS ValueSet"/><title value="SHR SubstanceOfAbuseVS ValueSet"/><status value="draft"/><date value="2017-04-18T15:12:20.487Z"/><publisher value="The MITRE Corporation: Standard Health Record Collaborative"/><contact><telecom><system value="url"/><value value="http://www.standardhealthrecord.org"/></telecom></contact><compose><include><system value="http://snomed.info/sct"/><filter><property value="concept"/><op value="is-a"/><value value="312417001"/></filter></include></compose></ValueSet>