<?xml version="1.0" encoding="UTF-8"?><ValueSet xmlns="http://hl7.org/fhir"><id value="shr-oncology-HER2MethodVS"/><meta><profile value="http://hl7.org/fhir/StructureDefinition/valueset-shareable-definition"/></meta><text><status value="generated"/><div xmlns="http://www.w3.org/1999/xhtml">
<p><b>SHR HER2MethodVS ValueSet</b></p>
<p/>
</div></text><url value="http://standardhealthrecord.org/shr/oncology/vs/HER2MethodVS"/><identifier><system value="http://standardhealthrecord.org"/><value value="shr.oncology.HER2MethodVS"/></identifier><version value="0.0.1"/><name value="SHR HER2MethodVS ValueSet"/><title value="SHR HER2MethodVS ValueSet"/><status value="draft"/><date value="2017-08-08T15:56:20.409Z"/><publisher value="The MITRE Corporation: Standard Health Record Collaborative"/><contact><telecom><system value="url"/><value value="http://www.standardhealthrecord.org"/></telecom></contact><compose><include><system value="http://loinc.org"/><concept><code value="74885-5"/><display value="Tissue by Fluorescent in situ hybridization (FISH)"/></concept></include><include><system value="http://standardhealthrecord.org/shr/oncology/cs/HER2MethodCS"/><concept><code value="spot-light"/><display value="SPot-Light HER2 CISH test"/></concept><concept><code value="ihc"/><display value="ImmunoHistoChemistry test"/></concept><concept><code value="inform"/><display value="Inform HER2 Dual ISH test (In SituHybridization)"/></concept></include></compose></ValueSet>