<?xml version="1.0" encoding="UTF-8"?><ValueSet xmlns="http://hl7.org/fhir"><id value="shr-skin-SupportSurfaceCategoryVS"/><text><status value="generated"/><div xmlns="http://www.w3.org/1999/xhtml">
<p><b>SHR SupportSurfaceCategoryVS ValueSet</b></p>
<p/>
</div></text><url value="http://standardhealthrecord.org/shr/skin/vs/SupportSurfaceCategoryVS"/><identifier><system value="http://standardhealthrecord.org"/><value value="shr.skin.SupportSurfaceCategoryVS"/></identifier><version value="0.0.1"/><name value="SHR SupportSurfaceCategoryVS ValueSet"/><title value="SHR SupportSurfaceCategoryVS ValueSet"/><status value="draft"/><date value="2017-12-20"/><publisher value="The MITRE Corporation: Standard Health Record Collaborative"/><contact><telecom><system value="url"/><value value="http://standardhealthrecord.org"/></telecom></contact><compose><include><system value="http://standardhealthrecord.org/shr/skin/cs/SupportSurfaceCategoryCS"/><concept><code value="active_support"/><display value="Active support surface"/></concept><concept><code value="reactive_support"/><display value="Reactive support surface"/></concept><concept><code value="mattress"/><display value="Mattress"/></concept><concept><code value="bed_system"/><display value="Integrated bed system"/></concept><concept><code value="overlay"/><display value="Overlay"/></concept><concept><code value="nonpowered"/><display value="Non-powered"/></concept><concept><code value="powered"/><display value="Powered"/></concept></include></compose></ValueSet>