<?xml version="1.0" encoding="UTF-8"?><ValueSet xmlns="http://hl7.org/fhir"><id value="shr-core-QualitativeFrequencyVS"/><text><status value="generated"/><div xmlns="http://www.w3.org/1999/xhtml">
<p><b>SHR QualitativeFrequencyVS ValueSet</b></p>
<p/>
</div></text><url value="http://standardhealthrecord.org/shr/core/vs/QualitativeFrequencyVS"/><identifier><system value="http://standardhealthrecord.org"/><value value="shr.core.QualitativeFrequencyVS"/></identifier><version value="0.0.1"/><name value="SHR QualitativeFrequencyVS ValueSet"/><title value="SHR QualitativeFrequencyVS ValueSet"/><status value="draft"/><date value="2017-12-20"/><publisher value="The MITRE Corporation: Standard Health Record Collaborative"/><contact><telecom><system value="url"/><value value="http://standardhealthrecord.org"/></telecom></contact><compose><include><system value="http://standardhealthrecord.org/shr/core/cs/QualitativeFrequencyCS"/><concept><code value="always"/><display value="Virtually always or every time"/></concept><concept><code value="usually"/><display value="Frequently or often"/></concept><concept><code value="sometimes"/><display value="Occasionally or sometimes"/></concept><concept><code value="rarely"/><display value="Rarely"/></concept><concept><code value="never"/><display value="Never"/></concept></include></compose></ValueSet>