<?xml version="1.0" encoding="UTF-8"?><ValueSet xmlns="http://hl7.org/fhir"><id value="shr-oncology-HER2StatusVS"/><text><status value="generated"/><div xmlns="http://www.w3.org/1999/xhtml">
<p><b>SHR HER2StatusVS ValueSet</b></p>
<p>HER2 status overall result</p>
</div></text><url value="http://standardhealthrecord.org/shr/oncology/vs/HER2StatusVS"/><identifier><system value="http://standardhealthrecord.org"/><value value="shr.oncology.HER2StatusVS"/></identifier><version value="0.1.0"/><name value="HER2StatusVS"/><title value="SHR HER2StatusVS ValueSet"/><status value="draft"/><date value="2018-08-21T00:00:00-04:00"/><publisher value="The MITRE Corporation: Standard Health Record Collaborative"/><contact><telecom><system value="url"/><value value="http://standardhealthrecord.org"/></telecom></contact><description value="HER2 status overall result"/><compose><include><system value="http://standardhealthrecord.org/shr/oncology/cs/HER2StatusCS"/><concept><code value="not_amplified"/><display value="Negative/Not Amplified (IHC Score 0)"/></concept><concept><code value="negative"/><display value="Negative (IHC Score 1+)"/></concept><concept><code value="equivocal"/><display value="Equivocal (IHC Score 2+)"/></concept><concept><code value="positive"/><display value="Positive/Amplified (IHC Score 3+)"/></concept></include></compose></ValueSet>