<?xml version="1.0" encoding="UTF-8"?><ValueSet xmlns="http://hl7.org/fhir"><id value="shr-behavior-SleepQualityCauseVS"/><text><status value="generated"/><div xmlns="http://www.w3.org/1999/xhtml">
<p><b>SHR SleepQualityCauseVS ValueSet</b></p>
<p/>
</div></text><url value="http://standardhealthrecord.org/shr/behavior/vs/SleepQualityCauseVS"/><identifier><system value="http://standardhealthrecord.org"/><value value="shr.behavior.SleepQualityCauseVS"/></identifier><version value="0.0.1"/><name value="SHR SleepQualityCauseVS ValueSet"/><title value="SHR SleepQualityCauseVS ValueSet"/><status value="draft"/><date value="2017-12-19"/><publisher value="The MITRE Corporation: Standard Health Record Collaborative"/><contact><telecom><system value="url"/><value value="http://standardhealthrecord.org"/></telecom></contact><compose><include><system value="http://standardhealthrecord.org/shr/behavior/cs/SleepQualityCauseCS"/><concept><code value="sleep_location"/><display value="Where you sleep (e.g. noisy or uncomfortable environment)"/></concept><concept><code value="shift"/><display value="Shift work"/></concept><concept><code value="partner_snoring"/><display value="Partner snoring"/></concept><concept><code value="partner"/><display value="Disturbed by partner snoring or moving"/></concept><concept><code value="no_time"/><display value="Not enough time to sleep enough"/></concept><concept><code value="breathing"/><display value="Trouble breathing, snoring, waking up gasping for breath"/></concept><concept><code value="worries"/><display value="Thoughts and worries, anxiety"/></concept><concept><code value="nightmares"/><display value="Disturbing dreams"/></concept><concept><code value="restless_legs"/><display value="Restless legs"/></concept><concept><code value="pain"/><display value="Pain"/></concept><concept><code value="not_sleepy"/><display value="Not sleepy at the appropriate time"/></concept></include></compose></ValueSet>