<?xml version="1.0" encoding="UTF-8"?><ValueSet xmlns="http://hl7.org/fhir"><id value="shr-skin-VisibleInternalStructureVS"/><meta><profile value="http://hl7.org/fhir/StructureDefinition/valueset-shareable-definition"/></meta><text><status value="generated"/><div xmlns="http://www.w3.org/1999/xhtml">
<p><b>SHR VisibleInternalStructureVS ValueSet</b></p>
<p/>
</div></text><url value="http://standardhealthrecord.org/shr/skin/vs/VisibleInternalStructureVS"/><identifier><system value="http://standardhealthrecord.org"/><value value="shr.skin.VisibleInternalStructureVS"/></identifier><version value="0.0.1"/><name value="SHR VisibleInternalStructureVS ValueSet"/><title value="SHR VisibleInternalStructureVS ValueSet"/><status value="draft"/><date value="2017-04-18T15:12:20.493Z"/><publisher value="The MITRE Corporation: Standard Health Record Collaborative"/><contact><telecom><system value="url"/><value value="http://www.standardhealthrecord.org"/></telecom></contact><compose><include><system value="http://snomed.info/sct"/><concept><code value="3138006"/><display value="Bone tissue"/></concept><concept><code value="84820005"/><display value="Fascia tissue"/></concept><concept><code value="32551008"/><display value="Joint capsule"/></concept><concept><code value="71616004"/><display value="Muscle"/></concept><concept><code value="5335007"/><display value="Prothesis (as implanted device)"/></concept><concept><code value="77444004"/><display value="Bone pin (as implanted device)"/></concept><concept><code value="71966008"/><display value="Subcutaneous tissue"/></concept><concept><code value="13024002"/><display value="Tendon tissue"/></concept></include></compose></ValueSet>