<?xml version="1.0" encoding="UTF-8"?><ValueSet xmlns="http://hl7.org/fhir"><id value="shr-oncology-BreastCancerTypeVS"/><text><status value="generated"/><div xmlns="http://www.w3.org/1999/xhtml">
<p><b>SHR BreastCancerTypeVS ValueSet</b></p>
<p/>
</div></text><url value="http://standardhealthrecord.org/shr/oncology/vs/BreastCancerTypeVS"/><identifier><system value="http://standardhealthrecord.org"/><value value="shr.oncology.BreastCancerTypeVS"/></identifier><version value="0.0.1"/><name value="SHR BreastCancerTypeVS ValueSet"/><title value="SHR BreastCancerTypeVS ValueSet"/><status value="draft"/><date value="2018-02-27"/><publisher value="The MITRE Corporation: Standard Health Record Collaborative"/><contact><telecom><system value="url"/><value value="http://standardhealthrecord.org"/></telecom></contact><compose><include><system value="http://snomed.info/sct"/><filter><property value="concept"/><op value="is-a"/><value value="126926005"/></filter></include></compose></ValueSet>