<?xml version="1.0" encoding="UTF-8"?><ValueSet xmlns="http://hl7.org/fhir"><id value="shr-skin-SupportSurfaceComponentVS"/><text><status value="generated"/><div xmlns="http://www.w3.org/1999/xhtml">
<p><b>SHR SupportSurfaceComponentVS ValueSet</b></p>
<p/>
</div></text><url value="http://standardhealthrecord.org/shr/skin/vs/SupportSurfaceComponentVS"/><identifier><system value="http://standardhealthrecord.org"/><value value="shr.skin.SupportSurfaceComponentVS"/></identifier><version value="0.0.1"/><name value="SHR SupportSurfaceComponentVS ValueSet"/><title value="SHR SupportSurfaceComponentVS ValueSet"/><status value="draft"/><date value="2018-02-27"/><publisher value="The MITRE Corporation: Standard Health Record Collaborative"/><contact><telecom><system value="url"/><value value="http://standardhealthrecord.org"/></telecom></contact><compose><include><system value="http://standardhealthrecord.org/shr/skin/cs/SupportSurfaceComponentCS"/><concept><code value="air"/><display value="Air"/></concept><concept><code value="cell"/><display value="Cell or bladder"/></concept><concept><code value="viscoelastic"/><display value="Viscoelastic foam"/></concept><concept><code value="elastic"/><display value="Elastic foam"/></concept><concept><code value="closed_cell"/><display value="Closed cell foam"/></concept><concept><code value="open_cell"/><display value="Open cell foam"/></concept><concept><code value="gel"/><display value="gel"/></concept><concept><code value="pad"/><display value="pad"/></concept><concept><code value="viscous"/><display value="Viscous fluid"/></concept><concept><code value="elastomer"/><display value="Elastomer"/></concept><concept><code value="solid"/><display value="Solid surface"/></concept><concept><code value="water"/><display value="Water"/></concept></include></compose></ValueSet>