<?xml version="1.0" encoding="UTF-8"?><ValueSet xmlns="http://hl7.org/fhir"><id value="shr-behavior-DietNutritionConcernVS"/><meta><profile value="http://hl7.org/fhir/StructureDefinition/valueset-shareable-definition"/></meta><text><status value="generated"/><div xmlns="http://www.w3.org/1999/xhtml">
<p><b>SHR DietNutritionConcernVS ValueSet</b></p>
<p/>
</div></text><url value="http://standardhealthrecord.org/shr/behavior/vs/DietNutritionConcernVS"/><identifier><system value="http://standardhealthrecord.org"/><value value="shr.behavior.DietNutritionConcernVS"/></identifier><version value="0.0.1"/><name value="SHR DietNutritionConcernVS ValueSet"/><title value="SHR DietNutritionConcernVS ValueSet"/><status value="draft"/><date value="2017-04-18T15:12:20.487Z"/><publisher value="The MITRE Corporation: Standard Health Record Collaborative"/><contact><telecom><system value="url"/><value value="http://www.standardhealthrecord.org"/></telecom></contact><compose><include><system value="http://standardhealthrecord.org/shr/behavior/cs/DietNutritionConcernCS"/><concept><code value="sugar"/><display value="Too much sugar"/></concept><concept><code value="snacks"/><display value="Frequent snacking"/></concept><concept><code value="caffeine"/><display value="Too much caffeine"/></concept><concept><code value="cholesterol"/><display value="Too much cholesterol"/></concept><concept><code value="overeating"/><display value="Eating too much"/></concept><concept><code value="undereating"/><display value="Eating too little"/></concept><concept><code value="unhealthy_diet"/><display value="Eating an unhealthy diet"/></concept><concept><code value="chewing"/><display value="Problem chewing"/></concept><concept><code value="swallowing"/><display value="Problem swallowing"/></concept><concept><code value="high_appetite"/><display value="Increased appetite"/></concept><concept><code value="low_appetite"/><display value="Decreased appetite"/></concept><concept><code value="taste"/><display value="Problem with food taste"/></concept><concept><code value="constipation"/><display value="Constipation"/></concept><concept><code value="diarrhea"/><display value="Diarrhea"/></concept><concept><code value="abdominal_pain"/><display value="Abdominal pain"/></concept><concept><code value="gas"/><display value="Flatulence"/></concept><concept><code value="binging"/><display value="Binge eating"/></concept><concept><code value="purging"/><display value="Purging"/></concept></include></compose></ValueSet>