<?xml version="1.0" encoding="UTF-8"?><ValueSet xmlns="http://hl7.org/fhir"><id value="shr-oncology-StagingMethodVS"/><text><status value="generated"/><div xmlns="http://www.w3.org/1999/xhtml">
<p><b>SHR StagingMethodVS ValueSet</b></p>
<p>The methodology or standard used to do the staging.</p>
</div></text><url value="http://standardhealthrecord.org/shr/oncology/vs/StagingMethodVS"/><identifier><system value="http://standardhealthrecord.org"/><value value="shr.oncology.StagingMethodVS"/></identifier><version value="0.0.1"/><name value="SHR StagingMethodVS ValueSet"/><title value="SHR StagingMethodVS ValueSet"/><status value="draft"/><date value="2017-12-19"/><publisher value="The MITRE Corporation: Standard Health Record Collaborative"/><contact><telecom><system value="url"/><value value="http://standardhealthrecord.org"/></telecom></contact><description value="The methodology or standard used to do the staging."/><compose><include><system value="http://standardhealthrecord.org/shr/oncology/cs/StagingMethodCS"/><concept><code value="ajcc_v7"/><display value="AJCC Breast Carcinoma Version 7"/></concept><concept><code value="ajcc_v8"/><display value="AJCC Breast Carcinoma Version 8"/></concept></include></compose></ValueSet>