<?xml version="1.0" encoding="UTF-8"?><ValueSet xmlns="http://hl7.org/fhir"><id value="shr-problem-EvidenceQualityVS"/><meta><profile value="http://hl7.org/fhir/StructureDefinition/valueset-shareable-definition"/></meta><text><status value="generated"/><div xmlns="http://www.w3.org/1999/xhtml">
<p><b>SHR EvidenceQualityVS ValueSet</b></p>
<p/>
</div></text><url value="http://standardhealthrecord.org/shr/problem/vs/EvidenceQualityVS"/><identifier><system value="http://standardhealthrecord.org"/><value value="shr.problem.EvidenceQualityVS"/></identifier><version value="0.0.1"/><name value="SHR EvidenceQualityVS ValueSet"/><title value="SHR EvidenceQualityVS ValueSet"/><status value="draft"/><date value="2017-04-18T15:12:20.492Z"/><publisher value="The MITRE Corporation: Standard Health Record Collaborative"/><contact><telecom><system value="url"/><value value="http://www.standardhealthrecord.org"/></telecom></contact><compose><include><system value="http://standardhealthrecord.org/shr/problem/cs/EvidenceQualityCS"/><concept><code value="compelling_evidence"/><display value="Compelling evidence; indicates that assessments are based on high-quality information from multiple sources. High quality evidence does not imply that the assessment is a fact or certainty."/></concept><concept><code value="suggestive_evidence"/><display value="Suggestive evidence; indicates that assessments are based on credible and plausible information, but not of sufficient quality or corroborated sufficiently to warrant a higher level of confidence."/></concept><concept><code value="weak_evidence"/><display value="Weak evidence, its credibility and/or plausibility is uncertain, fragmented or poorly corroborated to make solid judgments."/></concept></include></compose></ValueSet>