<?xml version="1.0" encoding="UTF-8"?><ValueSet xmlns="http://hl7.org/fhir"><id value="shr-core-ClockDirectionVS"/><meta><profile value="http://hl7.org/fhir/StructureDefinition/valueset-shareable-definition"/></meta><text><status value="generated"/><div xmlns="http://www.w3.org/1999/xhtml">
<p><b>SHR ClockDirectionVS ValueSet</b></p>
<p/>
</div></text><url value="http://standardhealthrecord.org/shr/core/vs/ClockDirectionVS"/><identifier><system value="http://standardhealthrecord.org"/><value value="shr.core.ClockDirectionVS"/></identifier><version value="0.0.1"/><name value="SHR ClockDirectionVS ValueSet"/><title value="SHR ClockDirectionVS ValueSet"/><status value="draft"/><date value="2017-04-18T15:12:20.487Z"/><publisher value="The MITRE Corporation: Standard Health Record Collaborative"/><contact><telecom><system value="url"/><value value="http://www.standardhealthrecord.org"/></telecom></contact><compose><include><system value="http://ncimeta.nci.nih.gov"/><concept><code value="C3841389"/><display value="1 o&#39;clock position"/></concept><concept><code value="C0442313"/><display value="2 o&#39;clock position"/></concept><concept><code value="C0442315"/><display value="3 o&#39;clock position"/></concept><concept><code value="C0442317"/><display value="4 o&#39;clock position"/></concept><concept><code value="C0442319"/><display value="5 o&#39;clock position"/></concept><concept><code value="C0442321"/><display value="6 o&#39;clock position"/></concept><concept><code value="C0442323"/><display value="7 o&#39;clock position"/></concept><concept><code value="C0442325"/><display value="8 o&#39;clock position"/></concept><concept><code value="C0442327"/><display value="9 o&#39;clock position"/></concept><concept><code value="C0442329"/><display value="10 o&#39;clock position"/></concept><concept><code value="C3841386"/><display value="11 o&#39;clock position"/></concept><concept><code value="C3841388"/><display value="12 o&#39;clock position"/></concept></include></compose></ValueSet>