<?xml version="1.0" encoding="UTF-8"?>

<ValueSet xmlns="http://hl7.org/fhir">
  <id value="shr-observation-ObservationNotMadeReasonVS"/>
  <meta>
    <profile value="http://hl7.org/fhir/StructureDefinition/valueset-shareable-definition"/>
  </meta>
  <text>
    <status value="generated"/><div xmlns="http://www.w3.org/1999/xhtml">
<p><b>SHR ObservationNotMadeReasonVS ValueSet</b></p>
<p>An explanation of why the observation was not made (or ordered), i.e., why test was not ordered, or why a question was not asked. Since an observation is really a type of procedure, reasons that an observation was not carried out are similar to reasons any procedure might not be carried out.</p>
</div>
  </text>
  <url value="http://standardhealthrecord.org/fhir/ValueSet/shr-observation-ObservationNotMadeReasonVS"/>
  <identifier>
    <system value="http://standardhealthrecord.org"/>
    <value value="shr.observation.ObservationNotMadeReasonVS"/>
  </identifier>
  <name value="SHR ObservationNotMadeReasonVS ValueSet"/>
  <title value="SHR ObservationNotMadeReasonVS ValueSet"/>
  <status value="draft"/>
  <publisher value="The MITRE Corporation: Standard Health Record Collaborative"/>
  <contact>
    <telecom>
      <system value="url"/>
      <value value="http://www.standardhealthrecord.org"/>
    </telecom>
  </contact>
  <date value="2017-04-06T15:42:37.924Z"/>
  <description value="An explanation of why the observation was not made (or ordered), i.e., why test was not ordered, or why a question was not asked. Since an observation is really a type of procedure, reasons that an observation was not carried out are similar to reasons any procedure might not be carried out."/>
  <compose>
    <include>
      <system value="http://standardhealthrecord.org/fhir/CodeSystem/shr-observation-ObservationNotMadeReasonVS"/>
      <concept>
        <code value="not_applicable"/>
        <display value="The question or data element is not applicable, or based on other answers, no answer to this question is required."/>
      </concept>
      <concept>
        <code value="contraindicated"/>
        <display value="The test or observation is contraindicated, i.e., the subject is intolerant or at risk of an adverse reaction if subjected to the test or observation."/>
      </concept>
      <concept>
        <code value="redundant"/>
        <display value="The observation has made previously, or a previous test result is available, a new  test or observation would be redundant."/>
      </concept>
      <concept>
        <code value="cost"/>
        <display value="The observation would be too costly."/>
      </concept>
      <concept>
        <code value="refused"/>
        <display value="The subject refused the observation."/>
      </concept>
    </include>
  </compose>
</ValueSet>