<?xml version="1.0" encoding="UTF-8"?><ValueSet xmlns="http://hl7.org/fhir"><id value="shr-vital-BloodPressureMethodVS"/><meta><profile value="http://hl7.org/fhir/StructureDefinition/valueset-shareable-definition"/></meta><text><status value="generated"/><div xmlns="http://www.w3.org/1999/xhtml">
<p><b>SHR BloodPressureMethodVS ValueSet</b></p>
<p>The method used to measure blood pressure.</p>
</div></text><url value="http://standardhealthrecord.org/shr/vital/vs/BloodPressureMethodVS"/><identifier><system value="http://standardhealthrecord.org"/><value value="shr.vital.BloodPressureMethodVS"/></identifier><version value="0.0.1"/><name value="SHR BloodPressureMethodVS ValueSet"/><title value="SHR BloodPressureMethodVS ValueSet"/><status value="draft"/><date value="2017-05-10T18:00:13.097Z"/><publisher value="The MITRE Corporation: Standard Health Record Collaborative"/><contact><telecom><system value="url"/><value value="http://www.standardhealthrecord.org"/></telecom></contact><description value="The method used to measure blood pressure."/><compose><include><system value="http://standardhealthrecord.org/shr/vital/cs/BloodPressureMethodCS"/><concept><code value="cuff_manual"/><display value="Cuff method, manual"/></concept><concept><code value="cuff_auto"/><display value="Cuff method, automatic"/></concept><concept><code value="intravascular"/><display value="Intravascular method"/></concept><concept><code value="continuous"/><display value="Continuous non-invasive monitoring"/></concept></include></compose></ValueSet>