<?xml version="1.0" encoding="UTF-8"?>

<ValueSet xmlns="http://hl7.org/fhir">
  <id value="shr-skin-SupportSurfaceVS"/>
  <meta>
    <profile value="http://hl7.org/fhir/StructureDefinition/valueset-shareable-definition"/>
  </meta>
  <text>
    <status value="generated"/><div xmlns="http://www.w3.org/1999/xhtml">
<p><b>SHR SupportSurfaceVS ValueSet</b></p>
<p></p>
</div>
  </text>
  <url value="http://standardhealthrecord.org/fhir/ValueSet/shr-skin-SupportSurfaceVS"/>
  <identifier>
    <system value="http://standardhealthrecord.org"/>
    <value value="shr.skin.SupportSurfaceVS"/>
  </identifier>
  <name value="SHR SupportSurfaceVS ValueSet"/>
  <title value="SHR SupportSurfaceVS ValueSet"/>
  <status value="draft"/>
  <publisher value="The MITRE Corporation: Standard Health Record Collaborative"/>
  <contact>
    <telecom>
      <system value="url"/>
      <value value="http://www.standardhealthrecord.org"/>
    </telecom>
  </contact>
  <date value="2017-02-23T21:26:39.109Z"/>
  <compose>
    <include>
      <system value="http://snomed.info/sct"/>
      <filter>
        <property value="concept"/>
        <op value="is-a"/>
        <value value="272243001"/>
      </filter>
    </include>
  </compose>
</ValueSet>