<?xml version="1.0" encoding="UTF-8"?><ValueSet xmlns="http://hl7.org/fhir"><id value="shr-environment-CommonAnimalVS"/><text><status value="generated"/><div xmlns="http://www.w3.org/1999/xhtml">
<p><b>SHR CommonAnimalVS ValueSet</b></p>
<p/>
</div></text><url value="http://standardhealthrecord.org/shr/environment/vs/CommonAnimalVS"/><identifier><system value="http://standardhealthrecord.org"/><value value="shr.environment.CommonAnimalVS"/></identifier><version value="0.0.1"/><name value="SHR CommonAnimalVS ValueSet"/><title value="SHR CommonAnimalVS ValueSet"/><status value="draft"/><date value="2017-12-20"/><publisher value="The MITRE Corporation: Standard Health Record Collaborative"/><contact><telecom><system value="url"/><value value="http://standardhealthrecord.org"/></telecom></contact><compose><include><system value="http://standardhealthrecord.org/shr/environment/cs/CommonAnimalCS"/><concept><code value="dog"/><display value="dog"/></concept><concept><code value="cat"/><display value="cat"/></concept><concept><code value="bird"/><display value="bird"/></concept><concept><code value="fish"/><display value="fish"/></concept><concept><code value="reptile"/><display value="reptile"/></concept><concept><code value="rodent"/><display value="rodent"/></concept><concept><code value="primate"/><display value="monkey or ape"/></concept><concept><code value="livestock"/><display value="livestock"/></concept><concept><code value="chicken"/><display value="chicken"/></concept></include></compose></ValueSet>