<?xml version="1.0" encoding="UTF-8"?><ValueSet xmlns="http://hl7.org/fhir"><id value="shr-vital-HeartRateMethodVS"/><text><status value="generated"/><div xmlns="http://www.w3.org/1999/xhtml">
<p><b>SHR HeartRateMethodVS ValueSet</b></p>
<p>Method of measuring heart rate.</p>
</div></text><url value="http://standardhealthrecord.org/shr/vital/vs/HeartRateMethodVS"/><identifier><system value="http://standardhealthrecord.org"/><value value="shr.vital.HeartRateMethodVS"/></identifier><version value="0.0.1"/><name value="SHR HeartRateMethodVS ValueSet"/><title value="SHR HeartRateMethodVS ValueSet"/><status value="draft"/><date value="2017-12-19"/><publisher value="The MITRE Corporation: Standard Health Record Collaborative"/><contact><telecom><system value="url"/><value value="http://standardhealthrecord.org"/></telecom></contact><description value="Method of measuring heart rate."/><compose><include><system value="http://standardhealthrecord.org/shr/vital/cs/HeartRateMethodCS"/><concept><code value="pulseox"/><display value="Pulse oximetry"/></concept><concept><code value="pedometer"/><display value="Pedometer"/></concept><concept><code value="auscul"/><display value="Auscultation"/></concept><concept><code value="palp"/><display value="Palpation"/></concept><concept><code value="invasive"/><display value="Invasive (e.g. intra arterial)"/></concept><concept><code value="us_doppler"/><display value="US Doppler"/></concept><concept><code value="ecg"/><display value="Electrocardiogram"/></concept></include></compose></ValueSet>