<?xml version="1.0" encoding="UTF-8"?><ValueSet xmlns="http://hl7.org/fhir"><id value="shr-core-TimeUnitOfMeasureVS"/><meta><profile value="http://hl7.org/fhir/StructureDefinition/valueset-shareable-definition"/></meta><text><status value="generated"/><div xmlns="http://www.w3.org/1999/xhtml">
<p><b>SHR TimeUnitOfMeasureVS ValueSet</b></p>
<p/>
</div></text><url value="http://standardhealthrecord.org/shr/core/vs/TimeUnitOfMeasureVS"/><identifier><system value="http://standardhealthrecord.org"/><value value="shr.core.TimeUnitOfMeasureVS"/></identifier><version value="0.0.1"/><name value="SHR TimeUnitOfMeasureVS ValueSet"/><title value="SHR TimeUnitOfMeasureVS ValueSet"/><status value="draft"/><date value="2017-05-10T18:00:13.092Z"/><publisher value="The MITRE Corporation: Standard Health Record Collaborative"/><contact><telecom><system value="url"/><value value="http://www.standardhealthrecord.org"/></telecom></contact><compose><include><system value="http://unitsofmeasure.org"/><concept><code value="us"/><display value="Microsecond"/></concept><concept><code value="ms"/><display value="Millisecond"/></concept><concept><code value="s"/><display value="Second"/></concept><concept><code value="min"/><display value="Minute"/></concept><concept><code value="h"/><display value="Hour"/></concept><concept><code value="wk"/><display value="Week"/></concept><concept><code value="mo"/><display value="Month"/></concept><concept><code value="a"/><display value="Year"/></concept></include></compose></ValueSet>