<?xml version="1.0" encoding="UTF-8"?><ValueSet xmlns="http://hl7.org/fhir"><id value="shr-careplan-InterventionStatusVS"/><meta><profile value="http://hl7.org/fhir/StructureDefinition/valueset-shareable-definition"/></meta><text><status value="generated"/><div xmlns="http://www.w3.org/1999/xhtml">
<p><b>SHR InterventionStatusVS ValueSet</b></p>
<p>Value indicating whether an activity is currently being acted upon, represents future intentions or is now a historical record. From HL7 V3 Reference Information Model.</p>
</div></text><url value="http://standardhealthrecord.org/shr/careplan/vs/InterventionStatusVS"/><identifier><system value="http://standardhealthrecord.org"/><value value="shr.careplan.InterventionStatusVS"/></identifier><version value="0.0.1"/><name value="SHR InterventionStatusVS ValueSet"/><title value="SHR InterventionStatusVS ValueSet"/><status value="draft"/><date value="2017-05-10T18:00:13.092Z"/><publisher value="The MITRE Corporation: Standard Health Record Collaborative"/><contact><telecom><system value="url"/><value value="http://www.standardhealthrecord.org"/></telecom></contact><description value="Value indicating whether an activity is currently being acted upon, represents future intentions or is now a historical record. From HL7 V3 Reference Information Model."/><compose><include><system value="http://standardhealthrecord.org/shr/careplan/cs/InterventionStatusCS"/><concept><code value="proposed_against"/><display value="An intervention to avoid, something NOT to do."/></concept><concept><code value="proposed"/><display value="Suggested or possible intervention, not necessarily accepted by patient or provider."/></concept><concept><code value="rejected"/><display value="A course of action that has been rejected."/></concept><concept><code value="accepted"/><display value="Accepted and pending, scheduled, or waiting to start"/></concept><concept><code value="active"/><display value="In process, being acted on"/></concept><concept><code value="cancelled"/><display value="Stopped before execution begins"/></concept><concept><code value="suspended"/><display value="Stopped temporarily, suspended."/></concept><concept><code value="aborted"/><display value="Stopped after execution began"/></concept><concept><code value="completed"/><display value="Finished"/></concept><concept><code value="nullified"/><display value="Overridden or otherwise not executable, e.g., entered in error"/></concept><concept><code value="obsolete"/><display value="Old plan, no longer relevant"/></concept><concept><code value="unknown"/><display value="Status is unknown"/></concept></include></compose></ValueSet>