{
  "resourceType": "CodeSystem",
  "id": "shr-base-GenericAnswersCS",
  "meta": {
    "profile": [
      "http://hl7.org/fhir/StructureDefinition/codesystem-shareable-definition"
    ]
  },
  "text": {
    "status": "generated",
    "div": "<div xmlns=\"http://www.w3.org/1999/xhtml\">\n<p><b>SHR GenericAnswersCS CodeSystem</b></p>\n<p/>\n</div>"
  },
  "url": "http://standardhealthrecord.org/shr/base/cs/GenericAnswersCS",
  "identifier": {
    "system": "http://standardhealthrecord.org",
    "value": "shr.base.GenericAnswersCS"
  },
  "version": "0.0.1",
  "name": "SHR GenericAnswersCS CodeSystem",
  "title": "SHR GenericAnswersCS CodeSystem",
  "status": "draft",
  "date": "2017-07-31T23:48:31.534Z",
  "publisher": "The MITRE Corporation: Standard Health Record Collaborative",
  "contact": [
    {
      "telecom": [
        {
          "system": "url",
          "value": "http://www.standardhealthrecord.org"
        }
      ]
    }
  ],
  "caseSensitive": true,
  "content": "complete",
  "count": 3,
  "concept": [
    {
      "code": "dont_know_answer",
      "display": "The source responded that he or she did not know the information needed or requested.",
      "definition": "The source responded that he or she did not know the information needed or requested."
    },
    {
      "code": "exists_answer",
      "display": "The source asserts that the thing in question exists, but additional information is unknown. For example, Jim knows he has a dentist, but not recall her name.",
      "definition": "The source asserts that the thing in question exists, but additional information is unknown. For example, Jim knows he has a dentist, but not recall her name."
    },
    {
      "code": "none_answer",
      "display": "Nothing of a type of thing is known to exists, e.g., the siblings of an only child. Also use this code to represent a 'none of the above' answer",
      "definition": "Nothing of a type of thing is known to exists, e.g., the siblings of an only child. Also use this code to represent a 'none of the above' answer"
    }
  ]
}