{
  "resourceType": "CodeSystem",
  "id": "shr-behavior-SubstanceAbuseTreatmentTypeCS",
  "meta": {
    "profile": [
      "http://hl7.org/fhir/StructureDefinition/codesystem-shareable-definition"
    ]
  },
  "text": {
    "status": "generated",
    "div": "<div xmlns=\"http://www.w3.org/1999/xhtml\">\n<p><b>SHR SubstanceAbuseTreatmentTypeCS CodeSystem</b></p>\n<p/>\n</div>"
  },
  "url": "http://standardhealthrecord.org/shr/behavior/cs/SubstanceAbuseTreatmentTypeCS",
  "identifier": {
    "system": "http://standardhealthrecord.org",
    "value": "shr.behavior.SubstanceAbuseTreatmentTypeCS"
  },
  "version": "0.0.1",
  "name": "SHR SubstanceAbuseTreatmentTypeCS CodeSystem",
  "title": "SHR SubstanceAbuseTreatmentTypeCS CodeSystem",
  "status": "draft",
  "date": "2017-07-31T16:44:15.687Z",
  "publisher": "The MITRE Corporation: Standard Health Record Collaborative",
  "contact": [
    {
      "telecom": [
        {
          "system": "url",
          "value": "http://www.standardhealthrecord.org"
        }
      ]
    }
  ],
  "caseSensitive": true,
  "content": "complete",
  "count": 11,
  "concept": [
    {
      "code": "day_treatment",
      "display": "Day Treatment Services",
      "definition": "Day Treatment Services"
    },
    {
      "code": "inpatient",
      "display": "Inpatient/Hospital",
      "definition": "Inpatient/Hospital"
    },
    {
      "code": "inpatient_detox",
      "display": "Hospital Inpatient Detoxification Services",
      "definition": "Hospital Inpatient Detoxification Services"
    },
    {
      "code": "ambulatory",
      "display": "Outpatient services",
      "definition": "Outpatient services"
    },
    {
      "code": "ambulatory_detox",
      "display": "Ambulatory Detoxification Services",
      "definition": "Ambulatory Detoxification Services"
    },
    {
      "code": "outreach",
      "display": "Outreach Services",
      "definition": "Outreach Services"
    },
    {
      "code": "intensive_outpatient",
      "display": "Intensive Outpatient Services",
      "definition": "Intensive Outpatient Services"
    },
    {
      "code": "methadone_treatment",
      "display": "Methadone Treatment Services",
      "definition": "Methadone Treatment Services"
    },
    {
      "code": "residental_rehab",
      "display": "Residential/Rehabilitation Services",
      "definition": "Residential/Rehabilitation Services"
    },
    {
      "code": "after_care",
      "display": "After Care Services",
      "definition": "After Care Services"
    },
    {
      "code": "recovery_support",
      "display": "Recovery Support Services",
      "definition": "Recovery Support Services"
    }
  ]
}