{
  "resourceType": "CodeSystem",
  "id": "shr-skin-PressureUlcerAssociationCS",
  "meta": {
    "profile": [
      "http://hl7.org/fhir/StructureDefinition/codesystem-shareable-definition"
    ]
  },
  "text": {
    "status": "generated",
    "div": "<div xmlns=\"http://www.w3.org/1999/xhtml\">\n<p><b>SHR PressureUlcerAssociationCS CodeSystem</b></p>\n<p/>\n</div>"
  },
  "url": "http://standardhealthrecord.org/shr/skin/cs/PressureUlcerAssociationCS",
  "identifier": {
    "system": "http://standardhealthrecord.org",
    "value": "shr.skin.PressureUlcerAssociationCS"
  },
  "version": "0.0.1",
  "name": "SHR PressureUlcerAssociationCS CodeSystem",
  "title": "SHR PressureUlcerAssociationCS CodeSystem",
  "status": "draft",
  "date": "2017-07-31T23:48:31.537Z",
  "publisher": "The MITRE Corporation: Standard Health Record Collaborative",
  "contact": [
    {
      "telecom": [
        {
          "system": "url",
          "value": "http://www.standardhealthrecord.org"
        }
      ]
    }
  ],
  "caseSensitive": true,
  "content": "complete",
  "count": 2,
  "concept": [
    {
      "code": "device",
      "display": "Device related",
      "definition": "Device related"
    },
    {
      "code": "pressure_point",
      "display": "Pressure-point related",
      "definition": "Pressure-point related"
    }
  ]
}