{
  "resourceType": "StructureDefinition",
  "id": "shr-skin-SupportSurfaceEmployed",
  "text": {
    "status": "generated",
    "div": "<div xmlns=\"http://www.w3.org/1999/xhtml\">\n  <p><b>SHR SupportSurfaceEmployed Profile</b></p>\n  <p>A paricular instance of the use of a support surface in patient care.</p>\n  <p><b>SHR Mapping Summary</b></p>\n  <p><pre>shr.skin.SupportSurfaceEmployed maps to DeviceUseStatement:\n  Entry.FocalSubject maps to subject\n  Device maps to device\n  Reason maps to indication\n  PeriodOfUse maps to whenUsed\n</pre></p>\n</div>"
  },
  "url": "http://standardhealthrecord.org/fhir/StructureDefinition/shr-skin-SupportSurfaceEmployed",
  "identifier": [
    {
      "system": "http://standardhealthrecord.org",
      "value": "shr.skin.SupportSurfaceEmployed"
    }
  ],
  "version": "0.0.1",
  "name": "SHR SupportSurfaceEmployed Profile",
  "status": "draft",
  "date": "2017-08-01T02:25:35.111Z",
  "publisher": "The MITRE Corporation: Standard Health Record Collaborative",
  "contact": [
    {
      "telecom": [
        {
          "system": "url",
          "value": "http://www.standardhealthrecord.org"
        }
      ]
    }
  ],
  "description": "A paricular instance of the use of a support surface in patient care.",
  "fhirVersion": "3.0.1",
  "mapping": [
    {
      "identity": "quick",
      "uri": "http://wiki.siframework.org/CQF",
      "name": "Quality Improvement and Clinical Knowledge (QUICK)"
    },
    {
      "identity": "w5",
      "uri": "http://hl7.org/fhir/w5",
      "name": "W5 Mapping"
    },
    {
      "identity": "rim",
      "uri": "http://hl7.org/v3",
      "name": "RIM Mapping"
    }
  ],
  "kind": "resource",
  "abstract": false,
  "type": "DeviceUseStatement",
  "baseDefinition": "http://hl7.org/fhir/StructureDefinition/DeviceUseStatement",
  "derivation": "constraint",
  "snapshot": {
    "element": [
      {
        "id": "DeviceUseStatement:shr-skin-SupportSurfaceEmployed",
        "path": "DeviceUseStatement",
        "short": "SHR SupportSurfaceEmployed Profile",
        "definition": "A paricular instance of the use of a support surface in patient care.",
        "min": 0,
        "max": "*",
        "constraint": [
          {
            "key": "dom-2",
            "severity": "error",
            "human": "If the resource is contained in another resource, it SHALL NOT contain nested Resources",
            "expression": "contained.contained.empty()",
            "xpath": "not(parent::f:contained and f:contained)",
            "source": "DomainResource"
          },
          {
            "key": "dom-1",
            "severity": "error",
            "human": "If the resource is contained in another resource, it SHALL NOT contain any narrative",
            "expression": "contained.text.empty()",
            "xpath": "not(parent::f:contained and f:text)",
            "source": "DomainResource"
          },
          {
            "key": "dom-4",
            "severity": "error",
            "human": "If a resource is contained in another resource, it SHALL NOT have a meta.versionId or a meta.lastUpdated",
            "expression": "contained.meta.versionId.empty() and contained.meta.lastUpdated.empty()",
            "xpath": "not(exists(f:contained/*/f:meta/f:versionId)) and not(exists(f:contained/*/f:meta/f:lastUpdated))",
            "source": "DomainResource"
          },
          {
            "key": "dom-3",
            "severity": "error",
            "human": "If the resource is contained in another resource, it SHALL be referred to from elsewhere in the resource",
            "expression": "contained.where(('#'+id in %resource.descendants().reference).not()).empty()",
            "xpath": "not(exists(for $id in f:contained/*/@id return $id[not(ancestor::f:contained/parent::*/descendant::f:reference/@value=concat('#', $id))]))",
            "source": "DomainResource"
          }
        ],
        "mapping": [
          {
            "identity": "rim",
            "map": "Entity. Role, or Act"
          },
          {
            "identity": "quick",
            "map": "DeviceUsePerformanceOccurrence"
          },
          {
            "identity": "w5",
            "map": "workflow.order"
          }
        ]
      },
      {
        "id": "DeviceUseStatement:shr-skin-SupportSurfaceEmployed.id",
        "path": "DeviceUseStatement.id",
        "short": "Logical id of this artifact",
        "definition": "The logical id of the resource, as used in the URL for the resource. Once assigned, this value never changes.",
        "comment": "The only time that a resource does not have an id is when it is being submitted to the server using a create operation.",
        "min": 0,
        "max": "1",
        "base": {
          "path": "Resource.id",
          "min": 0,
          "max": "1"
        },
        "type": [
          {
            "code": "id"
          }
        ],
        "isSummary": true
      },
      {
        "id": "DeviceUseStatement:shr-skin-SupportSurfaceEmployed.meta",
        "path": "DeviceUseStatement.meta",
        "short": "Metadata about the resource",
        "definition": "The metadata about the resource. This is content that is maintained by the infrastructure. Changes to the content may not always be associated with version changes to the resource.",
        "min": 0,
        "max": "1",
        "base": {
          "path": "Resource.meta",
          "min": 0,
          "max": "1"
        },
        "type": [
          {
            "code": "Meta"
          }
        ],
        "isSummary": true
      },
      {
        "id": "DeviceUseStatement:shr-skin-SupportSurfaceEmployed.implicitRules",
        "path": "DeviceUseStatement.implicitRules",
        "short": "A set of rules under which this content was created",
        "definition": "A reference to a set of rules that were followed when the resource was constructed, and which must be understood when processing the content.",
        "comment": "Asserting this rule set restricts the content to be only understood by a limited set of trading partners. This inherently limits the usefulness of the data in the long term. However, the existing health eco-system is highly fractured, and not yet ready to define, collect, and exchange data in a generally computable sense. Wherever possible, implementers and/or specification writers should avoid using this element. \n\nThis element is labelled as a modifier because the implicit rules may provide additional knowledge about the resource that modifies it's meaning or interpretation.",
        "min": 0,
        "max": "1",
        "base": {
          "path": "Resource.implicitRules",
          "min": 0,
          "max": "1"
        },
        "type": [
          {
            "code": "uri"
          }
        ],
        "isModifier": true,
        "isSummary": true
      },
      {
        "id": "DeviceUseStatement:shr-skin-SupportSurfaceEmployed.language",
        "path": "DeviceUseStatement.language",
        "short": "Language of the resource content",
        "definition": "The base language in which the resource is written.",
        "comment": "Language is provided to support indexing and accessibility (typically, services such as text to speech use the language tag). The html language tag in the narrative applies  to the narrative. The language tag on the resource may be used to specify the language of other presentations generated from the data in the resource  Not all the content has to be in the base language. The Resource.language should not be assumed to apply to the narrative automatically. If a language is specified, it should it also be specified on the div element in the html (see rules in HTML5 for information about the relationship between xml:lang and the html lang attribute).",
        "min": 0,
        "max": "1",
        "base": {
          "path": "Resource.language",
          "min": 0,
          "max": "1"
        },
        "type": [
          {
            "code": "code"
          }
        ],
        "binding": {
          "extension": [
            {
              "url": "http://hl7.org/fhir/StructureDefinition/elementdefinition-maxValueSet",
              "valueReference": {
                "reference": "http://hl7.org/fhir/ValueSet/all-languages"
              }
            },
            {
              "url": "http://hl7.org/fhir/StructureDefinition/elementdefinition-bindingName",
              "valueString": "Language"
            },
            {
              "url": "http://hl7.org/fhir/StructureDefinition/elementdefinition-isCommonBinding",
              "valueBoolean": true
            }
          ],
          "strength": "extensible",
          "description": "A human language.",
          "valueSetReference": {
            "reference": "http://hl7.org/fhir/ValueSet/languages"
          }
        }
      },
      {
        "id": "DeviceUseStatement:shr-skin-SupportSurfaceEmployed.text",
        "path": "DeviceUseStatement.text",
        "short": "Text summary of the resource, for human interpretation",
        "definition": "A human-readable narrative that contains a summary of the resource, and may be used to represent the content of the resource to a human. The narrative need not encode all the structured data, but is required to contain sufficient detail to make it \"clinically safe\" for a human to just read the narrative. Resource definitions may define what content should be represented in the narrative to ensure clinical safety.",
        "comment": "Contained resources do not have narrative. Resources that are not contained SHOULD have a narrative. In some cases, a resource may only have text with little or no additional discrete data (as long as all minOccurs=1 elements are satisfied).  This may be necessary for data from legacy systems where information is captured as a \"text blob\" or where text is additionally entered raw or narrated and encoded in formation is added later.",
        "alias": [
          "narrative",
          "html",
          "xhtml",
          "display"
        ],
        "min": 0,
        "max": "1",
        "base": {
          "path": "DomainResource.text",
          "min": 0,
          "max": "1"
        },
        "type": [
          {
            "code": "Narrative"
          }
        ],
        "condition": [
          "dom-1"
        ],
        "mapping": [
          {
            "identity": "rim",
            "map": "Act.text?"
          }
        ]
      },
      {
        "id": "DeviceUseStatement:shr-skin-SupportSurfaceEmployed.contained",
        "path": "DeviceUseStatement.contained",
        "short": "Contained, inline Resources",
        "definition": "These resources do not have an independent existence apart from the resource that contains them - they cannot be identified independently, and nor can they have their own independent transaction scope.",
        "comment": "This should never be done when the content can be identified properly, as once identification is lost, it is extremely difficult (and context dependent) to restore it again.",
        "alias": [
          "inline resources",
          "anonymous resources",
          "contained resources"
        ],
        "min": 0,
        "max": "*",
        "base": {
          "path": "DomainResource.contained",
          "min": 0,
          "max": "*"
        },
        "type": [
          {
            "code": "Resource"
          }
        ],
        "mapping": [
          {
            "identity": "rim",
            "map": "N/A"
          }
        ]
      },
      {
        "id": "DeviceUseStatement:shr-skin-SupportSurfaceEmployed.extension",
        "path": "DeviceUseStatement.extension",
        "slicing": {
          "id": "424",
          "discriminator": [
            {
              "type": "value",
              "path": "url"
            }
          ],
          "ordered": false,
          "rules": "open"
        },
        "short": "Additional Content defined by implementations",
        "definition": "May be used to represent additional information that is not part of the basic definition of the resource. In order to make the use of extensions safe and manageable, there is a strict set of governance  applied to the definition and use of extensions. Though any implementer is allowed to define an extension, there is a set of requirements that SHALL be met as part of the definition of the extension.",
        "comment": "There can be no stigma associated with the use of extensions by any application, project, or standard - regardless of the institution or jurisdiction that uses or defines the extensions.  The use of extensions is what allows the FHIR specification to retain a core level of simplicity for everyone.",
        "alias": [
          "extensions",
          "user content"
        ],
        "min": 0,
        "max": "*",
        "base": {
          "path": "DomainResource.extension",
          "min": 0,
          "max": "*"
        },
        "type": [
          {
            "code": "Extension"
          }
        ],
        "mapping": [
          {
            "identity": "rim",
            "map": "N/A"
          }
        ]
      },
      {
        "id": "DeviceUseStatement:shr-skin-SupportSurfaceEmployed.extension:deviceusestatus",
        "path": "DeviceUseStatement.extension",
        "sliceName": "deviceusestatus",
        "definition": "A code representing the patient or other source's judgment about the state of the device used that this statement is about. Generally this will be active or completed.",
        "comment": "There can be no stigma associated with the use of extensions by any application, project, or standard - regardless of the institution or jurisdiction that uses or defines the extensions.  The use of extensions is what allows the FHIR specification to retain a core level of simplicity for everyone.",
        "alias": [
          "extensions",
          "user content"
        ],
        "min": 1,
        "max": "1",
        "base": {
          "path": "DomainResource.extension",
          "min": 0,
          "max": "*"
        },
        "type": [
          {
            "code": "Extension",
            "profile": "http://standardhealthrecord.org/fhir/StructureDefinition/shr-device-DeviceUseStatus-extension"
          }
        ],
        "mustSupport": false,
        "isModifier": false,
        "isSummary": false,
        "mapping": [
          {
            "identity": "rim",
            "map": "N/A"
          }
        ]
      },
      {
        "id": "DeviceUseStatement:shr-skin-SupportSurfaceEmployed.extension:implanted",
        "path": "DeviceUseStatement.extension",
        "sliceName": "implanted",
        "definition": "Whether this device is implanted in the body.",
        "comment": "There can be no stigma associated with the use of extensions by any application, project, or standard - regardless of the institution or jurisdiction that uses or defines the extensions.  The use of extensions is what allows the FHIR specification to retain a core level of simplicity for everyone.",
        "alias": [
          "extensions",
          "user content"
        ],
        "min": 0,
        "max": "1",
        "base": {
          "path": "DomainResource.extension",
          "min": 0,
          "max": "*"
        },
        "type": [
          {
            "code": "Extension",
            "profile": "http://standardhealthrecord.org/fhir/StructureDefinition/shr-device-Implanted-extension"
          }
        ],
        "mustSupport": false,
        "isModifier": false,
        "isSummary": false,
        "mapping": [
          {
            "identity": "rim",
            "map": "N/A"
          }
        ]
      },
      {
        "id": "DeviceUseStatement:shr-skin-SupportSurfaceEmployed.extension:implanted.id",
        "path": "DeviceUseStatement.extension.id",
        "representation": [
          "xmlAttr"
        ],
        "short": "xml:id (or equivalent in JSON)",
        "definition": "unique id for the element within a resource (for internal references). This may be any string value that does not contain spaces.",
        "min": 0,
        "max": "1",
        "base": {
          "path": "Element.id",
          "min": 0,
          "max": "1"
        },
        "type": [
          {
            "code": "string"
          }
        ],
        "mapping": [
          {
            "identity": "rim",
            "map": "N/A"
          }
        ]
      },
      {
        "id": "DeviceUseStatement:shr-skin-SupportSurfaceEmployed.extension:implanted.extension:extension",
        "path": "DeviceUseStatement.extension.extension",
        "sliceName": "extension",
        "short": "Extension",
        "definition": "An Extension",
        "min": 0,
        "max": "0",
        "base": {
          "path": "Element.extension",
          "min": 0,
          "max": "*"
        },
        "type": [
          {
            "code": "Extension"
          }
        ]
      },
      {
        "id": "DeviceUseStatement:shr-skin-SupportSurfaceEmployed.extension:implanted.url",
        "path": "DeviceUseStatement.extension.url",
        "representation": [
          "xmlAttr"
        ],
        "short": "identifies the meaning of the extension",
        "definition": "Source of the definition for the extension code - a logical name or a URL.",
        "min": 1,
        "max": "1",
        "base": {
          "path": "Extension.url",
          "min": 1,
          "max": "1"
        },
        "type": [
          {
            "code": "uri"
          }
        ],
        "fixedUri": "http://standardhealthrecord.org/fhir/StructureDefinition/shr-device-Implanted-extension",
        "mapping": [
          {
            "identity": "rim",
            "map": "N/A"
          }
        ]
      },
      {
        "id": "DeviceUseStatement:shr-skin-SupportSurfaceEmployed.extension:implanted.valueBoolean",
        "path": "DeviceUseStatement.extension.valueBoolean",
        "short": "Value of extension",
        "definition": "Value of extension - may be a resource or one of a constrained set of the data types (see Extensibility in the spec for list).",
        "min": 1,
        "max": "1",
        "base": {
          "path": "Extension.value[x]",
          "min": 0,
          "max": "1"
        },
        "type": [
          {
            "code": "boolean"
          }
        ],
        "fixedBoolean": false,
        "mapping": [
          {
            "identity": "rim",
            "map": "N/A"
          }
        ]
      },
      {
        "id": "DeviceUseStatement:shr-skin-SupportSurfaceEmployed.extension:immersiondepth",
        "path": "DeviceUseStatement.extension",
        "sliceName": "immersiondepth",
        "definition": "Depth of penetration (sinking) into a support surface.",
        "comment": "There can be no stigma associated with the use of extensions by any application, project, or standard - regardless of the institution or jurisdiction that uses or defines the extensions.  The use of extensions is what allows the FHIR specification to retain a core level of simplicity for everyone.",
        "alias": [
          "extensions",
          "user content"
        ],
        "min": 0,
        "max": "1",
        "base": {
          "path": "DomainResource.extension",
          "min": 0,
          "max": "*"
        },
        "type": [
          {
            "code": "Extension",
            "profile": "http://standardhealthrecord.org/fhir/StructureDefinition/shr-skin-ImmersionDepth-extension"
          }
        ],
        "mustSupport": false,
        "isModifier": false,
        "isSummary": false,
        "mapping": [
          {
            "identity": "rim",
            "map": "N/A"
          }
        ]
      },
      {
        "id": "DeviceUseStatement:shr-skin-SupportSurfaceEmployed.modifierExtension",
        "path": "DeviceUseStatement.modifierExtension",
        "slicing": {
          "id": "425",
          "discriminator": [
            {
              "type": "value",
              "path": "url"
            }
          ],
          "ordered": false,
          "rules": "open"
        },
        "short": "Extensions that cannot be ignored",
        "definition": "May be used to represent additional information that is not part of the basic definition of the resource, and that modifies the understanding of the element that contains it. Usually modifier elements provide negation or qualification. In order to make the use of extensions safe and manageable, there is a strict set of governance applied to the definition and use of extensions. Though any implementer is allowed to define an extension, there is a set of requirements that SHALL be met as part of the definition of the extension. Applications processing a resource are required to check for modifier extensions.",
        "comment": "There can be no stigma associated with the use of extensions by any application, project, or standard - regardless of the institution or jurisdiction that uses or defines the extensions.  The use of extensions is what allows the FHIR specification to retain a core level of simplicity for everyone.",
        "alias": [
          "extensions",
          "user content"
        ],
        "min": 0,
        "max": "*",
        "base": {
          "path": "DomainResource.modifierExtension",
          "min": 0,
          "max": "*"
        },
        "type": [
          {
            "code": "Extension"
          }
        ],
        "isModifier": true,
        "mapping": [
          {
            "identity": "rim",
            "map": "N/A"
          }
        ]
      },
      {
        "id": "DeviceUseStatement:shr-skin-SupportSurfaceEmployed.modifierExtension:nonoccurrencemodifier",
        "path": "DeviceUseStatement.modifierExtension",
        "sliceName": "nonoccurrencemodifier",
        "definition": "When true, indicates either that the event or action documented in the entry did not occur. For example, if immunization is not given, the NonOccurrenceModifier=true will indicate this.\nWhen applied to a recommendation, the modifier indicates the action mentioned in the topic should not take place. For example, a request to NOT elevate the head of a bed using the code for elevating the bed, and setting ProhibitedModifier to true. Other examples include do not ambulate, do not flush NG tube, do not take blood pressure on a certain arm, etc. If the SpecificType contains negation and ProhibitedModifier is true, that will reinforce the prohibition, and should not be interpreted as a double negative that equals a positive.",
        "comment": "There can be no stigma associated with the use of extensions by any application, project, or standard - regardless of the institution or jurisdiction that uses or defines the extensions.  The use of extensions is what allows the FHIR specification to retain a core level of simplicity for everyone.",
        "alias": [
          "extensions",
          "user content"
        ],
        "min": 0,
        "max": "1",
        "base": {
          "path": "DomainResource.modifierExtension",
          "min": 0,
          "max": "*"
        },
        "type": [
          {
            "code": "Extension",
            "profile": "http://standardhealthrecord.org/fhir/StructureDefinition/shr-base-NonOccurrenceModifier-extension"
          }
        ],
        "mustSupport": true,
        "isModifier": true,
        "isSummary": false,
        "mapping": [
          {
            "identity": "rim",
            "map": "N/A"
          }
        ]
      },
      {
        "id": "DeviceUseStatement:shr-skin-SupportSurfaceEmployed.identifier",
        "path": "DeviceUseStatement.identifier",
        "short": "External identifier for this record",
        "definition": "An external identifier for this statement such as an IRI.",
        "min": 0,
        "max": "*",
        "type": [
          {
            "code": "Identifier"
          }
        ],
        "mapping": [
          {
            "identity": "quick",
            "map": "ClinicalStatement.identifier"
          },
          {
            "identity": "w5",
            "map": "id"
          }
        ]
      },
      {
        "id": "DeviceUseStatement:shr-skin-SupportSurfaceEmployed.status",
        "path": "DeviceUseStatement.status",
        "short": "active | completed | entered-in-error +",
        "definition": "A code representing the patient or other source's judgment about the state of the device used that this statement is about.  Generally this will be active or completed.",
        "comment": "DeviceUseStatment is a statement at a point in time.  The status is only representative at the point when it was asserted.  The value set for contains codes that assert the status of the use  by the patient (for example, stopped or on hold) as well as codes that assert the status of the resource itself (for example, entered in error).\n\nThis element is labeled as a modifier because the status contains the codes that mark the statement as not currently valid.",
        "min": 1,
        "max": "1",
        "type": [
          {
            "code": "code"
          }
        ],
        "isModifier": true,
        "isSummary": true,
        "binding": {
          "extension": [
            {
              "url": "http://hl7.org/fhir/StructureDefinition/elementdefinition-bindingName",
              "valueString": "DeviceUseStatementStatus"
            }
          ],
          "strength": "required",
          "description": "A coded concept indicating the current status of a the Device Usage",
          "valueSetReference": {
            "reference": "http://hl7.org/fhir/ValueSet/device-statement-status"
          }
        },
        "mapping": [
          {
            "identity": "rim",
            "map": ".statusCode"
          },
          {
            "identity": "quick",
            "map": "…status"
          },
          {
            "identity": "w5",
            "map": "status"
          }
        ]
      },
      {
        "id": "DeviceUseStatement:shr-skin-SupportSurfaceEmployed.subject",
        "path": "DeviceUseStatement.subject",
        "short": "Patient using device",
        "definition": "The patient who used the device.",
        "min": 1,
        "max": "1",
        "type": [
          {
            "code": "Reference",
            "targetProfile": "http://standardhealthrecord.org/fhir/StructureDefinition/shr-demographics-PersonOfRecord"
          }
        ],
        "mapping": [
          {
            "identity": "quick",
            "map": "ClinicalStatement.subject"
          },
          {
            "identity": "w5",
            "map": "who.focus"
          }
        ]
      },
      {
        "id": "DeviceUseStatement:shr-skin-SupportSurfaceEmployed.whenUsed",
        "path": "DeviceUseStatement.whenUsed",
        "short": "Period device was used",
        "definition": "The time period over which the device was used.",
        "min": 0,
        "max": "1",
        "type": [
          {
            "code": "Period",
            "profile": "http://standardhealthrecord.org/fhir/StructureDefinition/shr-core-PeriodOfUse"
          }
        ],
        "mapping": [
          {
            "identity": "quick",
            "map": "Performance.performanceTime"
          },
          {
            "identity": "w5",
            "map": "when.done"
          }
        ]
      },
      {
        "id": "DeviceUseStatement:shr-skin-SupportSurfaceEmployed.timing[x]",
        "path": "DeviceUseStatement.timing[x]",
        "short": "How often  the device was used",
        "definition": "How often the device was used.",
        "min": 0,
        "max": "1",
        "type": [
          {
            "code": "Timing"
          },
          {
            "code": "Period"
          },
          {
            "code": "dateTime"
          }
        ],
        "mapping": [
          {
            "identity": "quick",
            "map": "DeviceUse.applicationSchedule"
          },
          {
            "identity": "w5",
            "map": "when.done"
          }
        ]
      },
      {
        "id": "DeviceUseStatement:shr-skin-SupportSurfaceEmployed.recordedOn",
        "path": "DeviceUseStatement.recordedOn",
        "short": "When statement was recorded",
        "definition": "The time at which the statement was made/recorded.",
        "min": 0,
        "max": "1",
        "type": [
          {
            "code": "dateTime"
          }
        ],
        "mapping": [
          {
            "identity": "quick",
            "map": "ClinicalStatement.statementDateTime"
          },
          {
            "identity": "w5",
            "map": "when.recorded"
          }
        ]
      },
      {
        "id": "DeviceUseStatement:shr-skin-SupportSurfaceEmployed.source",
        "path": "DeviceUseStatement.source",
        "short": "Who made the statement",
        "definition": "Who reported the device was being used by the patient.",
        "min": 0,
        "max": "1",
        "type": [
          {
            "code": "Reference",
            "targetProfile": "http://hl7.org/fhir/StructureDefinition/Patient"
          },
          {
            "code": "Reference",
            "targetProfile": "http://hl7.org/fhir/StructureDefinition/Practitioner"
          },
          {
            "code": "Reference",
            "targetProfile": "http://hl7.org/fhir/StructureDefinition/RelatedPerson"
          }
        ],
        "mapping": [
          {
            "identity": "w5",
            "map": "who.actor"
          }
        ]
      },
      {
        "id": "DeviceUseStatement:shr-skin-SupportSurfaceEmployed.device",
        "path": "DeviceUseStatement.device",
        "short": "Reference to device used",
        "definition": "The details of the device used.",
        "min": 1,
        "max": "1",
        "type": [
          {
            "code": "Reference",
            "targetProfile": "http://standardhealthrecord.org/fhir/StructureDefinition/shr-skin-SupportSurface"
          }
        ],
        "mapping": [
          {
            "identity": "quick",
            "map": "DeviceUse.device"
          },
          {
            "identity": "w5",
            "map": "who.actor"
          }
        ]
      },
      {
        "id": "DeviceUseStatement:shr-skin-SupportSurfaceEmployed.indication",
        "path": "DeviceUseStatement.indication",
        "short": "Why device was used",
        "definition": "Reason or justification for the use of the device.",
        "min": 0,
        "max": "*",
        "type": [
          {
            "code": "CodeableConcept",
            "profile": "http://standardhealthrecord.org/fhir/StructureDefinition/shr-core-CodeableConcept"
          }
        ],
        "mapping": [
          {
            "identity": "quick",
            "map": "Action.indication.reason"
          },
          {
            "identity": "w5",
            "map": "why"
          }
        ]
      },
      {
        "id": "DeviceUseStatement:shr-skin-SupportSurfaceEmployed.bodySite",
        "path": "DeviceUseStatement.bodySite",
        "short": "Target body site",
        "definition": "Indicates the site on the subject's body where the device was used ( i.e. the target site).",
        "requirements": "Knowing where the device is targeted is important for tracking if multiple sites are possible. If more information than just a code is required, use the extension [http://hl7.org/fhir/StructureDefinition/body-site-instance](null.html).",
        "min": 0,
        "max": "1",
        "type": [
          {
            "code": "CodeableConcept"
          }
        ],
        "binding": {
          "extension": [
            {
              "url": "http://hl7.org/fhir/StructureDefinition/elementdefinition-bindingName",
              "valueString": "BodySite"
            }
          ],
          "strength": "example",
          "description": "Codes describing anatomical locations. May include laterality.",
          "valueSetReference": {
            "reference": "http://hl7.org/fhir/ValueSet/body-site"
          }
        },
        "mapping": [
          {
            "identity": "rim",
            "map": "targetSiteCode"
          }
        ]
      },
      {
        "id": "DeviceUseStatement:shr-skin-SupportSurfaceEmployed.note",
        "path": "DeviceUseStatement.note",
        "short": "Addition details (comments, instructions)",
        "definition": "Details about the device statement that were not represented at all or sufficiently in one of the attributes provided in a class. These may include for example a comment, an instruction, or a note associated with the statement.",
        "min": 0,
        "max": "*",
        "type": [
          {
            "code": "Annotation"
          }
        ],
        "mapping": [
          {
            "identity": "quick",
            "map": "ClinicalStatement.additionalText"
          }
        ]
      }
    ]
  },
  "differential": {
    "element": [
      {
        "id": "DeviceUseStatement:shr-skin-SupportSurfaceEmployed",
        "path": "DeviceUseStatement",
        "short": "SHR SupportSurfaceEmployed Profile",
        "definition": "A paricular instance of the use of a support surface in patient care."
      },
      {
        "id": "DeviceUseStatement:shr-skin-SupportSurfaceEmployed.extension:deviceusestatus",
        "path": "DeviceUseStatement.extension",
        "sliceName": "deviceusestatus",
        "min": 1,
        "max": "1",
        "type": [
          {
            "code": "Extension",
            "profile": "http://standardhealthrecord.org/fhir/StructureDefinition/shr-device-DeviceUseStatus-extension"
          }
        ],
        "mustSupport": false,
        "isModifier": false,
        "isSummary": false
      },
      {
        "id": "DeviceUseStatement:shr-skin-SupportSurfaceEmployed.extension:implanted",
        "path": "DeviceUseStatement.extension",
        "sliceName": "implanted",
        "min": 0,
        "max": "1",
        "type": [
          {
            "code": "Extension",
            "profile": "http://standardhealthrecord.org/fhir/StructureDefinition/shr-device-Implanted-extension"
          }
        ],
        "fixedBoolean": false,
        "mustSupport": false,
        "isModifier": false,
        "isSummary": false
      },
      {
        "id": "DeviceUseStatement:shr-skin-SupportSurfaceEmployed.extension:immersiondepth",
        "path": "DeviceUseStatement.extension",
        "sliceName": "immersiondepth",
        "min": 0,
        "max": "1",
        "type": [
          {
            "code": "Extension",
            "profile": "http://standardhealthrecord.org/fhir/StructureDefinition/shr-skin-ImmersionDepth-extension"
          }
        ],
        "mustSupport": false,
        "isModifier": false,
        "isSummary": false
      },
      {
        "id": "DeviceUseStatement:shr-skin-SupportSurfaceEmployed.modifierExtension:nonoccurrencemodifier",
        "path": "DeviceUseStatement.modifierExtension",
        "sliceName": "nonoccurrencemodifier",
        "min": 0,
        "max": "1",
        "type": [
          {
            "code": "Extension",
            "profile": "http://standardhealthrecord.org/fhir/StructureDefinition/shr-base-NonOccurrenceModifier-extension"
          }
        ],
        "mustSupport": true,
        "isModifier": true,
        "isSummary": false
      },
      {
        "id": "DeviceUseStatement:shr-skin-SupportSurfaceEmployed.subject",
        "path": "DeviceUseStatement.subject",
        "type": [
          {
            "code": "Reference",
            "targetProfile": "http://standardhealthrecord.org/fhir/StructureDefinition/shr-demographics-PersonOfRecord"
          }
        ]
      },
      {
        "id": "DeviceUseStatement:shr-skin-SupportSurfaceEmployed.whenUsed",
        "path": "DeviceUseStatement.whenUsed",
        "type": [
          {
            "code": "Period",
            "profile": "http://standardhealthrecord.org/fhir/StructureDefinition/shr-core-PeriodOfUse"
          }
        ]
      },
      {
        "id": "DeviceUseStatement:shr-skin-SupportSurfaceEmployed.device",
        "path": "DeviceUseStatement.device",
        "type": [
          {
            "code": "Reference",
            "targetProfile": "http://standardhealthrecord.org/fhir/StructureDefinition/shr-skin-SupportSurface"
          }
        ]
      },
      {
        "id": "DeviceUseStatement:shr-skin-SupportSurfaceEmployed.indication",
        "path": "DeviceUseStatement.indication",
        "type": [
          {
            "code": "CodeableConcept",
            "profile": "http://standardhealthrecord.org/fhir/StructureDefinition/shr-core-CodeableConcept"
          }
        ]
      }
    ]
  }
}