{
  "resourceType": "ValueSet",
  "id": "shr-medication-MedicationNonAdherenceReasonVS",
  "meta": {
    "profile": [
      "http://hl7.org/fhir/StructureDefinition/valueset-shareable-definition"
    ]
  },
  "text": {
    "status": "generated",
    "div": "<div xmlns=\"http://www.w3.org/1999/xhtml\">\n<p><b>SHR MedicationNonAdherenceReasonVS ValueSet</b></p>\n<p/>\n</div>"
  },
  "url": "http://standardhealthrecord.org/shr/medication/vs/MedicationNonAdherenceReasonVS",
  "identifier": [
    {
      "system": "http://standardhealthrecord.org",
      "value": "shr.medication.MedicationNonAdherenceReasonVS"
    }
  ],
  "version": "0.0.1",
  "name": "SHR MedicationNonAdherenceReasonVS ValueSet",
  "title": "SHR MedicationNonAdherenceReasonVS ValueSet",
  "status": "draft",
  "date": "2017-07-31T16:44:15.697Z",
  "publisher": "The MITRE Corporation: Standard Health Record Collaborative",
  "contact": [
    {
      "telecom": [
        {
          "system": "url",
          "value": "http://www.standardhealthrecord.org"
        }
      ]
    }
  ],
  "compose": {
    "include": [
      {
        "system": "http://ncimeta.nci.nih.gov",
        "concept": [
          {
            "code": "C3841796",
            "display": "Forget to take medication"
          },
          {
            "code": "C1444650",
            "display": "Not needed"
          },
          {
            "code": "C3661846",
            "display": "Medication not effective"
          },
          {
            "code": "C1709370",
            "display": "Overmedicated"
          },
          {
            "code": "C0420261",
            "display": "Patient misunderstood treatment directions"
          },
          {
            "code": "C4074975",
            "display": "Difficulty taking medication"
          },
          {
            "code": "C0879626",
            "display": "Experienced side effects"
          },
          {
            "code": "C0849836",
            "display": "Worried about taking medication due to potential side effects, drug interactions, etc."
          },
          {
            "code": "C4049170",
            "display": "Inability to afford medication"
          },
          {
            "code": "C0520941",
            "display": "Absence of motivation to adhere to medication regimen"
          },
          {
            "code": "C4038419",
            "display": "Prescription unfilled"
          }
        ]
      }
    ]
  }
}