{
  "resourceType": "ValueSet",
  "id": "shr-lab-HIVScreeningTestCodeVS",
  "meta": {
    "profile": [
      "http://hl7.org/fhir/StructureDefinition/valueset-shareable-definition"
    ]
  },
  "text": {
    "status": "generated",
    "div": "<div xmlns=\"http://www.w3.org/1999/xhtml\">\n<p><b>SHR HIVScreeningTestCodeVS ValueSet</b></p>\n<p/>\n</div>"
  },
  "url": "http://standardhealthrecord.org/shr/lab/vs/HIVScreeningTestCodeVS",
  "identifier": [
    {
      "system": "http://standardhealthrecord.org",
      "value": "shr.lab.HIVScreeningTestCodeVS"
    }
  ],
  "version": "0.0.1",
  "name": "SHR HIVScreeningTestCodeVS ValueSet",
  "title": "SHR HIVScreeningTestCodeVS ValueSet",
  "status": "draft",
  "date": "2017-08-01T03:41:40.611Z",
  "publisher": "The MITRE Corporation: Standard Health Record Collaborative",
  "contact": [
    {
      "telecom": [
        {
          "system": "url",
          "value": "http://www.standardhealthrecord.org"
        }
      ]
    }
  ]
}