{
  "resourceType": "ValueSet",
  "id": "shr-skin-SupportSurfaceCategoryVS",
  "meta": {
    "profile": [
      "http://hl7.org/fhir/StructureDefinition/valueset-shareable-definition"
    ]
  },
  "text": {
    "status": "generated",
    "div": "<div xmlns=\"http://www.w3.org/1999/xhtml\">\n<p><b>SHR SupportSurfaceCategoryVS ValueSet</b></p>\n<p/>\n</div>"
  },
  "url": "http://standardhealthrecord.org/shr/skin/vs/SupportSurfaceCategoryVS",
  "identifier": [
    {
      "system": "http://standardhealthrecord.org",
      "value": "shr.skin.SupportSurfaceCategoryVS"
    }
  ],
  "version": "0.0.1",
  "name": "SHR SupportSurfaceCategoryVS ValueSet",
  "title": "SHR SupportSurfaceCategoryVS ValueSet",
  "status": "draft",
  "date": "2017-07-31T16:44:15.699Z",
  "publisher": "The MITRE Corporation: Standard Health Record Collaborative",
  "contact": [
    {
      "telecom": [
        {
          "system": "url",
          "value": "http://www.standardhealthrecord.org"
        }
      ]
    }
  ],
  "compose": {
    "include": [
      {
        "system": "http://standardhealthrecord.org/shr/skin/cs/SupportSurfaceCategoryCS",
        "concept": [
          {
            "code": "active_support",
            "display": "Active support surface"
          },
          {
            "code": "reactive_support",
            "display": "Reactive support surface"
          },
          {
            "code": "mattress",
            "display": "Mattress"
          },
          {
            "code": "bed_system",
            "display": "Integrated bed system"
          },
          {
            "code": "overlay",
            "display": "Overlay"
          },
          {
            "code": "nonpowered",
            "display": "Non-powered"
          },
          {
            "code": "powered",
            "display": "Powered"
          }
        ]
      }
    ]
  }
}