{
  "resourceType": "ValueSet",
  "id": "shr-environment-AnimalExposureVS",
  "meta": {
    "profile": [
      "http://hl7.org/fhir/StructureDefinition/valueset-shareable-definition"
    ]
  },
  "text": {
    "status": "generated",
    "div": "<div xmlns=\"http://www.w3.org/1999/xhtml\">\n<p><b>SHR AnimalExposureVS ValueSet</b></p>\n<p/>\n</div>"
  },
  "url": "http://standardhealthrecord.org/shr/environment/vs/AnimalExposureVS",
  "identifier": [
    {
      "system": "http://standardhealthrecord.org",
      "value": "shr.environment.AnimalExposureVS"
    }
  ],
  "version": "0.0.1",
  "name": "SHR AnimalExposureVS ValueSet",
  "title": "SHR AnimalExposureVS ValueSet",
  "status": "draft",
  "date": "2017-08-01T01:59:59.889Z",
  "publisher": "The MITRE Corporation: Standard Health Record Collaborative",
  "contact": [
    {
      "telecom": [
        {
          "system": "url",
          "value": "http://www.standardhealthrecord.org"
        }
      ]
    }
  ],
  "compose": {
    "include": [
      {
        "system": "http://standardhealthrecord.org/shr/environment/cs/AnimalExposureCS",
        "concept": [
          {
            "code": "dog",
            "display": "dog"
          },
          {
            "code": "cat",
            "display": "cat"
          },
          {
            "code": "bird",
            "display": "bird"
          },
          {
            "code": "fish",
            "display": "fish"
          },
          {
            "code": "reptile",
            "display": "reptile"
          },
          {
            "code": "rodent",
            "display": "rodent"
          },
          {
            "code": "primate",
            "display": "monkey or ape"
          },
          {
            "code": "livestock",
            "display": "livestock"
          },
          {
            "code": "chicken",
            "display": "chicken"
          }
        ]
      }
    ]
  }
}