{
  "resourceType": "ValueSet",
  "id": "shr-observation-ManifestationVS",
  "meta": {
    "profile": [
      "http://hl7.org/fhir/StructureDefinition/valueset-shareable-definition"
    ]
  },
  "text": {
    "status": "generated",
    "div": "<div xmlns=\"http://www.w3.org/1999/xhtml\">\n<p><b>SHR ManifestationVS ValueSet</b></p>\n<p>An observable sign or symptom of an underlying physical or psychological cause.</p>\n</div>"
  },
  "url": "http://standardhealthrecord.org/shr/observation/vs/ManifestationVS",
  "identifier": [
    {
      "system": "http://standardhealthrecord.org",
      "value": "shr.observation.ManifestationVS"
    }
  ],
  "version": "0.0.1",
  "name": "SHR ManifestationVS ValueSet",
  "title": "SHR ManifestationVS ValueSet",
  "status": "draft",
  "date": "2017-08-01T01:59:59.890Z",
  "publisher": "The MITRE Corporation: Standard Health Record Collaborative",
  "contact": [
    {
      "telecom": [
        {
          "system": "url",
          "value": "http://www.standardhealthrecord.org"
        }
      ]
    }
  ],
  "description": "An observable sign or symptom of an underlying physical or psychological cause.",
  "compose": {
    "include": [
      {
        "system": "http://snomed.info/sct",
        "filter": [
          {
            "property": "concept",
            "op": "is-a",
            "value": "418799008"
          }
        ]
      }
    ]
  }
}