{
  "resourceType": "ValueSet",
  "id": "shr-vital-OxygenSaturationBodySiteVS",
  "meta": {
    "profile": [
      "http://hl7.org/fhir/StructureDefinition/valueset-shareable-definition"
    ]
  },
  "text": {
    "status": "generated",
    "div": "<div xmlns=\"http://www.w3.org/1999/xhtml\">\n<p><b>SHR OxygenSaturationBodySiteVS ValueSet</b></p>\n<p/>\n</div>"
  },
  "url": "http://standardhealthrecord.org/shr/vital/vs/OxygenSaturationBodySiteVS",
  "identifier": [
    {
      "system": "http://standardhealthrecord.org",
      "value": "shr.vital.OxygenSaturationBodySiteVS"
    }
  ],
  "version": "0.0.1",
  "name": "SHR OxygenSaturationBodySiteVS ValueSet",
  "title": "SHR OxygenSaturationBodySiteVS ValueSet",
  "status": "draft",
  "date": "2017-07-31T23:48:31.548Z",
  "publisher": "The MITRE Corporation: Standard Health Record Collaborative",
  "contact": [
    {
      "telecom": [
        {
          "system": "url",
          "value": "http://www.standardhealthrecord.org"
        }
      ]
    }
  ],
  "compose": {
    "include": [
      {
        "system": "http://ncimeta.nci.nih.gov",
        "concept": [
          {
            "code": "C0729895",
            "display": "Fingertip"
          },
          {
            "code": "C0229315",
            "display": "Ear lobe"
          },
          {
            "code": "C0016504",
            "display": "Foot"
          },
          {
            "code": "C081709",
            "display": "Chest"
          },
          {
            "code": "0016540",
            "display": "Forehead"
          }
        ]
      }
    ]
  }
}