{
  "resourceType": "ValueSet",
  "id": "shr-sex-ContraceptiveMethodReasonVS",
  "meta": {
    "profile": [
      "http://hl7.org/fhir/StructureDefinition/valueset-shareable-definition"
    ]
  },
  "text": {
    "status": "generated",
    "div": "<div xmlns=\"http://www.w3.org/1999/xhtml\">\n<p><b>SHR ContraceptiveMethodReasonVS ValueSet</b></p>\n<p/>\n</div>"
  },
  "url": "http://standardhealthrecord.org/shr/sex/vs/ContraceptiveMethodReasonVS",
  "identifier": [
    {
      "system": "http://standardhealthrecord.org",
      "value": "shr.sex.ContraceptiveMethodReasonVS"
    }
  ],
  "version": "0.0.1",
  "name": "SHR ContraceptiveMethodReasonVS ValueSet",
  "title": "SHR ContraceptiveMethodReasonVS ValueSet",
  "status": "draft",
  "date": "2017-07-31T23:48:31.545Z",
  "publisher": "The MITRE Corporation: Standard Health Record Collaborative",
  "contact": [
    {
      "telecom": [
        {
          "system": "url",
          "value": "http://www.standardhealthrecord.org"
        }
      ]
    }
  ],
  "compose": {
    "include": [
      {
        "system": "http://standardhealthrecord.org/shr/sex/cs/ContraceptiveMethodReasonCS",
        "concept": [
          {
            "code": "control",
            "display": "Gives subject control the use of contraceptive."
          },
          {
            "code": "safer_sex",
            "display": "Method of contraceptive provides safer sex."
          },
          {
            "code": "convenient",
            "display": "Easy to use."
          },
          {
            "code": "long_term",
            "display": "Provides long term protection."
          },
          {
            "code": "available",
            "display": "Easily available, affordable."
          }
        ]
      }
    ]
  }
}