{
  "resourceType": "ValueSet",
  "id": "shr-sex-IntercourseDifficultyVS",
  "meta": {
    "profile": [
      "http://hl7.org/fhir/StructureDefinition/valueset-shareable-definition"
    ]
  },
  "text": {
    "status": "generated",
    "div": "<div xmlns=\"http://www.w3.org/1999/xhtml\">\n<p><b>SHR IntercourseDifficultyVS ValueSet</b></p>\n<p/>\n</div>"
  },
  "url": "http://standardhealthrecord.org/shr/sex/vs/IntercourseDifficultyVS",
  "identifier": [
    {
      "system": "http://standardhealthrecord.org",
      "value": "shr.sex.IntercourseDifficultyVS"
    }
  ],
  "version": "0.0.1",
  "name": "SHR IntercourseDifficultyVS ValueSet",
  "title": "SHR IntercourseDifficultyVS ValueSet",
  "status": "draft",
  "date": "2017-08-01T03:41:40.612Z",
  "publisher": "The MITRE Corporation: Standard Health Record Collaborative",
  "contact": [
    {
      "telecom": [
        {
          "system": "url",
          "value": "http://www.standardhealthrecord.org"
        }
      ]
    }
  ],
  "compose": {
    "include": [
      {
        "system": "http://ncimeta.nci.nih.gov",
        "concept": [
          {
            "code": "C1384606",
            "display": "Dyspareunia (difficult or painful intercourse)"
          },
          {
            "code": "C2219920",
            "display": "Lack of sensation felt during sexual intercourse"
          },
          {
            "code": "C0011124",
            "display": "Decreased libido"
          },
          {
            "code": "C2220018",
            "display": "Aversion to sexual intercourse"
          },
          {
            "code": "C0425739",
            "display": "Vaginal dryness on intercourse"
          },
          {
            "code": "C0156406",
            "display": "Postcoital bleeding"
          },
          {
            "code": "C0278103",
            "display": "Fear of intercourse"
          },
          {
            "code": "C0425732",
            "display": "Sexual intercourse difficult"
          },
          {
            "code": "C0455842",
            "display": "Condition getting an erection"
          },
          {
            "code": "C0858253",
            "display": "Inability to maintain erection"
          },
          {
            "code": "C0033038",
            "display": "Premature ejaculation"
          },
          {
            "code": "C0425761",
            "display": "Failure of orgasm"
          }
        ]
      }
    ]
  }
}