{
  "resourceType": "CodeSystem",
  "id": "shr-entity-LanguageQualifierCS",
  "text": {
    "status": "generated",
    "div": "<div xmlns=\"http://www.w3.org/1999/xhtml\">\n<p><b>SHR LanguageQualifierCS CodeSystem</b></p>\n<p/>\n</div>"
  },
  "url": "http://standardhealthrecord.org/shr/entity/cs/LanguageQualifierCS",
  "identifier": {
    "system": "http://standardhealthrecord.org",
    "value": "shr.entity.LanguageQualifierCS"
  },
  "version": "0.0.1",
  "name": "SHR LanguageQualifierCS CodeSystem",
  "title": "SHR LanguageQualifierCS CodeSystem",
  "status": "draft",
  "date": "2017-12-20",
  "publisher": "The MITRE Corporation: Standard Health Record Collaborative",
  "contact": [
    {
      "telecom": [
        {
          "system": "url",
          "value": "http://standardhealthrecord.org"
        }
      ]
    }
  ],
  "caseSensitive": true,
  "content": "complete",
  "count": 8,
  "concept": [
    {
      "code": "preferred_spoken",
      "display": "Preferred language",
      "definition": "Preferred language"
    },
    {
      "code": "secondary_spoken",
      "display": "Secondary language",
      "definition": "Secondary language"
    },
    {
      "code": "apraxia",
      "display": "Difficulty speaking due to motor disorder",
      "definition": "Difficulty speaking due to motor disorder"
    },
    {
      "code": "aphasia",
      "display": "Difficulty in speaking, listening, reading, and writing",
      "definition": "Difficulty in speaking, listening, reading, and writing"
    },
    {
      "code": "signs",
      "display": "Uses sign language",
      "definition": "Uses sign language"
    },
    {
      "code": "braille",
      "display": "Reads using braille",
      "definition": "Reads using braille"
    },
    {
      "code": "lipreads",
      "display": "Uses lipreading (speechreading)",
      "definition": "Uses lipreading (speechreading)"
    },
    {
      "code": "aac",
      "display": "Uses augmentative and alternative communication",
      "definition": "Uses augmentative and alternative communication"
    }
  ]
}