{
  "resourceType": "CodeSystem",
  "id": "shr-sex-ContraceptiveMethodReasonCS",
  "text": {
    "status": "generated",
    "div": "<div xmlns=\"http://www.w3.org/1999/xhtml\">\n<p><b>SHR ContraceptiveMethodReasonCS CodeSystem</b></p>\n<p/>\n</div>"
  },
  "url": "http://standardhealthrecord.org/shr/sex/cs/ContraceptiveMethodReasonCS",
  "identifier": {
    "system": "http://standardhealthrecord.org",
    "value": "shr.sex.ContraceptiveMethodReasonCS"
  },
  "version": "0.0.1",
  "name": "SHR ContraceptiveMethodReasonCS CodeSystem",
  "title": "SHR ContraceptiveMethodReasonCS CodeSystem",
  "status": "draft",
  "date": "2017-12-20",
  "publisher": "The MITRE Corporation: Standard Health Record Collaborative",
  "contact": [
    {
      "telecom": [
        {
          "system": "url",
          "value": "http://standardhealthrecord.org"
        }
      ]
    }
  ],
  "caseSensitive": true,
  "content": "complete",
  "count": 5,
  "concept": [
    {
      "code": "control",
      "display": "Gives subject control the use of contraceptive.",
      "definition": "Gives subject control the use of contraceptive."
    },
    {
      "code": "safer_sex",
      "display": "Method of contraceptive provides safer sex.",
      "definition": "Method of contraceptive provides safer sex."
    },
    {
      "code": "convenient",
      "display": "Easy to use.",
      "definition": "Easy to use."
    },
    {
      "code": "long_term",
      "display": "Provides long term protection.",
      "definition": "Provides long term protection."
    },
    {
      "code": "available",
      "display": "Easily available, affordable.",
      "definition": "Easily available, affordable."
    }
  ]
}