{
  "resourceType": "CodeSystem",
  "id": "shr-environment-CommonAnimalCS",
  "text": {
    "status": "generated",
    "div": "<div xmlns=\"http://www.w3.org/1999/xhtml\">\n<p><b>SHR CommonAnimalCS CodeSystem</b></p>\n<p/>\n</div>"
  },
  "url": "http://standardhealthrecord.org/shr/environment/cs/CommonAnimalCS",
  "identifier": {
    "system": "http://standardhealthrecord.org",
    "value": "shr.environment.CommonAnimalCS"
  },
  "version": "0.0.1",
  "name": "SHR CommonAnimalCS CodeSystem",
  "title": "SHR CommonAnimalCS CodeSystem",
  "status": "draft",
  "date": "2017-12-20",
  "publisher": "The MITRE Corporation: Standard Health Record Collaborative",
  "contact": [
    {
      "telecom": [
        {
          "system": "url",
          "value": "http://standardhealthrecord.org"
        }
      ]
    }
  ],
  "caseSensitive": true,
  "content": "complete",
  "count": 9,
  "concept": [
    {
      "code": "dog",
      "display": "dog",
      "definition": "dog"
    },
    {
      "code": "cat",
      "display": "cat",
      "definition": "cat"
    },
    {
      "code": "bird",
      "display": "bird",
      "definition": "bird"
    },
    {
      "code": "fish",
      "display": "fish",
      "definition": "fish"
    },
    {
      "code": "reptile",
      "display": "reptile",
      "definition": "reptile"
    },
    {
      "code": "rodent",
      "display": "rodent",
      "definition": "rodent"
    },
    {
      "code": "primate",
      "display": "monkey or ape",
      "definition": "monkey or ape"
    },
    {
      "code": "livestock",
      "display": "livestock",
      "definition": "livestock"
    },
    {
      "code": "chicken",
      "display": "chicken",
      "definition": "chicken"
    }
  ]
}