{
  "resourceType": "CodeSystem",
  "id": "shr-behavior-AlcoholUseScreeningToolCS",
  "text": {
    "status": "generated",
    "div": "<div xmlns=\"http://www.w3.org/1999/xhtml\">\n<p><b>SHR AlcoholUseScreeningToolCS CodeSystem</b></p>\n<p/>\n</div>"
  },
  "url": "http://standardhealthrecord.org/shr/behavior/cs/AlcoholUseScreeningToolCS",
  "identifier": {
    "system": "http://standardhealthrecord.org",
    "value": "shr.behavior.AlcoholUseScreeningToolCS"
  },
  "version": "0.0.1",
  "name": "SHR AlcoholUseScreeningToolCS CodeSystem",
  "title": "SHR AlcoholUseScreeningToolCS CodeSystem",
  "status": "draft",
  "date": "2017-12-20",
  "publisher": "The MITRE Corporation: Standard Health Record Collaborative",
  "contact": [
    {
      "telecom": [
        {
          "system": "url",
          "value": "http://standardhealthrecord.org"
        }
      ]
    }
  ],
  "caseSensitive": true,
  "content": "complete",
  "count": 3,
  "concept": [
    {
      "code": "audit",
      "display": "AUDIT",
      "definition": "AUDIT"
    },
    {
      "code": "audit_c",
      "display": "AUDIT-C",
      "definition": "AUDIT-C"
    },
    {
      "code": "crafft",
      "display": "CRAFFT",
      "definition": "CRAFFT"
    }
  ]
}