{
  "resourceType": "CodeSystem",
  "id": "shr-environment-IncomeSourceCS",
  "meta": {
    "profile": [
      "http://hl7.org/fhir/StructureDefinition/codesystem-shareable-definition"
    ]
  },
  "text": {
    "status": "generated",
    "div": "<div xmlns=\"http://www.w3.org/1999/xhtml\">\n<p><b>SHR IncomeSourceCS CodeSystem</b></p>\n<p/>\n</div>"
  },
  "url": "http://standardhealthrecord.org/shr/environment/cs/IncomeSourceCS",
  "identifier": {
    "system": "http://standardhealthrecord.org",
    "value": "shr.environment.IncomeSourceCS"
  },
  "version": "0.0.1",
  "name": "SHR IncomeSourceCS CodeSystem",
  "title": "SHR IncomeSourceCS CodeSystem",
  "status": "draft",
  "date": "2017-08-08T15:56:20.402Z",
  "publisher": "The MITRE Corporation: Standard Health Record Collaborative",
  "contact": [
    {
      "telecom": [
        {
          "system": "url",
          "value": "http://www.standardhealthrecord.org"
        }
      ]
    }
  ],
  "caseSensitive": true,
  "content": "complete",
  "count": 14,
  "concept": [
    {
      "code": "earned",
      "display": "Earned Income (i.e., employment income)",
      "definition": "Earned Income (i.e., employment income)"
    },
    {
      "code": "unemployment",
      "display": "Unemployment Insurance",
      "definition": "Unemployment Insurance"
    },
    {
      "code": "ssi",
      "display": "Supplemental Security Income (SSI)",
      "definition": "Supplemental Security Income (SSI)"
    },
    {
      "code": "ssdi",
      "display": "Social Security Disability Income (SSDI)",
      "definition": "Social Security Disability Income (SSDI)"
    },
    {
      "code": "disability_va",
      "display": "Veteran’s disability payment",
      "definition": "Veteran’s disability payment"
    },
    {
      "code": "disability_private",
      "display": "Private disability insurance",
      "definition": "Private disability insurance"
    },
    {
      "code": "disability_workers",
      "display": "Worker’s compensation",
      "definition": "Worker’s compensation"
    },
    {
      "code": "tanf",
      "display": "Temporary Assistance for Needy Families (TANF) or similar local program",
      "definition": "Temporary Assistance for Needy Families (TANF) or similar local program"
    },
    {
      "code": "ga",
      "display": "General Assistance (GA) or similar local program",
      "definition": "General Assistance (GA) or similar local program"
    },
    {
      "code": "ss",
      "display": "Retirement income from Social Security",
      "definition": "Retirement income from Social Security"
    },
    {
      "code": "savings",
      "display": "Savings",
      "definition": "Savings"
    },
    {
      "code": "pension_va",
      "display": "Veteran’s pension",
      "definition": "Veteran’s pension"
    },
    {
      "code": "child_support",
      "display": "Child support",
      "definition": "Child support"
    },
    {
      "code": "alimony",
      "display": "Alimony or other spousal support",
      "definition": "Alimony or other spousal support"
    }
  ]
}