{
  "resourceType": "CodeSystem",
  "id": "shr-sex-GenderIdentityCS",
  "text": {
    "status": "generated",
    "div": "<div xmlns=\"http://www.w3.org/1999/xhtml\">\n<p><b>SHR GenderIdentityCS CodeSystem</b></p>\n<p/>\n</div>"
  },
  "url": "http://standardhealthrecord.org/shr/sex/cs/GenderIdentityCS",
  "identifier": {
    "system": "http://standardhealthrecord.org",
    "value": "shr.sex.GenderIdentityCS"
  },
  "version": "0.0.1",
  "name": "SHR GenderIdentityCS CodeSystem",
  "title": "SHR GenderIdentityCS CodeSystem",
  "status": "draft",
  "date": "2017-12-20",
  "publisher": "The MITRE Corporation: Standard Health Record Collaborative",
  "contact": [
    {
      "telecom": [
        {
          "system": "url",
          "value": "http://standardhealthrecord.org"
        }
      ]
    }
  ],
  "caseSensitive": true,
  "content": "complete",
  "count": 7,
  "concept": [
    {
      "code": "male_gender",
      "display": "Identifies as male, exclusively, usually, or primarily",
      "definition": "Identifies as male, exclusively, usually, or primarily"
    },
    {
      "code": "female_gender",
      "display": "Identifies as female, exclusively, usually, or primarily",
      "definition": "Identifies as female, exclusively, usually, or primarily"
    },
    {
      "code": "agender",
      "display": "Does not identify with any gender",
      "definition": "Does not identify with any gender"
    },
    {
      "code": "bigender",
      "display": "Identifies with both male and female genders, either simultaneously, or changing fluidly over time",
      "definition": "Identifies with both male and female genders, either simultaneously, or changing fluidly over time"
    },
    {
      "code": "unsure_gender",
      "display": "Uncertain or searching for gender identity",
      "definition": "Uncertain or searching for gender identity"
    },
    {
      "code": "trans_female",
      "display": "Male (at birth) who identifies as a female",
      "definition": "Male (at birth) who identifies as a female"
    },
    {
      "code": "trans_male",
      "display": "Female (at birth) who identifies as a male",
      "definition": "Female (at birth) who identifies as a male"
    }
  ]
}