{
  "resourceType": "CodeSystem",
  "id": "shr-vital-BodyTemperatureQualifierCS",
  "text": {
    "status": "generated",
    "div": "<div xmlns=\"http://www.w3.org/1999/xhtml\">\n<p><b>SHR BodyTemperatureQualifierCS CodeSystem</b></p>\n<p/>\n</div>"
  },
  "url": "http://standardhealthrecord.org/shr/vital/cs/BodyTemperatureQualifierCS",
  "identifier": {
    "system": "http://standardhealthrecord.org",
    "value": "shr.vital.BodyTemperatureQualifierCS"
  },
  "version": "0.0.1",
  "name": "SHR BodyTemperatureQualifierCS CodeSystem",
  "title": "SHR BodyTemperatureQualifierCS CodeSystem",
  "status": "draft",
  "date": "2017-12-20",
  "publisher": "The MITRE Corporation: Standard Health Record Collaborative",
  "contact": [
    {
      "telecom": [
        {
          "system": "url",
          "value": "http://standardhealthrecord.org"
        }
      ]
    }
  ],
  "caseSensitive": true,
  "content": "complete",
  "count": 1,
  "concept": [
    {
      "code": "max_illness",
      "display": "Maximum temperature during an illness",
      "definition": "Maximum temperature during an illness"
    }
  ]
}