{
  "resourceType": "CodeSystem",
  "id": "shr-behavior-DietFollowedCS",
  "text": {
    "status": "generated",
    "div": "<div xmlns=\"http://www.w3.org/1999/xhtml\">\n<p><b>SHR DietFollowedCS CodeSystem</b></p>\n<p/>\n</div>"
  },
  "url": "http://standardhealthrecord.org/shr/behavior/cs/DietFollowedCS",
  "identifier": {
    "system": "http://standardhealthrecord.org",
    "value": "shr.behavior.DietFollowedCS"
  },
  "version": "0.0.1",
  "name": "SHR DietFollowedCS CodeSystem",
  "title": "SHR DietFollowedCS CodeSystem",
  "status": "draft",
  "date": "2017-12-20",
  "publisher": "The MITRE Corporation: Standard Health Record Collaborative",
  "contact": [
    {
      "telecom": [
        {
          "system": "url",
          "value": "http://standardhealthrecord.org"
        }
      ]
    }
  ],
  "caseSensitive": true,
  "content": "complete",
  "count": 6,
  "concept": [
    {
      "code": "vegetarian",
      "display": "Vegetarian diet",
      "definition": "Vegetarian diet"
    },
    {
      "code": "paleo",
      "display": "Paleo diet",
      "definition": "Paleo diet"
    },
    {
      "code": "kosher",
      "display": "Kosher diet",
      "definition": "Kosher diet"
    },
    {
      "code": "halal",
      "display": "Halal diet",
      "definition": "Halal diet"
    },
    {
      "code": "gluten_free",
      "display": "Gluten free diet",
      "definition": "Gluten free diet"
    },
    {
      "code": "low_salt",
      "display": "Low salt diet",
      "definition": "Low salt diet"
    }
  ]
}