{
  "resourceType": "CodeSystem",
  "id": "shr-vital-RespiratoryRateQualifierCS",
  "meta": {
    "profile": [
      "http://hl7.org/fhir/StructureDefinition/codesystem-shareable-definition"
    ]
  },
  "text": {
    "status": "generated",
    "div": "<div xmlns=\"http://www.w3.org/1999/xhtml\">\n<p><b>SHR RespiratoryRateQualifierCS CodeSystem</b></p>\n<p>Details of a respiratory rate measurement.</p>\n</div>"
  },
  "url": "http://standardhealthrecord.org/shr/vital/cs/RespiratoryRateQualifierCS",
  "identifier": {
    "system": "http://standardhealthrecord.org",
    "value": "shr.vital.RespiratoryRateQualifierCS"
  },
  "version": "0.0.1",
  "name": "SHR RespiratoryRateQualifierCS CodeSystem",
  "title": "SHR RespiratoryRateQualifierCS CodeSystem",
  "status": "draft",
  "date": "2017-05-10T18:00:13.089Z",
  "publisher": "The MITRE Corporation: Standard Health Record Collaborative",
  "contact": [
    {
      "telecom": [
        {
          "system": "url",
          "value": "http://www.standardhealthrecord.org"
        }
      ]
    }
  ],
  "description": "Details of a respiratory rate measurement.",
  "caseSensitive": true,
  "content": "complete",
  "count": 14,
  "concept": [
    {
      "code": "rest",
      "display": "resting or pre-exercise",
      "definition": "resting or pre-exercise"
    },
    {
      "code": "post_exercise",
      "display": "post exercise",
      "definition": "post exercise"
    },
    {
      "code": "max_voluntary",
      "display": "maximum voluntary ventilation",
      "definition": "maximum voluntary ventilation"
    },
    {
      "code": "post_bronchoscopy",
      "display": "post bronchoscopy",
      "definition": "post bronchoscopy"
    },
    {
      "code": "post_cardioversion",
      "display": "post cardioversion",
      "definition": "post cardioversion"
    },
    {
      "code": "post_sedation",
      "display": "post conscious sedation",
      "definition": "post conscious sedation"
    },
    {
      "code": "post_therapy",
      "display": "post inhalation therapy",
      "definition": "post inhalation therapy"
    },
    {
      "code": "pre_bronchoscopy",
      "display": "pre bronchoscopy",
      "definition": "pre bronchoscopy"
    },
    {
      "code": "pre_cardioversion",
      "display": "pre cardioversion",
      "definition": "pre cardioversion"
    },
    {
      "code": "pre_sedation",
      "display": "pre conscious sedation",
      "definition": "pre conscious sedation"
    },
    {
      "code": "pre_therapy",
      "display": "pre inhalation therapy",
      "definition": "pre inhalation therapy"
    },
    {
      "code": "vent_spont",
      "display": "on ventilator, spontaneous",
      "definition": "on ventilator, spontaneous"
    },
    {
      "code": "vent",
      "display": "on ventilator, mechanical and spontaneous",
      "definition": "on ventilator, mechanical and spontaneous"
    },
    {
      "code": "vent_mech",
      "display": "on ventilator, mechanical",
      "definition": "on ventilator, mechanical"
    }
  ]
}