{
  "resourceType": "StructureDefinition",
  "id": "shr-condition-Morphology-extension",
  "text": {
    "status": "generated",
    "div": "<div xmlns=\"http://www.w3.org/1999/xhtml\">\n  <p><b>SHR Morphology Extension</b></p>\n  <p>The kind of structure being represented. This can define both normal and abnormal morphologies.</p>\n</div>"
  },
  "url": "http://standardhealthrecord.org/fhir/StructureDefinition/shr-condition-Morphology-extension",
  "identifier": [
    {
      "system": "http://standardhealthrecord.org",
      "value": "shr.condition.Morphology"
    }
  ],
  "version": "0.0.1",
  "name": "SHR Morphology Extension",
  "title": "SHR Morphology Extension",
  "status": "draft",
  "date": "2017-12-12",
  "publisher": "The MITRE Corporation: Standard Health Record Collaborative",
  "contact": [
    {
      "telecom": [
        {
          "system": "url",
          "value": "http://standardhealthrecord.org"
        }
      ]
    }
  ],
  "description": "The kind of structure being represented. This can define both normal and abnormal morphologies.",
  "fhirVersion": "3.0.1",
  "kind": "complex-type",
  "abstract": false,
  "contextType": "resource",
  "context": [
    "*"
  ],
  "type": "Extension",
  "baseDefinition": "http://hl7.org/fhir/StructureDefinition/Extension",
  "derivation": "constraint",
  "snapshot": {
    "element": [
      {
        "id": "Extension:morphology",
        "path": "Extension",
        "short": "SHR Morphology Extension",
        "definition": "The kind of structure being represented. This can define both normal and abnormal morphologies.",
        "min": 0,
        "max": "*",
        "base": {
          "path": "Extension",
          "min": 0,
          "max": "1"
        },
        "condition": [
          "ele-1"
        ],
        "constraint": [
          {
            "key": "ele-1",
            "severity": "error",
            "human": "All FHIR elements must have a @value or children",
            "expression": "children().count() > id.count()",
            "xpath": "@value|f:*|h:div",
            "source": "Element"
          },
          {
            "key": "ext-1",
            "severity": "error",
            "human": "Must have either extensions or value[x], not both",
            "expression": "extension.exists() != value.exists()",
            "xpath": "exists(f:extension)!=exists(f:*[starts-with(local-name(.), 'value')])",
            "source": "Extension"
          }
        ]
      },
      {
        "id": "Extension:morphology.id",
        "path": "Extension.id",
        "representation": [
          "xmlAttr"
        ],
        "short": "xml:id (or equivalent in JSON)",
        "definition": "unique id for the element within a resource (for internal references). This may be any string value that does not contain spaces.",
        "min": 0,
        "max": "1",
        "base": {
          "path": "Element.id",
          "min": 0,
          "max": "1"
        },
        "type": [
          {
            "code": "string"
          }
        ],
        "mapping": [
          {
            "identity": "rim",
            "map": "N/A"
          }
        ]
      },
      {
        "id": "Extension:morphology.extension",
        "path": "Extension.extension",
        "slicing": {
          "id": "94",
          "discriminator": [
            {
              "type": "value",
              "path": "url"
            }
          ],
          "ordered": false,
          "rules": "open"
        },
        "short": "Extension",
        "definition": "An Extension",
        "min": 0,
        "max": "*",
        "base": {
          "path": "Element.extension",
          "min": 0,
          "max": "*"
        },
        "type": [
          {
            "code": "Extension"
          }
        ]
      },
      {
        "id": "Extension:morphology.extension:codeableconcept",
        "path": "Extension.extension",
        "sliceName": "codeableconcept",
        "definition": "A set of codes drawn from different coding systems, representing the same concept.",
        "min": 1,
        "max": "1",
        "base": {
          "path": "Extension.extension",
          "min": 0,
          "max": "1"
        },
        "type": [
          {
            "code": "Extension",
            "profile": "http://standardhealthrecord.org/fhir/StructureDefinition/shr-core-CodeableConcept-extension"
          }
        ],
        "isModifier": false,
        "mapping": [
          {
            "identity": "rim",
            "map": "N/A"
          }
        ]
      },
      {
        "id": "Extension:morphology.extension:valueabsentreason",
        "path": "Extension.extension",
        "sliceName": "valueabsentreason",
        "definition": "Provides a reason why the value of the observation is missing, if it is expected (some observations are not expected to have a value).",
        "min": 0,
        "max": "1",
        "base": {
          "path": "Extension.extension",
          "min": 0,
          "max": "1"
        },
        "type": [
          {
            "code": "Extension",
            "profile": "http://standardhealthrecord.org/fhir/StructureDefinition/shr-finding-ValueAbsentReason-extension"
          }
        ],
        "isModifier": false,
        "mapping": [
          {
            "identity": "rim",
            "map": "N/A"
          }
        ]
      },
      {
        "id": "Extension:morphology.extension:observationcode",
        "path": "Extension.extension",
        "sliceName": "observationcode",
        "definition": "A code that represents what the finding concerns, for example, the subject's height, blood pressure, disease status, wound dimensions, diabetes risk, etc. Although named ObservationCode, in different contexts the same attribute might be more naturally referred to as a property, observable, or test code. In assertions (observations without an explicit question), the observation code is defaulted to a value representing 'assertion'.",
        "min": 1,
        "max": "1",
        "base": {
          "path": "Extension.extension",
          "min": 0,
          "max": "1"
        },
        "type": [
          {
            "code": "Extension",
            "profile": "http://standardhealthrecord.org/fhir/StructureDefinition/shr-finding-ObservationCode-extension"
          }
        ],
        "isModifier": false,
        "mapping": [
          {
            "identity": "rim",
            "map": "N/A"
          }
        ]
      },
      {
        "id": "Extension:morphology.extension:interpretation",
        "path": "Extension.extension",
        "sliceName": "interpretation",
        "definition": "A clinical interpretation of a finding.",
        "min": 0,
        "max": "1",
        "base": {
          "path": "Extension.extension",
          "min": 0,
          "max": "1"
        },
        "type": [
          {
            "code": "Extension",
            "profile": "http://standardhealthrecord.org/fhir/StructureDefinition/shr-finding-Interpretation-extension"
          }
        ],
        "isModifier": false,
        "mapping": [
          {
            "identity": "rim",
            "map": "N/A"
          }
        ]
      },
      {
        "id": "Extension:morphology.extension:referencerange",
        "path": "Extension.extension",
        "sliceName": "referencerange",
        "definition": "The usual or acceptable range for a test result.",
        "min": 0,
        "max": "*",
        "base": {
          "path": "Extension.extension",
          "min": 0,
          "max": "1"
        },
        "type": [
          {
            "code": "Extension",
            "profile": "http://standardhealthrecord.org/fhir/StructureDefinition/shr-finding-ReferenceRange-extension"
          }
        ],
        "isModifier": false,
        "mapping": [
          {
            "identity": "rim",
            "map": "N/A"
          }
        ]
      },
      {
        "id": "Extension:morphology.extension:components",
        "path": "Extension.extension",
        "sliceName": "components",
        "definition": "Components are parts of the parent observation. Component observations share the same attributes (such as Specimen) as the primary observation and are not separable. However, the reference range may be different for each component observation.",
        "min": 0,
        "max": "1",
        "base": {
          "path": "Extension.extension",
          "min": 0,
          "max": "1"
        },
        "type": [
          {
            "code": "Extension",
            "profile": "http://standardhealthrecord.org/fhir/StructureDefinition/shr-finding-Components-extension"
          }
        ],
        "isModifier": false,
        "mapping": [
          {
            "identity": "rim",
            "map": "N/A"
          }
        ]
      },
      {
        "id": "Extension:morphology.url",
        "path": "Extension.url",
        "representation": [
          "xmlAttr"
        ],
        "short": "identifies the meaning of the extension",
        "definition": "Source of the definition for the extension code - a logical name or a URL.",
        "comment": "The definition may point directly to a computable or human-readable definition of the extensibility codes, or it may be a logical URI as declared in some other specification. The definition SHALL be a URI for the Structure Definition defining the extension.",
        "min": 1,
        "max": "1",
        "base": {
          "path": "Extension.url",
          "min": 1,
          "max": "1"
        },
        "type": [
          {
            "code": "uri"
          }
        ],
        "fixedUri": "http://standardhealthrecord.org/fhir/StructureDefinition/shr-condition-Morphology-extension",
        "mapping": [
          {
            "identity": "rim",
            "map": "N/A"
          }
        ]
      },
      {
        "id": "Extension:morphology.value[x]",
        "path": "Extension.value[x]",
        "short": "Value of extension",
        "definition": "Value of extension - may be a resource or one of a constrained set of the data types (see Extensibility in the spec for list).",
        "min": 0,
        "max": "0",
        "base": {
          "path": "Extension.value[x]",
          "min": 0,
          "max": "1"
        },
        "type": [
          {
            "code": "base64Binary"
          },
          {
            "code": "boolean"
          },
          {
            "code": "code"
          },
          {
            "code": "date"
          },
          {
            "code": "dateTime"
          },
          {
            "code": "decimal"
          },
          {
            "code": "id"
          },
          {
            "code": "instant"
          },
          {
            "code": "integer"
          },
          {
            "code": "markdown"
          },
          {
            "code": "oid"
          },
          {
            "code": "positiveInt"
          },
          {
            "code": "string"
          },
          {
            "code": "time"
          },
          {
            "code": "unsignedInt"
          },
          {
            "code": "uri"
          },
          {
            "code": "Address"
          },
          {
            "code": "Age"
          },
          {
            "code": "Annotation"
          },
          {
            "code": "Attachment"
          },
          {
            "code": "CodeableConcept"
          },
          {
            "code": "Coding"
          },
          {
            "code": "ContactPoint"
          },
          {
            "code": "Count"
          },
          {
            "code": "Distance"
          },
          {
            "code": "Duration"
          },
          {
            "code": "HumanName"
          },
          {
            "code": "Identifier"
          },
          {
            "code": "Money"
          },
          {
            "code": "Period"
          },
          {
            "code": "Quantity"
          },
          {
            "code": "Range"
          },
          {
            "code": "Ratio"
          },
          {
            "code": "Reference"
          },
          {
            "code": "SampledData"
          },
          {
            "code": "Signature"
          },
          {
            "code": "Timing"
          },
          {
            "code": "Meta"
          }
        ],
        "mapping": [
          {
            "identity": "rim",
            "map": "N/A"
          }
        ]
      }
    ]
  },
  "differential": {
    "element": [
      {
        "id": "Extension:morphology",
        "path": "Extension",
        "short": "SHR Morphology Extension",
        "definition": "The kind of structure being represented. This can define both normal and abnormal morphologies.",
        "min": 0,
        "max": "*"
      },
      {
        "id": "Extension:morphology.extension:codeableconcept",
        "path": "Extension.extension",
        "sliceName": "codeableconcept",
        "definition": "A set of codes drawn from different coding systems, representing the same concept.",
        "min": 1,
        "max": "1",
        "type": [
          {
            "code": "Extension",
            "profile": "http://standardhealthrecord.org/fhir/StructureDefinition/shr-core-CodeableConcept-extension"
          }
        ]
      },
      {
        "id": "Extension:morphology.extension:valueabsentreason",
        "path": "Extension.extension",
        "sliceName": "valueabsentreason",
        "definition": "Provides a reason why the value of the observation is missing, if it is expected (some observations are not expected to have a value).",
        "min": 0,
        "max": "1",
        "type": [
          {
            "code": "Extension",
            "profile": "http://standardhealthrecord.org/fhir/StructureDefinition/shr-finding-ValueAbsentReason-extension"
          }
        ]
      },
      {
        "id": "Extension:morphology.extension:observationcode",
        "path": "Extension.extension",
        "sliceName": "observationcode",
        "definition": "A code that represents what the finding concerns, for example, the subject's height, blood pressure, disease status, wound dimensions, diabetes risk, etc. Although named ObservationCode, in different contexts the same attribute might be more naturally referred to as a property, observable, or test code. In assertions (observations without an explicit question), the observation code is defaulted to a value representing 'assertion'.",
        "min": 1,
        "max": "1",
        "type": [
          {
            "code": "Extension",
            "profile": "http://standardhealthrecord.org/fhir/StructureDefinition/shr-finding-ObservationCode-extension"
          }
        ]
      },
      {
        "id": "Extension:morphology.extension:interpretation",
        "path": "Extension.extension",
        "sliceName": "interpretation",
        "definition": "A clinical interpretation of a finding.",
        "min": 0,
        "max": "1",
        "type": [
          {
            "code": "Extension",
            "profile": "http://standardhealthrecord.org/fhir/StructureDefinition/shr-finding-Interpretation-extension"
          }
        ]
      },
      {
        "id": "Extension:morphology.extension:referencerange",
        "path": "Extension.extension",
        "sliceName": "referencerange",
        "definition": "The usual or acceptable range for a test result.",
        "min": 0,
        "max": "*",
        "type": [
          {
            "code": "Extension",
            "profile": "http://standardhealthrecord.org/fhir/StructureDefinition/shr-finding-ReferenceRange-extension"
          }
        ]
      },
      {
        "id": "Extension:morphology.extension:components",
        "path": "Extension.extension",
        "sliceName": "components",
        "definition": "Components are parts of the parent observation. Component observations share the same attributes (such as Specimen) as the primary observation and are not separable. However, the reference range may be different for each component observation.",
        "min": 0,
        "max": "1",
        "type": [
          {
            "code": "Extension",
            "profile": "http://standardhealthrecord.org/fhir/StructureDefinition/shr-finding-Components-extension"
          }
        ]
      },
      {
        "id": "Extension:morphology.url",
        "path": "Extension.url",
        "type": [
          {
            "code": "uri"
          }
        ],
        "fixedUri": "http://standardhealthrecord.org/fhir/StructureDefinition/shr-condition-Morphology-extension"
      },
      {
        "id": "Extension:morphology.value[x]",
        "path": "Extension.value[x]",
        "min": 0,
        "max": "0"
      }
    ]
  }
}