{
  "resourceType": "StructureDefinition",
  "id": "shr-core-Annotation",
  "text": {
    "status": "generated",
    "div": "<div xmlns=\"http://www.w3.org/1999/xhtml\">\n  <p><b>SHR Annotation Profile</b></p>\n  <p>A text note which also contains information about who made the statement and when.</p>\n  <p><b>SHR Mapping Summary</b></p>\n  <p><pre>shr.core.Annotation maps to Annotation:\n  string maps to text\n  Author maps to author[x].Reference\n  OccurrenceTime maps to time\n</pre></p>\n</div>"
  },
  "url": "http://standardhealthrecord.org/fhir/StructureDefinition/shr-core-Annotation",
  "identifier": [
    {
      "system": "http://standardhealthrecord.org",
      "value": "shr.core.Annotation"
    }
  ],
  "version": "0.0.1",
  "name": "SHR Annotation Profile",
  "status": "draft",
  "date": "2017-05-10T18:00:16.148Z",
  "publisher": "The MITRE Corporation: Standard Health Record Collaborative",
  "contact": [
    {
      "telecom": [
        {
          "system": "url",
          "value": "http://www.standardhealthrecord.org"
        }
      ]
    }
  ],
  "description": "A text note which also contains information about who made the statement and when.",
  "fhirVersion": "3.0.0",
  "mapping": [
    {
      "identity": "v2",
      "uri": "http://hl7.org/v2",
      "name": "HL7 v2 Mapping"
    },
    {
      "identity": "rim",
      "uri": "http://hl7.org/v3",
      "name": "RIM Mapping"
    }
  ],
  "kind": "complex-type",
  "abstract": false,
  "type": "Annotation",
  "baseDefinition": "http://hl7.org/fhir/StructureDefinition/Annotation",
  "derivation": "constraint",
  "snapshot": {
    "element": [
      {
        "id": "Annotation:shr-core-Annotation",
        "path": "Annotation",
        "short": "SHR Annotation Profile",
        "definition": "A text note which also contains information about who made the statement and when.",
        "comment": "For systems that do not have structured annotations, they can simply communicate a single annotation with no author or time.  This element may need to be included in narrative because of the potential for modifying information.  *Annotations SHOULD NOT* be used to communicate \"modifying\" information that could be computable. (This is a SHOULD because enforcing user behavior is nearly impossible).",
        "min": 0,
        "max": "*",
        "condition": [
          "ele-1"
        ],
        "constraint": [
          {
            "key": "ele-1",
            "severity": "error",
            "human": "All FHIR elements must have a @value or children",
            "expression": "children().count() > id.count()",
            "xpath": "@value|f:*|h:div",
            "source": "Element"
          }
        ],
        "mapping": [
          {
            "identity": "rim",
            "map": "n/a"
          },
          {
            "identity": "v2",
            "map": "N/A"
          },
          {
            "identity": "rim",
            "map": "Act"
          }
        ]
      },
      {
        "id": "Annotation:shr-core-Annotation.id",
        "path": "Annotation.id",
        "representation": [
          "xmlAttr"
        ],
        "short": "xml:id (or equivalent in JSON)",
        "definition": "unique id for the element within a resource (for internal references). This may be any string value that does not contain spaces.",
        "min": 0,
        "max": "1",
        "base": {
          "path": "Element.id",
          "min": 0,
          "max": "1"
        },
        "type": [
          {
            "code": "string"
          }
        ],
        "mapping": [
          {
            "identity": "rim",
            "map": "n/a"
          }
        ]
      },
      {
        "id": "Annotation:shr-core-Annotation.extension",
        "path": "Annotation.extension",
        "slicing": {
          "discriminator": [
            {
              "type": "value",
              "path": "url"
            }
          ],
          "description": "Extensions are always sliced by (at least) url",
          "rules": "open"
        },
        "short": "Additional Content defined by implementations",
        "definition": "May be used to represent additional information that is not part of the basic definition of the element. In order to make the use of extensions safe and manageable, there is a strict set of governance  applied to the definition and use of extensions. Though any implementer is allowed to define an extension, there is a set of requirements that SHALL be met as part of the definition of the extension.",
        "comment": "There can be no stigma associated with the use of extensions by any application, project, or standard - regardless of the institution or jurisdiction that uses or defines the extensions.  The use of extensions is what allows the FHIR specification to retain a core level of simplicity for everyone.",
        "alias": [
          "extensions",
          "user content"
        ],
        "min": 0,
        "max": "*",
        "base": {
          "path": "Element.extension",
          "min": 0,
          "max": "*"
        },
        "type": [
          {
            "code": "Extension"
          }
        ],
        "mapping": [
          {
            "identity": "rim",
            "map": "n/a"
          }
        ]
      },
      {
        "id": "Annotation:shr-core-Annotation.author[x]",
        "path": "Annotation.author[x]",
        "short": "Individual responsible for the annotation",
        "definition": "The individual responsible for making the annotation.",
        "min": 1,
        "max": "1",
        "type": [
          {
            "code": "Reference",
            "targetProfile": "http://standardhealthrecord.org/fhir/StructureDefinition/shr-actor-Practitioner"
          },
          {
            "code": "Reference",
            "targetProfile": "http://standardhealthrecord.org/fhir/StructureDefinition/shr-demographics-PersonOfRecord"
          },
          {
            "code": "Reference",
            "targetProfile": "http://standardhealthrecord.org/fhir/StructureDefinition/shr-actor-RelatedPerson"
          },
          {
            "code": "string"
          }
        ],
        "isSummary": true,
        "mapping": [
          {
            "identity": "v2",
            "map": "N/A"
          },
          {
            "identity": "rim",
            "map": "Act.participant[typeCode=AUT].role"
          }
        ]
      },
      {
        "id": "Annotation:shr-core-Annotation.time",
        "path": "Annotation.time",
        "short": "When the annotation was made",
        "definition": "Indicates when this particular annotation was made.",
        "min": 1,
        "max": "1",
        "type": [
          {
            "code": "dateTime"
          }
        ],
        "isSummary": true,
        "mapping": [
          {
            "identity": "v2",
            "map": "N/A"
          },
          {
            "identity": "rim",
            "map": "Act.effectiveTime"
          }
        ]
      },
      {
        "id": "Annotation:shr-core-Annotation.text",
        "path": "Annotation.text",
        "short": "The annotation  - text content",
        "definition": "The text of the annotation.",
        "min": 1,
        "max": "1",
        "type": [
          {
            "code": "string"
          }
        ],
        "mapping": [
          {
            "identity": "v2",
            "map": "N/A"
          },
          {
            "identity": "rim",
            "map": "Act.text"
          }
        ]
      }
    ]
  },
  "differential": {
    "element": [
      {
        "id": "Annotation:shr-core-Annotation",
        "path": "Annotation",
        "short": "SHR Annotation Profile",
        "definition": "A text note which also contains information about who made the statement and when."
      },
      {
        "id": "Annotation:shr-core-Annotation.author[x]",
        "path": "Annotation.author[x]",
        "min": 1,
        "max": "1",
        "type": [
          {
            "code": "Reference",
            "targetProfile": "http://standardhealthrecord.org/fhir/StructureDefinition/shr-actor-Practitioner"
          },
          {
            "code": "Reference",
            "targetProfile": "http://standardhealthrecord.org/fhir/StructureDefinition/shr-demographics-PersonOfRecord"
          },
          {
            "code": "Reference",
            "targetProfile": "http://standardhealthrecord.org/fhir/StructureDefinition/shr-actor-RelatedPerson"
          },
          {
            "code": "string"
          }
        ]
      },
      {
        "id": "Annotation:shr-core-Annotation.time",
        "path": "Annotation.time",
        "min": 1,
        "max": "1"
      }
    ]
  }
}