{
  "resourceType": "StructureDefinition",
  "id": "shr-behavior-AlcoholBingeFrequency-extension",
  "text": {
    "status": "generated",
    "div": "<div xmlns=\"http://www.w3.org/1999/xhtml\">\n  <p><b>SHR AlcoholBingeFrequency Extension</b></p>\n  <p>How often have you had 6 or more Units if female, or 8 or more if male, on a single occasion in the last year?.</p>\n</div>"
  },
  "url": "http://standardhealthrecord.org/fhir/StructureDefinition/shr-behavior-AlcoholBingeFrequency-extension",
  "identifier": [
    {
      "system": "http://standardhealthrecord.org",
      "value": "shr.behavior.AlcoholBingeFrequency"
    }
  ],
  "name": "SHR AlcoholBingeFrequency Extension",
  "title": "SHR AlcoholBingeFrequency Extension",
  "status": "draft",
  "publisher": "The MITRE Corporation: Standard Health Record Collaborative",
  "contact": [
    {
      "telecom": [
        {
          "system": "url",
          "value": "http://www.standardhealthrecord.org"
        }
      ]
    }
  ],
  "date": "2017-02-23T21:26:39.323Z",
  "description": "How often have you had 6 or more Units if female, or 8 or more if male, on a single occasion in the last year?.",
  "fhirVersion": "1.8.0",
  "kind": "complex-type",
  "abstract": false,
  "contextType": "resource",
  "context": [
    "*"
  ],
  "type": "Extension",
  "baseDefinition": "http://hl7.org/fhir/StructureDefinition/Extension",
  "derivation": "constraint",
  "snapshot": {
    "element": [
      {
        "id": "Extension:alcoholbingefrequency",
        "path": "Extension",
        "short": "SHR AlcoholBingeFrequency Extension",
        "definition": "How often have you had 6 or more Units if female, or 8 or more if male, on a single occasion in the last year?.",
        "min": 0,
        "max": "*",
        "base": {
          "path": "Extension",
          "min": 0,
          "max": "1"
        },
        "condition": [
          "ele-1"
        ],
        "constraint": [
          {
            "key": "ele-1",
            "severity": "error",
            "human": "All FHIR elements must have a @value or children",
            "expression": "children().count() > id.count()",
            "xpath": "@value|f:*|h:div",
            "source": "Element"
          },
          {
            "key": "ext-1",
            "severity": "error",
            "human": "Must have either extensions or value[x], not both",
            "expression": "extension.exists() != value.exists()",
            "xpath": "exists(f:extension)!=exists(f:*[starts-with(local-name(.), 'value')])",
            "source": "Extension"
          }
        ]
      },
      {
        "id": "Extension:alcoholbingefrequency.id",
        "path": "Extension.id",
        "representation": [
          "xmlAttr"
        ],
        "short": "xml:id (or equivalent in JSON)",
        "definition": "unique id for the element within a resource (for internal references). This may be any string value that does not contain spaces.",
        "min": 0,
        "max": "1",
        "base": {
          "path": "Element.id",
          "min": 0,
          "max": "1"
        },
        "type": [
          {
            "code": "string"
          }
        ],
        "mapping": [
          {
            "identity": "rim",
            "map": "N/A"
          }
        ]
      },
      {
        "id": "Extension:alcoholbingefrequency.extension",
        "path": "Extension.extension",
        "slicing": {
          "id": "18",
          "discriminator": [
            "url"
          ],
          "ordered": false,
          "rules": "open"
        },
        "short": "Extension",
        "definition": "An Extension",
        "min": 0,
        "max": "*",
        "base": {
          "path": "Element.extension",
          "min": 0,
          "max": "*"
        },
        "type": [
          {
            "code": "Extension"
          }
        ]
      },
      {
        "id": "Extension:alcoholbingefrequency.extension:codeableconcept",
        "path": "Extension.extension",
        "sliceName": "codeableconcept",
        "definition": "A set of codes drawn from different coding systems, representing the same concept.",
        "min": 1,
        "max": "1",
        "base": {
          "path": "Extension.extension",
          "min": 0,
          "max": "1"
        },
        "type": [
          {
            "code": "Extension",
            "profile": "http://standardhealthrecord.org/fhir/StructureDefinition/shr-core-CodeableConcept-extension"
          }
        ],
        "isModifier": false,
        "binding": {
          "strength": "required",
          "valueSetReference": {
            "reference": "http://standardhealthrecord.org/fhir/ValueSet/shr-core-SemiquantitativeFrequencyVS"
          }
        },
        "mapping": [
          {
            "identity": "rim",
            "map": "N/A"
          }
        ]
      },
      {
        "id": "Extension:alcoholbingefrequency.extension:observationcode",
        "path": "Extension.extension",
        "sliceName": "observationcode",
        "definition": "A term from a controlled vocabulary that defines the data element (the question, not the answer) as specifically as possible. The specific code should always align with the concept of the element, but may be more specific. For example, the concept associated with medications is code for 'medication used', but the ObservationCode is the code for the particular medication used. For tests, ObservationCode identifies the specific test being performed, and for observations, the specific question being asked.",
        "min": 1,
        "max": "1",
        "base": {
          "path": "Extension.extension",
          "min": 0,
          "max": "1"
        },
        "type": [
          {
            "code": "Extension",
            "profile": "http://standardhealthrecord.org/fhir/StructureDefinition/shr-observation-ObservationCode-extension"
          }
        ],
        "isModifier": false,
        "mapping": [
          {
            "identity": "rim",
            "map": "N/A"
          }
        ]
      },
      {
        "id": "Extension:alcoholbingefrequency.extension:observationcode.id",
        "path": "Extension.extension.id",
        "representation": [
          "xmlAttr"
        ],
        "short": "xml:id (or equivalent in JSON)",
        "definition": "unique id for the element within a resource (for internal references). This may be any string value that does not contain spaces.",
        "min": 0,
        "max": "1",
        "base": {
          "path": "Element.id",
          "min": 0,
          "max": "1"
        },
        "type": [
          {
            "code": "string"
          }
        ],
        "mapping": [
          {
            "identity": "rim",
            "map": "N/A"
          }
        ]
      },
      {
        "id": "Extension:alcoholbingefrequency.extension:observationcode.extension:extension",
        "path": "Extension.extension.extension",
        "sliceName": "extension",
        "short": "Extension",
        "definition": "An Extension",
        "min": 0,
        "max": "0",
        "base": {
          "path": "Element.extension",
          "min": 0,
          "max": "*"
        },
        "type": [
          {
            "code": "Extension"
          }
        ]
      },
      {
        "id": "Extension:alcoholbingefrequency.extension:observationcode.url",
        "path": "Extension.extension.url",
        "representation": [
          "xmlAttr"
        ],
        "short": "identifies the meaning of the extension",
        "definition": "Source of the definition for the extension code - a logical name or a URL.",
        "comments": "The definition may point directly to a computable or human-readable definition of the extensibility codes, or it may be a logical URI as declared in some other specification. The definition SHALL be a URI for the Structure Definition defining the extension.",
        "min": 1,
        "max": "1",
        "base": {
          "path": "Extension.url",
          "min": 1,
          "max": "1"
        },
        "type": [
          {
            "code": "uri"
          }
        ],
        "fixedUri": "http://standardhealthrecord.org/fhir/StructureDefinition/shr-observation-ObservationCode-extension",
        "mapping": [
          {
            "identity": "rim",
            "map": "N/A"
          }
        ]
      },
      {
        "id": "Extension:alcoholbingefrequency.extension:observationcode.valueCodeableConcept",
        "path": "Extension.extension.valueCodeableConcept",
        "short": "Value of extension",
        "definition": "Value of extension - may be a resource or one of a constrained set of the data types (see Extensibility in the spec for list).",
        "min": 1,
        "max": "1",
        "base": {
          "path": "Extension.value[x]",
          "min": 0,
          "max": "1"
        },
        "type": [
          {
            "code": "CodeableConcept",
            "profile": "http://standardhealthrecord.org/fhir/StructureDefinition/shr-core-CodeableConcept"
          }
        ],
        "patternCodeableConcept": {
          "coding": [
            {
              "system": "http://ncimeta.nci.nih.gov",
              "code": "C0556346"
            }
          ]
        },
        "mapping": [
          {
            "identity": "rim",
            "map": "N/A"
          }
        ]
      },
      {
        "id": "Extension:alcoholbingefrequency.url",
        "path": "Extension.url",
        "representation": [
          "xmlAttr"
        ],
        "short": "identifies the meaning of the extension",
        "definition": "Source of the definition for the extension code - a logical name or a URL.",
        "comments": "The definition may point directly to a computable or human-readable definition of the extensibility codes, or it may be a logical URI as declared in some other specification. The definition SHALL be a URI for the Structure Definition defining the extension.",
        "min": 1,
        "max": "1",
        "base": {
          "path": "Extension.url",
          "min": 1,
          "max": "1"
        },
        "type": [
          {
            "code": "uri"
          }
        ],
        "fixedUri": "http://standardhealthrecord.org/fhir/StructureDefinition/shr-behavior-AlcoholBingeFrequency-extension",
        "mapping": [
          {
            "identity": "rim",
            "map": "N/A"
          }
        ]
      },
      {
        "id": "Extension:alcoholbingefrequency.value[x]",
        "path": "Extension.value[x]",
        "short": "Value of extension",
        "definition": "Value of extension - may be a resource or one of a constrained set of the data types (see Extensibility in the spec for list).",
        "min": 0,
        "max": "0",
        "base": {
          "path": "Extension.value[x]",
          "min": 0,
          "max": "1"
        },
        "type": [
          {
            "code": "base64Binary"
          },
          {
            "code": "boolean"
          },
          {
            "code": "code"
          },
          {
            "code": "date"
          },
          {
            "code": "dateTime"
          },
          {
            "code": "decimal"
          },
          {
            "code": "id"
          },
          {
            "code": "instant"
          },
          {
            "code": "integer"
          },
          {
            "code": "markdown"
          },
          {
            "code": "oid"
          },
          {
            "code": "positiveInt"
          },
          {
            "code": "string"
          },
          {
            "code": "time"
          },
          {
            "code": "unsignedInt"
          },
          {
            "code": "uri"
          },
          {
            "code": "Address"
          },
          {
            "code": "Age"
          },
          {
            "code": "Annotation"
          },
          {
            "code": "Attachment"
          },
          {
            "code": "CodeableConcept"
          },
          {
            "code": "Coding"
          },
          {
            "code": "ContactPoint"
          },
          {
            "code": "Count"
          },
          {
            "code": "Distance"
          },
          {
            "code": "Duration"
          },
          {
            "code": "HumanName"
          },
          {
            "code": "Identifier"
          },
          {
            "code": "Money"
          },
          {
            "code": "Period"
          },
          {
            "code": "Quantity"
          },
          {
            "code": "Range"
          },
          {
            "code": "Ratio"
          },
          {
            "code": "Reference"
          },
          {
            "code": "SampledData"
          },
          {
            "code": "Signature"
          },
          {
            "code": "Timing"
          },
          {
            "code": "Meta"
          }
        ],
        "mapping": [
          {
            "identity": "rim",
            "map": "N/A"
          }
        ]
      }
    ]
  },
  "differential": {
    "element": [
      {
        "id": "Extension:alcoholbingefrequency",
        "path": "Extension",
        "short": "SHR AlcoholBingeFrequency Extension",
        "definition": "How often have you had 6 or more Units if female, or 8 or more if male, on a single occasion in the last year?.",
        "min": 0,
        "max": "*"
      },
      {
        "id": "Extension:alcoholbingefrequency.extension:codeableconcept",
        "path": "Extension.extension",
        "sliceName": "codeableconcept",
        "definition": "A set of codes drawn from different coding systems, representing the same concept.",
        "min": 1,
        "max": "1",
        "type": [
          {
            "code": "Extension",
            "profile": "http://standardhealthrecord.org/fhir/StructureDefinition/shr-core-CodeableConcept-extension"
          }
        ],
        "binding": {
          "strength": "required",
          "valueSetReference": {
            "reference": "http://standardhealthrecord.org/fhir/ValueSet/shr-core-SemiquantitativeFrequencyVS"
          }
        }
      },
      {
        "id": "Extension:alcoholbingefrequency.extension:observationcode",
        "path": "Extension.extension",
        "sliceName": "observationcode",
        "definition": "A term from a controlled vocabulary that defines the data element (the question, not the answer) as specifically as possible. The specific code should always align with the concept of the element, but may be more specific. For example, the concept associated with medications is code for 'medication used', but the ObservationCode is the code for the particular medication used. For tests, ObservationCode identifies the specific test being performed, and for observations, the specific question being asked.",
        "min": 1,
        "max": "1",
        "type": [
          {
            "code": "Extension",
            "profile": "http://standardhealthrecord.org/fhir/StructureDefinition/shr-observation-ObservationCode-extension"
          }
        ],
        "patternCodeableConcept": {
          "coding": [
            {
              "system": "http://ncimeta.nci.nih.gov",
              "code": "C0556346"
            }
          ]
        }
      },
      {
        "id": "Extension:alcoholbingefrequency.url",
        "path": "Extension.url",
        "type": [
          {
            "code": "uri"
          }
        ],
        "fixedUri": "http://standardhealthrecord.org/fhir/StructureDefinition/shr-behavior-AlcoholBingeFrequency-extension"
      },
      {
        "id": "Extension:alcoholbingefrequency.value[x]",
        "path": "Extension.value[x]",
        "min": 0,
        "max": "0"
      }
    ]
  }
}