{
  "resourceType": "StructureDefinition",
  "id": "cimi-procedure-LaboratoryProcedurePerformedStatement",
  "text": {
    "status": "generated",
    "div": "<div xmlns=\"http://www.w3.org/1999/xhtml\">\n  <p><b>SHR LaboratoryProcedurePerformedStatement Profile</b></p>\n  <p/>\n  <p><b>SHR Mapping Summary</b></p>\n  <p><pre>cimi.procedure.LaboratoryProcedurePerformedStatement maps to http://hl7.org/fhir/us/core/StructureDefinition/us-core-procedure:\n  LaboratoryProcedureTopic.TopicCode maps to code\n  SubjectOfInformation maps to subject\n  LaboratoryProcedureTopic.Category maps to category\n  constrain notDone to 0..0\n  constrain notDoneReason to 0..0\n  LaboratoryProcedureTopic.AnatomicalLocation maps to bodySite\n  LaboratoryProcedureTopic.PartOf maps to partOf\n  LaboratoryProcedureTopic.Annotation maps to note\n  ProcedurePerformedContext.Encounter maps to context\n  ProcedurePerformedContext.Reason maps to reasonCode\n  ProcedurePerformedContext.OccurrenceTimeOrPeriod maps to performed[x]\n  ProcedurePerformedContext.FHIRProcedureParticipant maps to performer\n  ProcedurePerformedContext.FHIRProcedureParticipant.Practitioner maps to performer.actor\n  ProcedurePerformedContext.FHIRProcedureParticipant.Organization maps to performer.actor\n  ProcedurePerformedContext.FHIRProcedureParticipant.Patient maps to performer.actor\n  ProcedurePerformedContext.FHIRProcedureParticipant.RelatedPerson maps to performer.actor\n  ProcedurePerformedContext.FHIRProcedureParticipant.Device maps to performer.actor\n  ProcedurePerformedContext.FHIRProcedureParticipant.ParticipationType maps to performer.role\n  ProcedurePerformedContext.FHIRProcedureParticipant.OnBehalfOf maps to performer.onBehalfOf\n  ProcedurePerformedContext.Status maps to status\n  ProcedurePerformedContext.RelatedRequest.ActionRequestedStatement maps to basedOn\n  ProcedurePerformedContext.Outcome maps to outcome\n  ProcedurePerformedContext.Facility maps to location\n</pre></p>\n</div>"
  },
  "url": "http://standardhealthrecord.org/fhir/StructureDefinition/cimi-procedure-LaboratoryProcedurePerformedStatement",
  "identifier": [
    {
      "system": "http://standardhealthrecord.org",
      "value": "cimi.procedure.LaboratoryProcedurePerformedStatement"
    }
  ],
  "version": "0.1.0",
  "name": "LaboratoryProcedurePerformedStatementProfile",
  "title": "SHR LaboratoryProcedurePerformedStatement Profile",
  "status": "draft",
  "date": "2018-08-22T00:00:00-04:00",
  "publisher": "The MITRE Corporation: Standard Health Record Collaborative",
  "contact": [
    {
      "telecom": [
        {
          "system": "url",
          "value": "http://standardhealthrecord.org"
        }
      ]
    }
  ],
  "jurisdiction": [
    {
      "coding": [
        {
          "system": "urn:iso:std:iso:3166",
          "code": "US",
          "display": "United States of America"
        }
      ]
    }
  ],
  "fhirVersion": "3.0.1",
  "mapping": [
    {
      "identity": "argonaut-dq-dstu2",
      "uri": "http://unknown.org/Argonaut%20DQ%20DSTU2",
      "name": "Argonaut DQ DSTU2"
    },
    {
      "identity": "rim",
      "uri": "http://hl7.org/v3",
      "name": "RIM Mapping"
    },
    {
      "identity": "w5",
      "uri": "http://hl7.org/fhir/w5",
      "name": "W5 Mapping"
    },
    {
      "identity": "v2",
      "uri": "http://hl7.org/v2",
      "name": "HL7 v2 Mapping"
    }
  ],
  "kind": "resource",
  "abstract": false,
  "type": "Procedure",
  "baseDefinition": "http://hl7.org/fhir/us/core/StructureDefinition/us-core-procedure",
  "derivation": "constraint",
  "snapshot": {
    "element": [
      {
        "id": "Procedure:cimi-procedure-LaboratoryProcedurePerformedStatement",
        "path": "Procedure",
        "short": "SHR LaboratoryProcedurePerformedStatement Profile",
        "definition": "The US Core Condition Profile is based upon the core FHIR Procedure Resource and created to meet the 2015 Edition Common Clinical Data Set 'Procedures' requirements.",
        "min": 0,
        "max": "*",
        "base": {
          "path": "Procedure",
          "min": 0,
          "max": "*"
        },
        "constraint": [
          {
            "key": "dom-2",
            "severity": "error",
            "human": "If the resource is contained in another resource, it SHALL NOT contain nested Resources",
            "expression": "contained.contained.empty()",
            "xpath": "not(parent::f:contained and f:contained)",
            "source": "DomainResource"
          },
          {
            "key": "dom-1",
            "severity": "error",
            "human": "If the resource is contained in another resource, it SHALL NOT contain any narrative",
            "expression": "contained.text.empty()",
            "xpath": "not(parent::f:contained and f:text)",
            "source": "DomainResource"
          },
          {
            "key": "dom-4",
            "severity": "error",
            "human": "If a resource is contained in another resource, it SHALL NOT have a meta.versionId or a meta.lastUpdated",
            "expression": "contained.meta.versionId.empty() and contained.meta.lastUpdated.empty()",
            "xpath": "not(exists(f:contained/*/f:meta/f:versionId)) and not(exists(f:contained/*/f:meta/f:lastUpdated))",
            "source": "DomainResource"
          },
          {
            "key": "dom-3",
            "severity": "error",
            "human": "If the resource is contained in another resource, it SHALL be referred to from elsewhere in the resource",
            "expression": "contained.where(('#'+id in %resource.descendants().reference).not()).empty()",
            "xpath": "not(exists(for $id in f:contained/*/@id return $id[not(ancestor::f:contained/parent::*/descendant::f:reference/@value=concat('#', $id))]))",
            "source": "DomainResource"
          },
          {
            "key": "pro-1",
            "severity": "error",
            "human": "Reason not done is only permitted if notDone indicator is true",
            "expression": "notDoneReason.empty() or notDone = true",
            "xpath": "not(exists(f:notDoneReason)) or f:notDone/@value=true()",
            "source": "Procedure"
          }
        ],
        "mustSupport": false,
        "mapping": [
          {
            "identity": "rim",
            "map": "Entity. Role, or Act"
          },
          {
            "identity": "rim",
            "map": "Procedure[moodCode=EVN]"
          },
          {
            "identity": "w5",
            "map": "clinical.general"
          },
          {
            "identity": "argonaut-dq-dstu2",
            "map": "Procedure"
          }
        ]
      },
      {
        "id": "Procedure:cimi-procedure-LaboratoryProcedurePerformedStatement.id",
        "path": "Procedure.id",
        "short": "Logical id of this artifact",
        "definition": "The logical id of the resource, as used in the URL for the resource. Once assigned, this value never changes.",
        "comment": "The only time that a resource does not have an id is when it is being submitted to the server using a create operation.",
        "min": 0,
        "max": "1",
        "base": {
          "path": "Resource.id",
          "min": 0,
          "max": "1"
        },
        "type": [
          {
            "code": "id"
          }
        ],
        "isSummary": true
      },
      {
        "id": "Procedure:cimi-procedure-LaboratoryProcedurePerformedStatement.meta",
        "path": "Procedure.meta",
        "short": "Metadata about the resource",
        "definition": "The metadata about the resource. This is content that is maintained by the infrastructure. Changes to the content may not always be associated with version changes to the resource.",
        "min": 0,
        "max": "1",
        "base": {
          "path": "Resource.meta",
          "min": 0,
          "max": "1"
        },
        "type": [
          {
            "code": "Meta"
          }
        ],
        "isSummary": true
      },
      {
        "id": "Procedure:cimi-procedure-LaboratoryProcedurePerformedStatement.implicitRules",
        "path": "Procedure.implicitRules",
        "short": "A set of rules under which this content was created",
        "definition": "A reference to a set of rules that were followed when the resource was constructed, and which must be understood when processing the content.",
        "comment": "Asserting this rule set restricts the content to be only understood by a limited set of trading partners. This inherently limits the usefulness of the data in the long term. However, the existing health eco-system is highly fractured, and not yet ready to define, collect, and exchange data in a generally computable sense. Wherever possible, implementers and/or specification writers should avoid using this element. \n\nThis element is labelled as a modifier because the implicit rules may provide additional knowledge about the resource that modifies it's meaning or interpretation.",
        "min": 0,
        "max": "1",
        "base": {
          "path": "Resource.implicitRules",
          "min": 0,
          "max": "1"
        },
        "type": [
          {
            "code": "uri"
          }
        ],
        "isModifier": true,
        "isSummary": true
      },
      {
        "id": "Procedure:cimi-procedure-LaboratoryProcedurePerformedStatement.language",
        "path": "Procedure.language",
        "short": "Language of the resource content",
        "definition": "The base language in which the resource is written.",
        "comment": "Language is provided to support indexing and accessibility (typically, services such as text to speech use the language tag). The html language tag in the narrative applies  to the narrative. The language tag on the resource may be used to specify the language of other presentations generated from the data in the resource  Not all the content has to be in the base language. The Resource.language should not be assumed to apply to the narrative automatically. If a language is specified, it should it also be specified on the div element in the html (see rules in HTML5 for information about the relationship between xml:lang and the html lang attribute).",
        "min": 0,
        "max": "1",
        "base": {
          "path": "Resource.language",
          "min": 0,
          "max": "1"
        },
        "type": [
          {
            "code": "code"
          }
        ],
        "binding": {
          "extension": [
            {
              "url": "http://hl7.org/fhir/StructureDefinition/elementdefinition-maxValueSet",
              "valueReference": {
                "reference": "http://hl7.org/fhir/ValueSet/all-languages"
              }
            },
            {
              "url": "http://hl7.org/fhir/StructureDefinition/elementdefinition-bindingName",
              "valueString": "Language"
            },
            {
              "url": "http://hl7.org/fhir/StructureDefinition/elementdefinition-isCommonBinding",
              "valueBoolean": true
            }
          ],
          "strength": "extensible",
          "description": "A human language.",
          "valueSetReference": {
            "reference": "http://hl7.org/fhir/ValueSet/languages"
          }
        }
      },
      {
        "id": "Procedure:cimi-procedure-LaboratoryProcedurePerformedStatement.text",
        "path": "Procedure.text",
        "short": "Text summary of the resource, for human interpretation",
        "definition": "A human-readable narrative that contains a summary of the resource, and may be used to represent the content of the resource to a human. The narrative need not encode all the structured data, but is required to contain sufficient detail to make it \"clinically safe\" for a human to just read the narrative. Resource definitions may define what content should be represented in the narrative to ensure clinical safety.",
        "comment": "Contained resources do not have narrative. Resources that are not contained SHOULD have a narrative. In some cases, a resource may only have text with little or no additional discrete data (as long as all minOccurs=1 elements are satisfied).  This may be necessary for data from legacy systems where information is captured as a \"text blob\" or where text is additionally entered raw or narrated and encoded in formation is added later.",
        "alias": [
          "narrative",
          "html",
          "xhtml",
          "display"
        ],
        "min": 0,
        "max": "1",
        "base": {
          "path": "DomainResource.text",
          "min": 0,
          "max": "1"
        },
        "type": [
          {
            "code": "Narrative"
          }
        ],
        "condition": [
          "dom-1"
        ],
        "mapping": [
          {
            "identity": "rim",
            "map": "Act.text?"
          }
        ]
      },
      {
        "id": "Procedure:cimi-procedure-LaboratoryProcedurePerformedStatement.contained",
        "path": "Procedure.contained",
        "short": "Contained, inline Resources",
        "definition": "These resources do not have an independent existence apart from the resource that contains them - they cannot be identified independently, and nor can they have their own independent transaction scope.",
        "comment": "This should never be done when the content can be identified properly, as once identification is lost, it is extremely difficult (and context dependent) to restore it again.",
        "alias": [
          "inline resources",
          "anonymous resources",
          "contained resources"
        ],
        "min": 0,
        "max": "*",
        "base": {
          "path": "DomainResource.contained",
          "min": 0,
          "max": "*"
        },
        "type": [
          {
            "code": "Resource"
          }
        ],
        "mapping": [
          {
            "identity": "rim",
            "map": "N/A"
          }
        ]
      },
      {
        "id": "Procedure:cimi-procedure-LaboratoryProcedurePerformedStatement.extension",
        "path": "Procedure.extension",
        "slicing": {
          "id": "2",
          "discriminator": [
            {
              "type": "value",
              "path": "url"
            }
          ],
          "ordered": false,
          "rules": "open"
        },
        "short": "Additional Content defined by implementations",
        "definition": "May be used to represent additional information that is not part of the basic definition of the resource. In order to make the use of extensions safe and manageable, there is a strict set of governance  applied to the definition and use of extensions. Though any implementer is allowed to define an extension, there is a set of requirements that SHALL be met as part of the definition of the extension.",
        "comment": "There can be no stigma associated with the use of extensions by any application, project, or standard - regardless of the institution or jurisdiction that uses or defines the extensions.  The use of extensions is what allows the FHIR specification to retain a core level of simplicity for everyone.",
        "alias": [
          "extensions",
          "user content"
        ],
        "min": 0,
        "max": "*",
        "base": {
          "path": "DomainResource.extension",
          "min": 0,
          "max": "*"
        },
        "type": [
          {
            "code": "Extension"
          }
        ],
        "mapping": [
          {
            "identity": "rim",
            "map": "N/A"
          }
        ]
      },
      {
        "id": "Procedure:cimi-procedure-LaboratoryProcedurePerformedStatement.extension:sourceofinformation",
        "path": "Procedure.extension",
        "sliceName": "sourceofinformation",
        "definition": "The person or entity that provided the information in the entry, e.g. the subject (patient), medical professional, family member, device or software program, as distinct from who recorded the entry.",
        "min": 0,
        "max": "1",
        "type": [
          {
            "code": "Extension",
            "profile": "http://standardhealthrecord.org/fhir/StructureDefinition/cimi-core-SourceOfInformation-extension"
          }
        ]
      },
      {
        "id": "Procedure:cimi-procedure-LaboratoryProcedurePerformedStatement.extension:annotation",
        "path": "Procedure.extension",
        "sliceName": "annotation",
        "definition": "An added or follow-up note, often after the fact, that contains metadata about who made the statement and when.",
        "min": 0,
        "max": "*",
        "type": [
          {
            "code": "Extension",
            "profile": "http://standardhealthrecord.org/fhir/StructureDefinition/cimi-element-Annotation-extension"
          }
        ]
      },
      {
        "id": "Procedure:cimi-procedure-LaboratoryProcedurePerformedStatement.extension:recordstatus",
        "path": "Procedure.extension",
        "sliceName": "recordstatus",
        "definition": "Concept indicating the state of this record, e.g., 'entered in error'.",
        "min": 0,
        "max": "1",
        "type": [
          {
            "code": "Extension",
            "profile": "http://standardhealthrecord.org/fhir/StructureDefinition/cimi-core-RecordStatus-extension"
          }
        ]
      },
      {
        "id": "Procedure:cimi-procedure-LaboratoryProcedurePerformedStatement.extension:recorded",
        "path": "Procedure.extension",
        "sliceName": "recorded",
        "definition": "The person who entered the order on behalf of another individual for example in the case of a verbal or a telephone order.",
        "min": 0,
        "max": "1",
        "type": [
          {
            "code": "Extension",
            "profile": "http://standardhealthrecord.org/fhir/StructureDefinition/cimi-core-Recorded-extension"
          }
        ]
      },
      {
        "id": "Procedure:cimi-procedure-LaboratoryProcedurePerformedStatement.extension:signed",
        "path": "Procedure.extension",
        "sliceName": "signed",
        "definition": "Provenance information specific to the signing of the clinical statement.",
        "min": 0,
        "max": "1",
        "type": [
          {
            "code": "Extension",
            "profile": "http://standardhealthrecord.org/fhir/StructureDefinition/cimi-core-Signed-extension"
          }
        ]
      },
      {
        "id": "Procedure:cimi-procedure-LaboratoryProcedurePerformedStatement.extension:cosigned",
        "path": "Procedure.extension",
        "sliceName": "cosigned",
        "definition": "Provenance information specific to the cosigning of the clinical statement.",
        "min": 0,
        "max": "*",
        "type": [
          {
            "code": "Extension",
            "profile": "http://standardhealthrecord.org/fhir/StructureDefinition/cimi-core-Cosigned-extension"
          }
        ]
      },
      {
        "id": "Procedure:cimi-procedure-LaboratoryProcedurePerformedStatement.extension:verified",
        "path": "Procedure.extension",
        "sliceName": "verified",
        "definition": "Provenance information specific to the verification process associated with this statement (e.g., verifier, when verified, etc.)",
        "min": 0,
        "max": "*",
        "type": [
          {
            "code": "Extension",
            "profile": "http://standardhealthrecord.org/fhir/StructureDefinition/cimi-core-Verified-extension"
          }
        ]
      },
      {
        "id": "Procedure:cimi-procedure-LaboratoryProcedurePerformedStatement.modifierExtension",
        "path": "Procedure.modifierExtension",
        "short": "Extensions that cannot be ignored",
        "definition": "May be used to represent additional information that is not part of the basic definition of the resource, and that modifies the understanding of the element that contains it. Usually modifier elements provide negation or qualification. In order to make the use of extensions safe and manageable, there is a strict set of governance applied to the definition and use of extensions. Though any implementer is allowed to define an extension, there is a set of requirements that SHALL be met as part of the definition of the extension. Applications processing a resource are required to check for modifier extensions.",
        "comment": "There can be no stigma associated with the use of extensions by any application, project, or standard - regardless of the institution or jurisdiction that uses or defines the extensions.  The use of extensions is what allows the FHIR specification to retain a core level of simplicity for everyone.",
        "alias": [
          "extensions",
          "user content"
        ],
        "min": 0,
        "max": "*",
        "base": {
          "path": "DomainResource.modifierExtension",
          "min": 0,
          "max": "*"
        },
        "type": [
          {
            "code": "Extension"
          }
        ],
        "isModifier": true,
        "mapping": [
          {
            "identity": "rim",
            "map": "N/A"
          }
        ]
      },
      {
        "id": "Procedure:cimi-procedure-LaboratoryProcedurePerformedStatement.identifier",
        "path": "Procedure.identifier",
        "short": "External Identifiers for this procedure",
        "definition": "This records identifiers associated with this procedure that are defined by business processes and/or used to refer to it when a direct URL reference to the resource itself is not appropriate (e.g. in CDA documents, or in written / printed documentation).",
        "requirements": "Need to allow connection to a wider workflow.",
        "min": 0,
        "max": "*",
        "base": {
          "path": "Procedure.identifier",
          "min": 0,
          "max": "*"
        },
        "type": [
          {
            "code": "Identifier"
          }
        ],
        "isSummary": true,
        "mapping": [
          {
            "identity": "v2",
            "map": "Some combination of ORC-2 / ORC-3 / OBR-2 / OBR-3 / IPC-1 / IPC-2 / IPC-3 / IPC-4"
          },
          {
            "identity": "rim",
            "map": ".id"
          },
          {
            "identity": "w5",
            "map": "id"
          }
        ]
      },
      {
        "id": "Procedure:cimi-procedure-LaboratoryProcedurePerformedStatement.definition",
        "path": "Procedure.definition",
        "short": "Instantiates protocol or definition",
        "definition": "A protocol, guideline, orderset or other definition that was adhered to in whole or in part by this procedure.",
        "min": 0,
        "max": "*",
        "base": {
          "path": "Procedure.definition",
          "min": 0,
          "max": "*"
        },
        "type": [
          {
            "code": "Reference",
            "targetProfile": "http://hl7.org/fhir/StructureDefinition/PlanDefinition"
          },
          {
            "code": "Reference",
            "targetProfile": "http://hl7.org/fhir/StructureDefinition/ActivityDefinition"
          },
          {
            "code": "Reference",
            "targetProfile": "http://hl7.org/fhir/StructureDefinition/HealthcareService"
          }
        ],
        "isSummary": true,
        "mapping": [
          {
            "identity": "rim",
            "map": ".outboundRelationship[typeCode=DEFN].target"
          }
        ]
      },
      {
        "id": "Procedure:cimi-procedure-LaboratoryProcedurePerformedStatement.basedOn",
        "path": "Procedure.basedOn",
        "short": "A request for this procedure",
        "definition": "A reference to a resource that contains details of the request for this procedure.",
        "alias": [
          "fulfills"
        ],
        "min": 0,
        "max": "*",
        "base": {
          "path": "Procedure.basedOn",
          "min": 0,
          "max": "*"
        },
        "type": [
          {
            "code": "Reference",
            "targetProfile": "http://standardhealthrecord.org/fhir/StructureDefinition/cimi-procedure-ProcedureRequestedStatement"
          }
        ],
        "isSummary": true,
        "mapping": [
          {
            "identity": "rim",
            "map": ".outboundRelationship[typeCode=FLFS].target[classCode=(various e.g. PROC, OBS, PCPR, ACT,  moodCode=RQO].code"
          }
        ]
      },
      {
        "id": "Procedure:cimi-procedure-LaboratoryProcedurePerformedStatement.partOf",
        "path": "Procedure.partOf",
        "short": "Part of referenced event",
        "definition": "A larger event of which this particular procedure is a component or step.",
        "comment": "The MedicationAdministration has a partOf reference to Procedure, but this is not a circular reference.  For a surgical procedure, the anesthesia related medicationAdministration is part of the procedure.  For an IV medication administration,  the procedure to insert the IV port is part of the medication administration.",
        "alias": [
          "container"
        ],
        "min": 0,
        "max": "1",
        "base": {
          "path": "Procedure.partOf",
          "min": 0,
          "max": "*"
        },
        "type": [
          {
            "code": "Reference",
            "targetProfile": "http://standardhealthrecord.org/fhir/StructureDefinition/cimi-procedure-ProcedurePerformedStatement"
          }
        ],
        "isSummary": true,
        "mapping": [
          {
            "identity": "rim",
            "map": ".inboundRelationship[typeCode=COMP].source[classCode=SBADM or PROC or OBS, moodCode=EVN]"
          }
        ]
      },
      {
        "id": "Procedure:cimi-procedure-LaboratoryProcedurePerformedStatement.status",
        "path": "Procedure.status",
        "short": "preparation | in-progress | suspended | aborted | completed | entered-in-error | unknown",
        "definition": "A code specifying the state of the procedure. Generally this will be in-progress or completed state.",
        "comment": "The unknown code is not to be used to convey other statuses.  The unknown code should be used when one of the statuses applies, but the authoring system doesn't know the current state of the procedure.\n\nThis element is labeled as a modifier because the status contains codes that mark the resource as not currently valid.",
        "min": 1,
        "max": "1",
        "base": {
          "path": "Procedure.status",
          "min": 1,
          "max": "1"
        },
        "type": [
          {
            "code": "code"
          }
        ],
        "mustSupport": true,
        "isModifier": true,
        "isSummary": true,
        "binding": {
          "strength": "required",
          "valueSetReference": {
            "reference": "http://hl7.org/fhir/ValueSet/event-status"
          }
        },
        "mapping": [
          {
            "identity": "rim",
            "map": "statusCode"
          },
          {
            "identity": "w5",
            "map": "status"
          },
          {
            "identity": "argonaut-dq-dstu2",
            "map": "Procedure.status"
          }
        ]
      },
      {
        "id": "Procedure:cimi-procedure-LaboratoryProcedurePerformedStatement.notDone",
        "path": "Procedure.notDone",
        "short": "True if procedure was not performed as scheduled",
        "definition": "Set this to true if the record is saying that the procedure was NOT performed.",
        "comment": "If true, it means the procedure did not occur as described.  Typically it would be accompanied by attributes describing the type of activity.  It might also be accompanied by body site information or time information (i.e. no procedure was done to the left arm or no procedure was done in this 2-year period).  Specifying additional information such as performer, outcome, etc. is generally inappropriate.  For example, it's not that useful to say \"There was no appendectomy done at 12:03pm June 6th by Dr. Smith with a successful outcome\" as it implies that there *could* have been an appendectomy done at any other time, by any other clinician or with any other outcome.\n\nThis element is labeled as a modifier because it indicates that a procedure didn't happen.",
        "min": 0,
        "max": "0",
        "base": {
          "path": "Procedure.notDone",
          "min": 0,
          "max": "1"
        },
        "type": [
          {
            "code": "boolean"
          }
        ],
        "defaultValueBoolean": false,
        "isModifier": true,
        "isSummary": true,
        "mapping": [
          {
            "identity": "rim",
            "map": ".actionNegationInd"
          }
        ]
      },
      {
        "id": "Procedure:cimi-procedure-LaboratoryProcedurePerformedStatement.notDoneReason",
        "path": "Procedure.notDoneReason",
        "short": "Reason procedure was not performed",
        "definition": "A code indicating why the procedure was not performed.",
        "min": 0,
        "max": "0",
        "base": {
          "path": "Procedure.notDoneReason",
          "min": 0,
          "max": "1"
        },
        "type": [
          {
            "code": "CodeableConcept"
          }
        ],
        "condition": [
          "pro-1"
        ],
        "isSummary": true,
        "binding": {
          "extension": [
            {
              "url": "http://hl7.org/fhir/StructureDefinition/elementdefinition-bindingName",
              "valueString": "ProcedureNegationReason"
            }
          ],
          "strength": "example",
          "description": "A code that identifies the reason a procedure was not performed.",
          "valueSetReference": {
            "reference": "http://hl7.org/fhir/ValueSet/procedure-not-performed-reason"
          }
        },
        "mapping": [
          {
            "identity": "rim",
            "map": ".reason.Observation.value"
          }
        ]
      },
      {
        "id": "Procedure:cimi-procedure-LaboratoryProcedurePerformedStatement.category",
        "path": "Procedure.category",
        "short": "Classification of the procedure",
        "definition": "A code that classifies the procedure for searching, sorting and display purposes (e.g. \"Surgical Procedure\").",
        "min": 0,
        "max": "1",
        "base": {
          "path": "Procedure.category",
          "min": 0,
          "max": "1"
        },
        "type": [
          {
            "code": "CodeableConcept",
            "profile": "http://standardhealthrecord.org/fhir/StructureDefinition/shr-core-CodeableConcept"
          }
        ],
        "isSummary": true,
        "binding": {
          "extension": [
            {
              "url": "http://hl7.org/fhir/StructureDefinition/elementdefinition-bindingName",
              "valueString": "ProcedureCategory"
            }
          ],
          "strength": "example",
          "description": "A code that classifies a procedure for searching, sorting and display purposes.",
          "valueSetReference": {
            "reference": "http://hl7.org/fhir/ValueSet/procedure-category"
          }
        },
        "mapping": [
          {
            "identity": "rim",
            "map": ".outboundRelationship[typeCode=\"COMP].target[classCode=\"LIST\", moodCode=\"EVN\"].code"
          },
          {
            "identity": "w5",
            "map": "class"
          }
        ]
      },
      {
        "id": "Procedure:cimi-procedure-LaboratoryProcedurePerformedStatement.category.id",
        "path": "Procedure.category.id",
        "representation": [
          "xmlAttr"
        ],
        "short": "xml:id (or equivalent in JSON)",
        "definition": "unique id for the element within a resource (for internal references). This may be any string value that does not contain spaces.",
        "min": 0,
        "max": "1",
        "base": {
          "path": "Element.id",
          "min": 0,
          "max": "1"
        },
        "type": [
          {
            "code": "string"
          }
        ],
        "mapping": [
          {
            "identity": "rim",
            "map": "n/a"
          }
        ]
      },
      {
        "id": "Procedure:cimi-procedure-LaboratoryProcedurePerformedStatement.category.extension",
        "path": "Procedure.category.extension",
        "slicing": {
          "discriminator": [
            {
              "type": "value",
              "path": "url"
            }
          ],
          "description": "Extensions are always sliced by (at least) url",
          "rules": "open"
        },
        "short": "Additional Content defined by implementations",
        "definition": "May be used to represent additional information that is not part of the basic definition of the element. In order to make the use of extensions safe and manageable, there is a strict set of governance  applied to the definition and use of extensions. Though any implementer is allowed to define an extension, there is a set of requirements that SHALL be met as part of the definition of the extension.",
        "comment": "There can be no stigma associated with the use of extensions by any application, project, or standard - regardless of the institution or jurisdiction that uses or defines the extensions.  The use of extensions is what allows the FHIR specification to retain a core level of simplicity for everyone.",
        "alias": [
          "extensions",
          "user content"
        ],
        "min": 0,
        "max": "*",
        "base": {
          "path": "Element.extension",
          "min": 0,
          "max": "*"
        },
        "type": [
          {
            "code": "Extension"
          }
        ],
        "mapping": [
          {
            "identity": "rim",
            "map": "n/a"
          }
        ]
      },
      {
        "id": "Procedure:cimi-procedure-LaboratoryProcedurePerformedStatement.category.coding",
        "path": "Procedure.category.coding",
        "slicing": {
          "id": "1",
          "discriminator": [
            {
              "type": "value",
              "path": "code"
            }
          ],
          "ordered": false,
          "rules": "open"
        },
        "short": "Code defined by a terminology system",
        "definition": "A reference to a code defined by a terminology system.",
        "comment": "Codes may be defined very casually in enumerations, or code lists, up to very formal definitions such as SNOMED CT - see the HL7 v3 Core Principles for more information.  Ordering of codings is undefined and SHALL NOT be used to infer meaning. Generally, at most only one of the coding values will be labeled as UserSelected = true.",
        "requirements": "Allows for translations and alternate encodings within a code system.  Also supports communication of the same instance to systems requiring different encodings.",
        "min": 0,
        "max": "*",
        "type": [
          {
            "code": "Coding",
            "profile": "http://standardhealthrecord.org/fhir/StructureDefinition/shr-core-Coding"
          }
        ],
        "isSummary": true,
        "mapping": [
          {
            "identity": "v2",
            "map": "C*E.1-8, C*E.10-22"
          },
          {
            "identity": "rim",
            "map": "union(., ./translation)"
          },
          {
            "identity": "orim",
            "map": "fhir:CodeableConcept.coding rdfs:subPropertyOf dt:CD.coding"
          }
        ]
      },
      {
        "id": "Procedure:cimi-procedure-LaboratoryProcedurePerformedStatement.category.coding:Fixed_laboratory",
        "path": "Procedure.category.coding",
        "sliceName": "Fixed_laboratory",
        "definition": "A reference to a code defined by a terminology system.",
        "min": 1,
        "max": "1",
        "type": [
          {
            "code": "Coding",
            "profile": "http://standardhealthrecord.org/fhir/StructureDefinition/shr-core-Coding"
          }
        ],
        "isSummary": true
      },
      {
        "id": "Procedure:cimi-procedure-LaboratoryProcedurePerformedStatement.category.coding:Fixed_laboratory.id",
        "path": "Procedure.category.coding.id",
        "representation": [
          "xmlAttr"
        ],
        "short": "xml:id (or equivalent in JSON)",
        "definition": "unique id for the element within a resource (for internal references). This may be any string value that does not contain spaces.",
        "min": 0,
        "max": "1",
        "base": {
          "path": "Element.id",
          "min": 0,
          "max": "1"
        },
        "type": [
          {
            "code": "string"
          }
        ],
        "mapping": [
          {
            "identity": "rim",
            "map": "n/a"
          }
        ]
      },
      {
        "id": "Procedure:cimi-procedure-LaboratoryProcedurePerformedStatement.category.coding:Fixed_laboratory.extension",
        "path": "Procedure.category.coding.extension",
        "slicing": {
          "discriminator": [
            {
              "type": "value",
              "path": "url"
            }
          ],
          "description": "Extensions are always sliced by (at least) url",
          "rules": "open"
        },
        "short": "Additional Content defined by implementations",
        "definition": "May be used to represent additional information that is not part of the basic definition of the element. In order to make the use of extensions safe and manageable, there is a strict set of governance  applied to the definition and use of extensions. Though any implementer is allowed to define an extension, there is a set of requirements that SHALL be met as part of the definition of the extension.",
        "comment": "There can be no stigma associated with the use of extensions by any application, project, or standard - regardless of the institution or jurisdiction that uses or defines the extensions.  The use of extensions is what allows the FHIR specification to retain a core level of simplicity for everyone.",
        "alias": [
          "extensions",
          "user content"
        ],
        "min": 0,
        "max": "*",
        "base": {
          "path": "Element.extension",
          "min": 0,
          "max": "*"
        },
        "type": [
          {
            "code": "Extension"
          }
        ],
        "mapping": [
          {
            "identity": "rim",
            "map": "n/a"
          }
        ]
      },
      {
        "id": "Procedure:cimi-procedure-LaboratoryProcedurePerformedStatement.category.coding:Fixed_laboratory.system",
        "path": "Procedure.category.coding.system",
        "short": "Identity of the terminology system",
        "definition": "The identification of the code system that defines the meaning of the symbol in the code.",
        "comment": "The URI may be an OID (urn:oid:...) or a UUID (urn:uuid:...).  OIDs and UUIDs SHALL be references to the HL7 OID registry. Otherwise, the URI should come from HL7's list of FHIR defined special URIs or it should de-reference to some definition that establish the system clearly and unambiguously.",
        "requirements": "Need to be unambiguous about the source of the definition of the symbol.",
        "min": 0,
        "max": "1",
        "type": [
          {
            "code": "uri"
          }
        ],
        "fixedUri": "http://hl7.org/fhir/observation-category",
        "isSummary": true,
        "mapping": [
          {
            "identity": "v2",
            "map": "C*E.3"
          },
          {
            "identity": "rim",
            "map": "./codeSystem"
          },
          {
            "identity": "orim",
            "map": "fhir:Coding.system rdfs:subPropertyOf dt:CDCoding.codeSystem"
          }
        ]
      },
      {
        "id": "Procedure:cimi-procedure-LaboratoryProcedurePerformedStatement.category.coding:Fixed_laboratory.version",
        "path": "Procedure.category.coding.version",
        "short": "Version of the system - if relevant",
        "definition": "The version of the code system which was used when choosing this code. Note that a well-maintained code system does not need the version reported, because the meaning of codes is consistent across versions. However this cannot consistently be assured. and when the meaning is not guaranteed to be consistent, the version SHOULD be exchanged.",
        "comment": "Where the terminology does not clearly define what string should be used to identify code system versions, the recommendation is to use the date (expressed in FHIR date format) on which that version was officially published as the version date.",
        "min": 0,
        "max": "1",
        "type": [
          {
            "code": "string"
          }
        ],
        "isSummary": true,
        "mapping": [
          {
            "identity": "v2",
            "map": "C*E.7"
          },
          {
            "identity": "rim",
            "map": "./codeSystemVersion"
          },
          {
            "identity": "orim",
            "map": "fhir:Coding.version rdfs:subPropertyOf dt:CDCoding.codeSystemVersion"
          }
        ]
      },
      {
        "id": "Procedure:cimi-procedure-LaboratoryProcedurePerformedStatement.category.coding:Fixed_laboratory.code",
        "path": "Procedure.category.coding.code",
        "short": "Symbol in syntax defined by the system",
        "definition": "A symbol in syntax defined by the system. The symbol may be a predefined code or an expression in a syntax defined by the coding system (e.g. post-coordination).",
        "requirements": "Need to refer to a particular code in the system.",
        "min": 0,
        "max": "1",
        "type": [
          {
            "code": "code"
          }
        ],
        "fixedCode": "laboratory",
        "isSummary": true,
        "mapping": [
          {
            "identity": "v2",
            "map": "C*E.1"
          },
          {
            "identity": "rim",
            "map": "./code"
          },
          {
            "identity": "orim",
            "map": "fhir:Coding.code rdfs:subPropertyOf dt:CDCoding.code"
          }
        ]
      },
      {
        "id": "Procedure:cimi-procedure-LaboratoryProcedurePerformedStatement.category.coding:Fixed_laboratory.display",
        "extension": [
          {
            "url": "http://hl7.org/fhir/StructureDefinition/elementdefinition-translatable",
            "valueBoolean": true
          }
        ],
        "path": "Procedure.category.coding.display",
        "short": "Representation defined by the system",
        "definition": "A representation of the meaning of the code in the system, following the rules of the system.",
        "requirements": "Need to be able to carry a human-readable meaning of the code for readers that do not know  the system.",
        "min": 0,
        "max": "1",
        "type": [
          {
            "code": "string"
          }
        ],
        "isSummary": true,
        "mapping": [
          {
            "identity": "v2",
            "map": "C*E.2 - but note this is not well followed"
          },
          {
            "identity": "rim",
            "map": "CV.displayName"
          },
          {
            "identity": "orim",
            "map": "fhir:Coding.display rdfs:subPropertyOf dt:CDCoding.displayName"
          }
        ]
      },
      {
        "id": "Procedure:cimi-procedure-LaboratoryProcedurePerformedStatement.category.coding:Fixed_laboratory.userSelected",
        "path": "Procedure.category.coding.userSelected",
        "short": "If this coding was chosen directly by the user",
        "definition": "Indicates that this coding was chosen by a user directly - i.e. off a pick list of available items (codes or displays).",
        "comment": "Amongst a set of alternatives, a directly chosen code is the most appropriate starting point for new translations. There is some ambiguity about what exactly 'directly chosen' implies, and trading partner agreement may be needed to clarify the use of this element and its consequences more completely.",
        "requirements": "This has been identified as a clinical safety criterium - that this exact system/code pair was chosen explicitly, rather than inferred by the system based on some rules or language processing.",
        "min": 0,
        "max": "1",
        "type": [
          {
            "code": "boolean"
          }
        ],
        "isSummary": true,
        "mapping": [
          {
            "identity": "v2",
            "map": "Sometimes implied by being first"
          },
          {
            "identity": "rim",
            "map": "CD.codingRationale"
          },
          {
            "identity": "orim",
            "map": "fhir:Coding.userSelected fhir:mapsTo dt:CDCoding.codingRationale. fhir:Coding.userSelected fhir:hasMap fhir:Coding.userSelected.map. fhir:Coding.userSelected.map a fhir:Map;   fhir:target dt:CDCoding.codingRationale. fhir:Coding.userSelected\\#true a [     fhir:source \"true\";     fhir:target dt:CDCoding.codingRationale\\#O   ]"
          }
        ]
      },
      {
        "id": "Procedure:cimi-procedure-LaboratoryProcedurePerformedStatement.category.text",
        "extension": [
          {
            "url": "http://hl7.org/fhir/StructureDefinition/elementdefinition-translatable",
            "valueBoolean": true
          }
        ],
        "path": "Procedure.category.text",
        "short": "Plain text representation of the concept",
        "definition": "A human language representation of the concept as seen/selected/uttered by the user who entered the data and/or which represents the intended meaning of the user.",
        "comment": "Very often the text is the same as a displayName of one of the codings.",
        "requirements": "The codes from the terminologies do not always capture the correct meaning with all the nuances of the human using them, or sometimes there is no appropriate code at all. In these cases, the text is used to capture the full meaning of the source.",
        "min": 0,
        "max": "1",
        "type": [
          {
            "code": "string"
          }
        ],
        "isSummary": true,
        "mapping": [
          {
            "identity": "v2",
            "map": "C*E.9. But note many systems use C*E.2 for this"
          },
          {
            "identity": "rim",
            "map": "./originalText[mediaType/code=\"text/plain\"]/data"
          },
          {
            "identity": "orim",
            "map": "fhir:CodeableConcept.text rdfs:subPropertyOf dt:CD.originalText"
          }
        ]
      },
      {
        "id": "Procedure:cimi-procedure-LaboratoryProcedurePerformedStatement.code",
        "path": "Procedure.code",
        "short": "SNOMED-CT | ICD-10 | CPT-4",
        "definition": "The specific procedure that is performed. Use text if the exact nature of the procedure cannot be coded (e.g. \"Laparoscopic Appendectomy\").",
        "requirements": "0..1 to account for primarily narrative only resources.",
        "alias": [
          "type"
        ],
        "min": 1,
        "max": "1",
        "base": {
          "path": "Procedure.code",
          "min": 0,
          "max": "1"
        },
        "type": [
          {
            "code": "CodeableConcept",
            "profile": "http://standardhealthrecord.org/fhir/StructureDefinition/shr-core-CodeableConcept"
          }
        ],
        "mustSupport": true,
        "isSummary": true,
        "binding": {
          "strength": "required",
          "valueSetReference": {
            "reference": "http://hl7.org/fhir/ValueSet/observation-codes"
          }
        },
        "mapping": [
          {
            "identity": "v2",
            "map": "OBR-44/OBR-45"
          },
          {
            "identity": "rim",
            "map": ".code"
          },
          {
            "identity": "w5",
            "map": "what"
          },
          {
            "identity": "argonaut-dq-dstu2",
            "map": "Procedure.code"
          }
        ]
      },
      {
        "id": "Procedure:cimi-procedure-LaboratoryProcedurePerformedStatement.subject",
        "path": "Procedure.subject",
        "short": "Who the procedure was performed on",
        "definition": "The person, animal or group on which the procedure was performed.",
        "alias": [
          "patient"
        ],
        "min": 1,
        "max": "1",
        "base": {
          "path": "Procedure.subject",
          "min": 1,
          "max": "1"
        },
        "type": [
          {
            "code": "Reference",
            "targetProfile": "http://standardhealthrecord.org/fhir/StructureDefinition/cimi-entity-Patient"
          }
        ],
        "mustSupport": true,
        "isSummary": true,
        "mapping": [
          {
            "identity": "v2",
            "map": "PID-3"
          },
          {
            "identity": "rim",
            "map": ".participation[typeCode=SBJ].role"
          },
          {
            "identity": "w5",
            "map": "who.focus"
          },
          {
            "identity": "argonaut-dq-dstu2",
            "map": "Procedure.subject"
          }
        ]
      },
      {
        "id": "Procedure:cimi-procedure-LaboratoryProcedurePerformedStatement.context",
        "path": "Procedure.context",
        "short": "Encounter or episode associated with the procedure",
        "definition": "The encounter during which the procedure was performed.",
        "alias": [
          "encounter"
        ],
        "min": 0,
        "max": "1",
        "base": {
          "path": "Procedure.context",
          "min": 0,
          "max": "1"
        },
        "type": [
          {
            "code": "Reference",
            "targetProfile": "http://standardhealthrecord.org/fhir/StructureDefinition/cimi-encounter-Encounter"
          }
        ],
        "isSummary": true,
        "mapping": [
          {
            "identity": "v2",
            "map": "PV1-19"
          },
          {
            "identity": "rim",
            "map": ".inboundRelationship[typeCode=COMP].source[classCode=ENC, moodCode=EVN]"
          },
          {
            "identity": "w5",
            "map": "context"
          }
        ]
      },
      {
        "id": "Procedure:cimi-procedure-LaboratoryProcedurePerformedStatement.performed[x]",
        "path": "Procedure.performed[x]",
        "short": "Date/Period the procedure was performed",
        "definition": "The date(time)/period over which the procedure was performed. Allows a period to support complex procedures that span more than one date, and also allows for the length of the procedure to be captured.",
        "min": 1,
        "max": "1",
        "base": {
          "path": "Procedure.performed[x]",
          "min": 0,
          "max": "1"
        },
        "type": [
          {
            "code": "dateTime"
          },
          {
            "code": "Period"
          }
        ],
        "mustSupport": true,
        "isSummary": true,
        "mapping": [
          {
            "identity": "v2",
            "map": "OBR-7"
          },
          {
            "identity": "rim",
            "map": ".effectiveTime"
          },
          {
            "identity": "w5",
            "map": "when.done"
          },
          {
            "identity": "argonaut-dq-dstu2",
            "map": "Procedure.performed[x]"
          }
        ]
      },
      {
        "id": "Procedure:cimi-procedure-LaboratoryProcedurePerformedStatement.performer",
        "path": "Procedure.performer",
        "short": "The people who performed the procedure",
        "definition": "Limited to 'real' people rather than equipment.",
        "min": 0,
        "max": "*",
        "base": {
          "path": "Procedure.performer",
          "min": 0,
          "max": "*"
        },
        "type": [
          {
            "code": "BackboneElement"
          }
        ],
        "constraint": [
          {
            "key": "ele-1",
            "severity": "error",
            "human": "All FHIR elements must have a @value or children",
            "expression": "hasValue() | (children().count() > id.count())",
            "xpath": "@value|f:*|h:div",
            "source": "Element"
          }
        ],
        "isSummary": true,
        "mapping": [
          {
            "identity": "rim",
            "map": ".participation[typeCode=PRF]"
          }
        ]
      },
      {
        "id": "Procedure:cimi-procedure-LaboratoryProcedurePerformedStatement.performer.id",
        "path": "Procedure.performer.id",
        "representation": [
          "xmlAttr"
        ],
        "short": "xml:id (or equivalent in JSON)",
        "definition": "unique id for the element within a resource (for internal references). This may be any string value that does not contain spaces.",
        "min": 0,
        "max": "1",
        "base": {
          "path": "Element.id",
          "min": 0,
          "max": "1"
        },
        "type": [
          {
            "code": "string"
          }
        ],
        "mapping": [
          {
            "identity": "rim",
            "map": "n/a"
          }
        ]
      },
      {
        "id": "Procedure:cimi-procedure-LaboratoryProcedurePerformedStatement.performer.extension",
        "path": "Procedure.performer.extension",
        "short": "Additional Content defined by implementations",
        "definition": "May be used to represent additional information that is not part of the basic definition of the element. In order to make the use of extensions safe and manageable, there is a strict set of governance  applied to the definition and use of extensions. Though any implementer is allowed to define an extension, there is a set of requirements that SHALL be met as part of the definition of the extension.",
        "comment": "There can be no stigma associated with the use of extensions by any application, project, or standard - regardless of the institution or jurisdiction that uses or defines the extensions.  The use of extensions is what allows the FHIR specification to retain a core level of simplicity for everyone.",
        "alias": [
          "extensions",
          "user content"
        ],
        "min": 0,
        "max": "*",
        "base": {
          "path": "Element.extension",
          "min": 0,
          "max": "*"
        },
        "type": [
          {
            "code": "Extension"
          }
        ],
        "mapping": [
          {
            "identity": "rim",
            "map": "n/a"
          }
        ]
      },
      {
        "id": "Procedure:cimi-procedure-LaboratoryProcedurePerformedStatement.performer.modifierExtension",
        "path": "Procedure.performer.modifierExtension",
        "short": "Extensions that cannot be ignored",
        "definition": "May be used to represent additional information that is not part of the basic definition of the element, and that modifies the understanding of the element that contains it. Usually modifier elements provide negation or qualification. In order to make the use of extensions safe and manageable, there is a strict set of governance applied to the definition and use of extensions. Though any implementer is allowed to define an extension, there is a set of requirements that SHALL be met as part of the definition of the extension. Applications processing a resource are required to check for modifier extensions.",
        "comment": "There can be no stigma associated with the use of extensions by any application, project, or standard - regardless of the institution or jurisdiction that uses or defines the extensions.  The use of extensions is what allows the FHIR specification to retain a core level of simplicity for everyone.",
        "alias": [
          "extensions",
          "user content",
          "modifiers"
        ],
        "min": 0,
        "max": "*",
        "base": {
          "path": "BackboneElement.modifierExtension",
          "min": 0,
          "max": "*"
        },
        "type": [
          {
            "code": "Extension"
          }
        ],
        "isModifier": true,
        "isSummary": true,
        "mapping": [
          {
            "identity": "rim",
            "map": "N/A"
          }
        ]
      },
      {
        "id": "Procedure:cimi-procedure-LaboratoryProcedurePerformedStatement.performer.role",
        "path": "Procedure.performer.role",
        "short": "The role the actor was in",
        "definition": "For example: surgeon, anaethetist, endoscopist.",
        "min": 0,
        "max": "1",
        "base": {
          "path": "Procedure.performer.role",
          "min": 0,
          "max": "1"
        },
        "type": [
          {
            "code": "CodeableConcept",
            "profile": "http://standardhealthrecord.org/fhir/StructureDefinition/shr-core-CodeableConcept"
          }
        ],
        "isSummary": true,
        "binding": {
          "strength": "required",
          "valueSetReference": {
            "reference": "http://hl7.org/fhir/ValueSet/v3-ParticipationType"
          }
        },
        "mapping": [
          {
            "identity": "v2",
            "map": "Some combination of STF-18 / PRA-3 / PRT-4 / ROL-3 / ORC-12 / OBR-16 / PV1-7 / PV1-8 / PV1-9 / PV1-17 / OBX-25"
          },
          {
            "identity": "rim",
            "map": ".functionCode"
          }
        ]
      },
      {
        "id": "Procedure:cimi-procedure-LaboratoryProcedurePerformedStatement.performer.actor",
        "path": "Procedure.performer.actor",
        "short": "The reference to the practitioner",
        "definition": "The practitioner who was involved in the procedure.",
        "requirements": "A reference to Device supports use cases, such as pacemakers.",
        "min": 1,
        "max": "1",
        "base": {
          "path": "Procedure.performer.actor",
          "min": 1,
          "max": "1"
        },
        "type": [
          {
            "code": "Reference",
            "targetProfile": "http://standardhealthrecord.org/fhir/StructureDefinition/cimi-entity-Practitioner"
          },
          {
            "code": "Reference",
            "targetProfile": "http://standardhealthrecord.org/fhir/StructureDefinition/cimi-entity-Organization"
          },
          {
            "code": "Reference",
            "targetProfile": "http://standardhealthrecord.org/fhir/StructureDefinition/cimi-entity-Patient"
          },
          {
            "code": "Reference",
            "targetProfile": "http://standardhealthrecord.org/fhir/StructureDefinition/cimi-entity-RelatedPerson"
          },
          {
            "code": "Reference",
            "targetProfile": "http://standardhealthrecord.org/fhir/StructureDefinition/cimi-entity-Device"
          }
        ],
        "isSummary": true,
        "mapping": [
          {
            "identity": "v2",
            "map": "ORC-19/PRT-5"
          },
          {
            "identity": "rim",
            "map": ".role"
          },
          {
            "identity": "w5",
            "map": "who.actor"
          }
        ]
      },
      {
        "id": "Procedure:cimi-procedure-LaboratoryProcedurePerformedStatement.performer.onBehalfOf",
        "path": "Procedure.performer.onBehalfOf",
        "short": "Organization the device or practitioner was acting for",
        "definition": "The organization the device or practitioner was acting on behalf of.",
        "requirements": "Practitioners and Devices can be associated with multiple organizations.  This element indicates which organization they were acting on behalf of when performing the action.",
        "min": 0,
        "max": "1",
        "base": {
          "path": "Procedure.performer.onBehalfOf",
          "min": 0,
          "max": "1"
        },
        "type": [
          {
            "code": "Reference",
            "targetProfile": "http://standardhealthrecord.org/fhir/StructureDefinition/cimi-entity-Organization"
          }
        ],
        "mapping": [
          {
            "identity": "rim",
            "map": ".scoper"
          }
        ]
      },
      {
        "id": "Procedure:cimi-procedure-LaboratoryProcedurePerformedStatement.location",
        "path": "Procedure.location",
        "short": "Where the procedure happened",
        "definition": "The location where the procedure actually happened.  E.g. a newborn at home, a tracheostomy at a restaurant.",
        "requirements": "Ties a procedure to where the records are likely kept.",
        "min": 0,
        "max": "1",
        "base": {
          "path": "Procedure.location",
          "min": 0,
          "max": "1"
        },
        "type": [
          {
            "code": "Reference",
            "targetProfile": "http://standardhealthrecord.org/fhir/StructureDefinition/cimi-entity-Facility"
          }
        ],
        "isSummary": true,
        "mapping": [
          {
            "identity": "rim",
            "map": ".participation[typeCode=LOC].role[classCode=SDLOC]"
          },
          {
            "identity": "w5",
            "map": "where"
          }
        ]
      },
      {
        "id": "Procedure:cimi-procedure-LaboratoryProcedurePerformedStatement.reasonCode",
        "path": "Procedure.reasonCode",
        "short": "Coded reason procedure performed",
        "definition": "The coded reason why the procedure was performed. This may be coded entity of some type, or may simply be present as text.",
        "min": 0,
        "max": "*",
        "base": {
          "path": "Procedure.reasonCode",
          "min": 0,
          "max": "*"
        },
        "type": [
          {
            "code": "CodeableConcept",
            "profile": "http://standardhealthrecord.org/fhir/StructureDefinition/shr-core-CodeableConcept"
          }
        ],
        "isSummary": true,
        "binding": {
          "extension": [
            {
              "url": "http://hl7.org/fhir/StructureDefinition/elementdefinition-bindingName",
              "valueString": "ProcedureReason"
            }
          ],
          "strength": "example",
          "description": "A code that identifies the reason a procedure is  required.",
          "valueSetReference": {
            "reference": "http://hl7.org/fhir/ValueSet/procedure-reason"
          }
        },
        "mapping": [
          {
            "identity": "rim",
            "map": ".reasonCode"
          },
          {
            "identity": "w5",
            "map": "why"
          }
        ]
      },
      {
        "id": "Procedure:cimi-procedure-LaboratoryProcedurePerformedStatement.reasonReference",
        "path": "Procedure.reasonReference",
        "short": "Condition that is the reason the procedure performed",
        "definition": "The condition that is the reason why the procedure was performed.",
        "comment": "e.g. endoscopy for dilatation and biopsy, combination diagnosis and therapeutic.",
        "min": 0,
        "max": "*",
        "base": {
          "path": "Procedure.reasonReference",
          "min": 0,
          "max": "*"
        },
        "type": [
          {
            "code": "Reference",
            "targetProfile": "http://hl7.org/fhir/StructureDefinition/Condition"
          },
          {
            "code": "Reference",
            "targetProfile": "http://hl7.org/fhir/StructureDefinition/Observation"
          }
        ],
        "isSummary": true,
        "mapping": [
          {
            "identity": "rim",
            "map": ".reasonCode"
          },
          {
            "identity": "w5",
            "map": "why"
          }
        ]
      },
      {
        "id": "Procedure:cimi-procedure-LaboratoryProcedurePerformedStatement.bodySite",
        "path": "Procedure.bodySite",
        "short": "Target body sites",
        "definition": "Detailed and structured anatomical location information. Multiple locations are allowed - e.g. multiple punch biopsies of a lesion.",
        "min": 0,
        "max": "*",
        "base": {
          "path": "Procedure.bodySite",
          "min": 0,
          "max": "*"
        },
        "type": [
          {
            "code": "CodeableConcept",
            "profile": "http://standardhealthrecord.org/fhir/StructureDefinition/shr-core-CodeableConcept"
          }
        ],
        "isSummary": true,
        "binding": {
          "strength": "required",
          "valueSetReference": {
            "reference": "http://standardhealthrecord.org/cimi/element/vs/AnatomicalLocationVS"
          }
        },
        "mapping": [
          {
            "identity": "v2",
            "map": "OBX-20"
          },
          {
            "identity": "rim",
            "map": ".targetSiteCode"
          }
        ]
      },
      {
        "id": "Procedure:cimi-procedure-LaboratoryProcedurePerformedStatement.outcome",
        "path": "Procedure.outcome",
        "short": "The result of procedure",
        "definition": "The outcome of the procedure - did it resolve reasons for the procedure being performed?",
        "comment": "If outcome contains narrative text only, it can be captured using the CodeableConcept.text.",
        "min": 0,
        "max": "1",
        "base": {
          "path": "Procedure.outcome",
          "min": 0,
          "max": "1"
        },
        "type": [
          {
            "code": "CodeableConcept",
            "profile": "http://standardhealthrecord.org/fhir/StructureDefinition/shr-core-CodeableConcept"
          }
        ],
        "isSummary": true,
        "binding": {
          "extension": [
            {
              "url": "http://hl7.org/fhir/StructureDefinition/elementdefinition-bindingName",
              "valueString": "ProcedureOutcome"
            }
          ],
          "strength": "example",
          "description": "An outcome of a procedure - whether it was resolved or otherwise.",
          "valueSetReference": {
            "reference": "http://hl7.org/fhir/ValueSet/procedure-outcome"
          }
        },
        "mapping": [
          {
            "identity": "rim",
            "map": ".outboundRelationship[typeCode=OUT].target.text"
          }
        ]
      },
      {
        "id": "Procedure:cimi-procedure-LaboratoryProcedurePerformedStatement.report",
        "path": "Procedure.report",
        "short": "Any report resulting from the procedure",
        "definition": "This could be a histology result, pathology report, surgical report, etc..",
        "comment": "There could potentially be multiple reports - e.g. if this was a procedure which took multiple biopsies resulting in a number of anatomical pathology reports.",
        "min": 0,
        "max": "*",
        "base": {
          "path": "Procedure.report",
          "min": 0,
          "max": "*"
        },
        "type": [
          {
            "code": "Reference",
            "targetProfile": "http://hl7.org/fhir/StructureDefinition/DiagnosticReport"
          }
        ],
        "mapping": [
          {
            "identity": "rim",
            "map": ".inboundRelationship[typeCode=SUBJ].source[classCode=OBS, moodCode=EVN]"
          }
        ]
      },
      {
        "id": "Procedure:cimi-procedure-LaboratoryProcedurePerformedStatement.complication",
        "path": "Procedure.complication",
        "short": "Complication following the procedure",
        "definition": "Any complications that occurred during the procedure, or in the immediate post-performance period. These are generally tracked separately from the notes, which will typically describe the procedure itself rather than any 'post procedure' issues.",
        "comment": "If complications are only expressed by the narrative text, they can be captured using the CodeableConcept.text.",
        "min": 0,
        "max": "*",
        "base": {
          "path": "Procedure.complication",
          "min": 0,
          "max": "*"
        },
        "type": [
          {
            "code": "CodeableConcept"
          }
        ],
        "binding": {
          "extension": [
            {
              "url": "http://hl7.org/fhir/StructureDefinition/elementdefinition-bindingName",
              "valueString": "ProcedureComplication"
            }
          ],
          "strength": "example",
          "description": "Codes describing complications that resulted from a procedure.",
          "valueSetReference": {
            "reference": "http://hl7.org/fhir/ValueSet/condition-code"
          }
        },
        "mapping": [
          {
            "identity": "rim",
            "map": ".outboundRelationship[typeCode=OUTC].target[classCode=OBS, code=\"complication\", moodCode=EVN].value"
          }
        ]
      },
      {
        "id": "Procedure:cimi-procedure-LaboratoryProcedurePerformedStatement.complicationDetail",
        "path": "Procedure.complicationDetail",
        "short": "A condition that is a result of the procedure",
        "definition": "Any complications that occurred during the procedure, or in the immediate post-performance period.",
        "requirements": "This is used to document a condition that is a result of the procedure, not the condition that was the reason for the procedure.",
        "min": 0,
        "max": "*",
        "base": {
          "path": "Procedure.complicationDetail",
          "min": 0,
          "max": "*"
        },
        "type": [
          {
            "code": "Reference",
            "targetProfile": "http://hl7.org/fhir/StructureDefinition/Condition"
          }
        ],
        "mapping": [
          {
            "identity": "rim",
            "map": ".outboundRelationship[typeCode=OUTC].target[classCode=OBS, code=\"complication\", moodCode=EVN].value"
          }
        ]
      },
      {
        "id": "Procedure:cimi-procedure-LaboratoryProcedurePerformedStatement.followUp",
        "path": "Procedure.followUp",
        "short": "Instructions for follow up",
        "definition": "If the procedure required specific follow up - e.g. removal of sutures. The followup may be represented as a simple note, or could potentially be more complex in which case the CarePlan resource can be used.",
        "min": 0,
        "max": "*",
        "base": {
          "path": "Procedure.followUp",
          "min": 0,
          "max": "*"
        },
        "type": [
          {
            "code": "CodeableConcept"
          }
        ],
        "binding": {
          "extension": [
            {
              "url": "http://hl7.org/fhir/StructureDefinition/elementdefinition-bindingName",
              "valueString": "ProcedureFollowUp"
            }
          ],
          "strength": "example",
          "description": "Specific follow up required for a procedure e.g. removal of sutures.",
          "valueSetReference": {
            "reference": "http://hl7.org/fhir/ValueSet/procedure-followup"
          }
        },
        "mapping": [
          {
            "identity": "rim",
            "map": ".outboundRelationship[typeCode=COMP].target[classCode=ACT, moodCode=INT].code"
          }
        ]
      },
      {
        "id": "Procedure:cimi-procedure-LaboratoryProcedurePerformedStatement.note",
        "path": "Procedure.note",
        "short": "Additional information about the procedure",
        "definition": "Any other notes about the procedure.  E.g. the operative notes.",
        "min": 0,
        "max": "*",
        "base": {
          "path": "Procedure.note",
          "min": 0,
          "max": "*"
        },
        "type": [
          {
            "code": "Annotation",
            "profile": "http://standardhealthrecord.org/fhir/StructureDefinition/cimi-element-Annotation"
          }
        ],
        "mapping": [
          {
            "identity": "v2",
            "map": "NTE"
          },
          {
            "identity": "rim",
            "map": ".inboundRelationship[typeCode=SUBJ].source[classCode=OBS, moodCode=EVN, code=\"annotation\"].value"
          }
        ]
      },
      {
        "id": "Procedure:cimi-procedure-LaboratoryProcedurePerformedStatement.focalDevice",
        "path": "Procedure.focalDevice",
        "short": "Device changed in procedure",
        "definition": "A device that is implanted, removed or otherwise manipulated (calibration, battery replacement, fitting a prosthesis, attaching a wound-vac, etc.) as a focal portion of the Procedure.",
        "min": 0,
        "max": "*",
        "base": {
          "path": "Procedure.focalDevice",
          "min": 0,
          "max": "*"
        },
        "type": [
          {
            "code": "BackboneElement"
          }
        ],
        "constraint": [
          {
            "key": "ele-1",
            "severity": "error",
            "human": "All FHIR elements must have a @value or children",
            "expression": "hasValue() | (children().count() > id.count())",
            "xpath": "@value|f:*|h:div",
            "source": "Element"
          }
        ],
        "mapping": [
          {
            "identity": "rim",
            "map": ".participation[typeCode=DEV].role[classCode=MANU]"
          }
        ]
      },
      {
        "id": "Procedure:cimi-procedure-LaboratoryProcedurePerformedStatement.focalDevice.id",
        "path": "Procedure.focalDevice.id",
        "representation": [
          "xmlAttr"
        ],
        "short": "xml:id (or equivalent in JSON)",
        "definition": "unique id for the element within a resource (for internal references). This may be any string value that does not contain spaces.",
        "min": 0,
        "max": "1",
        "base": {
          "path": "Element.id",
          "min": 0,
          "max": "1"
        },
        "type": [
          {
            "code": "string"
          }
        ],
        "mapping": [
          {
            "identity": "rim",
            "map": "n/a"
          }
        ]
      },
      {
        "id": "Procedure:cimi-procedure-LaboratoryProcedurePerformedStatement.focalDevice.extension",
        "path": "Procedure.focalDevice.extension",
        "short": "Additional Content defined by implementations",
        "definition": "May be used to represent additional information that is not part of the basic definition of the element. In order to make the use of extensions safe and manageable, there is a strict set of governance  applied to the definition and use of extensions. Though any implementer is allowed to define an extension, there is a set of requirements that SHALL be met as part of the definition of the extension.",
        "comment": "There can be no stigma associated with the use of extensions by any application, project, or standard - regardless of the institution or jurisdiction that uses or defines the extensions.  The use of extensions is what allows the FHIR specification to retain a core level of simplicity for everyone.",
        "alias": [
          "extensions",
          "user content"
        ],
        "min": 0,
        "max": "*",
        "base": {
          "path": "Element.extension",
          "min": 0,
          "max": "*"
        },
        "type": [
          {
            "code": "Extension"
          }
        ],
        "mapping": [
          {
            "identity": "rim",
            "map": "n/a"
          }
        ]
      },
      {
        "id": "Procedure:cimi-procedure-LaboratoryProcedurePerformedStatement.focalDevice.modifierExtension",
        "path": "Procedure.focalDevice.modifierExtension",
        "short": "Extensions that cannot be ignored",
        "definition": "May be used to represent additional information that is not part of the basic definition of the element, and that modifies the understanding of the element that contains it. Usually modifier elements provide negation or qualification. In order to make the use of extensions safe and manageable, there is a strict set of governance applied to the definition and use of extensions. Though any implementer is allowed to define an extension, there is a set of requirements that SHALL be met as part of the definition of the extension. Applications processing a resource are required to check for modifier extensions.",
        "comment": "There can be no stigma associated with the use of extensions by any application, project, or standard - regardless of the institution or jurisdiction that uses or defines the extensions.  The use of extensions is what allows the FHIR specification to retain a core level of simplicity for everyone.",
        "alias": [
          "extensions",
          "user content",
          "modifiers"
        ],
        "min": 0,
        "max": "*",
        "base": {
          "path": "BackboneElement.modifierExtension",
          "min": 0,
          "max": "*"
        },
        "type": [
          {
            "code": "Extension"
          }
        ],
        "isModifier": true,
        "isSummary": true,
        "mapping": [
          {
            "identity": "rim",
            "map": "N/A"
          }
        ]
      },
      {
        "id": "Procedure:cimi-procedure-LaboratoryProcedurePerformedStatement.focalDevice.action",
        "path": "Procedure.focalDevice.action",
        "short": "Kind of change to device",
        "definition": "The kind of change that happened to the device during the procedure.",
        "min": 0,
        "max": "1",
        "base": {
          "path": "Procedure.focalDevice.action",
          "min": 0,
          "max": "1"
        },
        "type": [
          {
            "code": "CodeableConcept"
          }
        ],
        "binding": {
          "extension": [
            {
              "url": "http://hl7.org/fhir/StructureDefinition/elementdefinition-bindingName",
              "valueString": "DeviceActionKind"
            }
          ],
          "strength": "preferred",
          "description": "A kind of change that happened to the device during the procedure.",
          "valueSetReference": {
            "reference": "http://hl7.org/fhir/ValueSet/device-action"
          }
        },
        "mapping": [
          {
            "identity": "rim",
            "map": ".inboundRelationship[typeCode=SUBJ].source[classCode=OBS, moodCode=EVN, code=\"procedure device action\"].value=:procedure device action codes"
          }
        ]
      },
      {
        "id": "Procedure:cimi-procedure-LaboratoryProcedurePerformedStatement.focalDevice.manipulated",
        "path": "Procedure.focalDevice.manipulated",
        "short": "Device that was changed",
        "definition": "The device that was manipulated (changed) during the procedure.",
        "min": 1,
        "max": "1",
        "base": {
          "path": "Procedure.focalDevice.manipulated",
          "min": 1,
          "max": "1"
        },
        "type": [
          {
            "code": "Reference",
            "targetProfile": "http://hl7.org/fhir/StructureDefinition/Device"
          }
        ],
        "mapping": [
          {
            "identity": "rim",
            "map": ".participation[typeCode=DEV].role[classCode=SDLOC]"
          }
        ]
      },
      {
        "id": "Procedure:cimi-procedure-LaboratoryProcedurePerformedStatement.usedReference",
        "path": "Procedure.usedReference",
        "short": "Items used during procedure",
        "definition": "Identifies medications, devices and any other substance used as part of the procedure.",
        "comment": "For devices actually implanted or removed, use Procedure.device.",
        "requirements": "Used for tracking contamination, etc.",
        "min": 0,
        "max": "*",
        "base": {
          "path": "Procedure.usedReference",
          "min": 0,
          "max": "*"
        },
        "type": [
          {
            "code": "Reference",
            "targetProfile": "http://hl7.org/fhir/StructureDefinition/Device"
          },
          {
            "code": "Reference",
            "targetProfile": "http://hl7.org/fhir/StructureDefinition/Medication"
          },
          {
            "code": "Reference",
            "targetProfile": "http://hl7.org/fhir/StructureDefinition/Substance"
          }
        ],
        "mapping": [
          {
            "identity": "rim",
            "map": ".participation[typeCode=DEV].role[classCode=MANU] or\n.participation[typeCode=CSM].role[classCode=ADMM] (for Medication or Substance)"
          }
        ]
      },
      {
        "id": "Procedure:cimi-procedure-LaboratoryProcedurePerformedStatement.usedCode",
        "path": "Procedure.usedCode",
        "short": "Coded items used during the procedure",
        "definition": "Identifies coded items that were used as part of the procedure.",
        "comment": "For devices actually implanted or removed, use Procedure.device.",
        "min": 0,
        "max": "*",
        "base": {
          "path": "Procedure.usedCode",
          "min": 0,
          "max": "*"
        },
        "type": [
          {
            "code": "CodeableConcept"
          }
        ],
        "binding": {
          "extension": [
            {
              "url": "http://hl7.org/fhir/StructureDefinition/elementdefinition-bindingName",
              "valueString": "ProcedureUsed"
            }
          ],
          "strength": "example",
          "description": "Codes describing items used during a procedure",
          "valueSetReference": {
            "reference": "http://hl7.org/fhir/ValueSet/device-kind"
          }
        },
        "mapping": [
          {
            "identity": "rim",
            "map": "participation[typeCode=Dev].role[classCode=MANU]"
          }
        ]
      }
    ]
  },
  "differential": {
    "element": [
      {
        "id": "Procedure:cimi-procedure-LaboratoryProcedurePerformedStatement",
        "path": "Procedure",
        "short": "SHR LaboratoryProcedurePerformedStatement Profile",
        "definition": "The US Core Condition Profile is based upon the core FHIR Procedure Resource and created to meet the 2015 Edition Common Clinical Data Set 'Procedures' requirements.",
        "mustSupport": false
      },
      {
        "id": "Procedure:cimi-procedure-LaboratoryProcedurePerformedStatement.extension:sourceofinformation",
        "path": "Procedure.extension",
        "sliceName": "sourceofinformation",
        "definition": "The person or entity that provided the information in the entry, e.g. the subject (patient), medical professional, family member, device or software program, as distinct from who recorded the entry.",
        "min": 0,
        "max": "1",
        "type": [
          {
            "code": "Extension",
            "profile": "http://standardhealthrecord.org/fhir/StructureDefinition/cimi-core-SourceOfInformation-extension"
          }
        ]
      },
      {
        "id": "Procedure:cimi-procedure-LaboratoryProcedurePerformedStatement.extension:annotation",
        "path": "Procedure.extension",
        "sliceName": "annotation",
        "definition": "An added or follow-up note, often after the fact, that contains metadata about who made the statement and when.",
        "min": 0,
        "max": "*",
        "type": [
          {
            "code": "Extension",
            "profile": "http://standardhealthrecord.org/fhir/StructureDefinition/cimi-element-Annotation-extension"
          }
        ]
      },
      {
        "id": "Procedure:cimi-procedure-LaboratoryProcedurePerformedStatement.extension:recordstatus",
        "path": "Procedure.extension",
        "sliceName": "recordstatus",
        "definition": "Concept indicating the state of this record, e.g., 'entered in error'.",
        "min": 0,
        "max": "1",
        "type": [
          {
            "code": "Extension",
            "profile": "http://standardhealthrecord.org/fhir/StructureDefinition/cimi-core-RecordStatus-extension"
          }
        ]
      },
      {
        "id": "Procedure:cimi-procedure-LaboratoryProcedurePerformedStatement.extension:recorded",
        "path": "Procedure.extension",
        "sliceName": "recorded",
        "definition": "The person who entered the order on behalf of another individual for example in the case of a verbal or a telephone order.",
        "min": 0,
        "max": "1",
        "type": [
          {
            "code": "Extension",
            "profile": "http://standardhealthrecord.org/fhir/StructureDefinition/cimi-core-Recorded-extension"
          }
        ]
      },
      {
        "id": "Procedure:cimi-procedure-LaboratoryProcedurePerformedStatement.extension:signed",
        "path": "Procedure.extension",
        "sliceName": "signed",
        "definition": "Provenance information specific to the signing of the clinical statement.",
        "min": 0,
        "max": "1",
        "type": [
          {
            "code": "Extension",
            "profile": "http://standardhealthrecord.org/fhir/StructureDefinition/cimi-core-Signed-extension"
          }
        ]
      },
      {
        "id": "Procedure:cimi-procedure-LaboratoryProcedurePerformedStatement.extension:cosigned",
        "path": "Procedure.extension",
        "sliceName": "cosigned",
        "definition": "Provenance information specific to the cosigning of the clinical statement.",
        "min": 0,
        "max": "*",
        "type": [
          {
            "code": "Extension",
            "profile": "http://standardhealthrecord.org/fhir/StructureDefinition/cimi-core-Cosigned-extension"
          }
        ]
      },
      {
        "id": "Procedure:cimi-procedure-LaboratoryProcedurePerformedStatement.extension:verified",
        "path": "Procedure.extension",
        "sliceName": "verified",
        "definition": "Provenance information specific to the verification process associated with this statement (e.g., verifier, when verified, etc.)",
        "min": 0,
        "max": "*",
        "type": [
          {
            "code": "Extension",
            "profile": "http://standardhealthrecord.org/fhir/StructureDefinition/cimi-core-Verified-extension"
          }
        ]
      },
      {
        "id": "Procedure:cimi-procedure-LaboratoryProcedurePerformedStatement.basedOn",
        "path": "Procedure.basedOn",
        "type": [
          {
            "code": "Reference",
            "targetProfile": "http://standardhealthrecord.org/fhir/StructureDefinition/cimi-procedure-ProcedureRequestedStatement"
          }
        ]
      },
      {
        "id": "Procedure:cimi-procedure-LaboratoryProcedurePerformedStatement.partOf",
        "path": "Procedure.partOf",
        "min": 0,
        "max": "1",
        "type": [
          {
            "code": "Reference",
            "targetProfile": "http://standardhealthrecord.org/fhir/StructureDefinition/cimi-procedure-ProcedurePerformedStatement"
          }
        ]
      },
      {
        "id": "Procedure:cimi-procedure-LaboratoryProcedurePerformedStatement.notDone",
        "path": "Procedure.notDone",
        "min": 0,
        "max": "0"
      },
      {
        "id": "Procedure:cimi-procedure-LaboratoryProcedurePerformedStatement.notDoneReason",
        "path": "Procedure.notDoneReason",
        "min": 0,
        "max": "0"
      },
      {
        "id": "Procedure:cimi-procedure-LaboratoryProcedurePerformedStatement.category",
        "path": "Procedure.category",
        "type": [
          {
            "code": "CodeableConcept",
            "profile": "http://standardhealthrecord.org/fhir/StructureDefinition/shr-core-CodeableConcept"
          }
        ]
      },
      {
        "id": "Procedure:cimi-procedure-LaboratoryProcedurePerformedStatement.category.coding",
        "path": "Procedure.category.coding",
        "slicing": {
          "id": "1",
          "discriminator": [
            {
              "type": "value",
              "path": "code"
            }
          ],
          "ordered": false,
          "rules": "open"
        }
      },
      {
        "id": "Procedure:cimi-procedure-LaboratoryProcedurePerformedStatement.category.coding:Fixed_laboratory",
        "path": "Procedure.category.coding",
        "sliceName": "Fixed_laboratory",
        "definition": "A reference to a code defined by a terminology system.",
        "min": 1,
        "max": "1",
        "type": [
          {
            "code": "Coding",
            "profile": "http://standardhealthrecord.org/fhir/StructureDefinition/shr-core-Coding"
          }
        ],
        "isSummary": true
      },
      {
        "id": "Procedure:cimi-procedure-LaboratoryProcedurePerformedStatement.category.coding:Fixed_laboratory.system",
        "path": "Procedure.category.coding.system",
        "fixedUri": "http://hl7.org/fhir/observation-category"
      },
      {
        "id": "Procedure:cimi-procedure-LaboratoryProcedurePerformedStatement.category.coding:Fixed_laboratory.code",
        "path": "Procedure.category.coding.code",
        "fixedCode": "laboratory"
      },
      {
        "id": "Procedure:cimi-procedure-LaboratoryProcedurePerformedStatement.code",
        "path": "Procedure.code",
        "type": [
          {
            "code": "CodeableConcept",
            "profile": "http://standardhealthrecord.org/fhir/StructureDefinition/shr-core-CodeableConcept"
          }
        ],
        "binding": {
          "strength": "required",
          "valueSetReference": {
            "reference": "http://hl7.org/fhir/ValueSet/observation-codes"
          }
        }
      },
      {
        "id": "Procedure:cimi-procedure-LaboratoryProcedurePerformedStatement.subject",
        "path": "Procedure.subject",
        "type": [
          {
            "code": "Reference",
            "targetProfile": "http://standardhealthrecord.org/fhir/StructureDefinition/cimi-entity-Patient"
          }
        ]
      },
      {
        "id": "Procedure:cimi-procedure-LaboratoryProcedurePerformedStatement.context",
        "path": "Procedure.context",
        "type": [
          {
            "code": "Reference",
            "targetProfile": "http://standardhealthrecord.org/fhir/StructureDefinition/cimi-encounter-Encounter"
          }
        ]
      },
      {
        "id": "Procedure:cimi-procedure-LaboratoryProcedurePerformedStatement.performed[x]",
        "path": "Procedure.performed[x]"
      },
      {
        "id": "Procedure:cimi-procedure-LaboratoryProcedurePerformedStatement.performer",
        "path": "Procedure.performer"
      },
      {
        "id": "Procedure:cimi-procedure-LaboratoryProcedurePerformedStatement.performer.role",
        "path": "Procedure.performer.role",
        "type": [
          {
            "code": "CodeableConcept",
            "profile": "http://standardhealthrecord.org/fhir/StructureDefinition/shr-core-CodeableConcept"
          }
        ],
        "binding": {
          "strength": "required",
          "valueSetReference": {
            "reference": "http://hl7.org/fhir/ValueSet/v3-ParticipationType"
          }
        }
      },
      {
        "id": "Procedure:cimi-procedure-LaboratoryProcedurePerformedStatement.performer.actor",
        "path": "Procedure.performer.actor",
        "type": [
          {
            "code": "Reference",
            "targetProfile": "http://standardhealthrecord.org/fhir/StructureDefinition/cimi-entity-Practitioner"
          },
          {
            "code": "Reference",
            "targetProfile": "http://standardhealthrecord.org/fhir/StructureDefinition/cimi-entity-Organization"
          },
          {
            "code": "Reference",
            "targetProfile": "http://standardhealthrecord.org/fhir/StructureDefinition/cimi-entity-Patient"
          },
          {
            "code": "Reference",
            "targetProfile": "http://standardhealthrecord.org/fhir/StructureDefinition/cimi-entity-RelatedPerson"
          },
          {
            "code": "Reference",
            "targetProfile": "http://standardhealthrecord.org/fhir/StructureDefinition/cimi-entity-Device"
          }
        ]
      },
      {
        "id": "Procedure:cimi-procedure-LaboratoryProcedurePerformedStatement.performer.onBehalfOf",
        "path": "Procedure.performer.onBehalfOf",
        "type": [
          {
            "code": "Reference",
            "targetProfile": "http://standardhealthrecord.org/fhir/StructureDefinition/cimi-entity-Organization"
          }
        ]
      },
      {
        "id": "Procedure:cimi-procedure-LaboratoryProcedurePerformedStatement.location",
        "path": "Procedure.location",
        "type": [
          {
            "code": "Reference",
            "targetProfile": "http://standardhealthrecord.org/fhir/StructureDefinition/cimi-entity-Facility"
          }
        ]
      },
      {
        "id": "Procedure:cimi-procedure-LaboratoryProcedurePerformedStatement.reasonCode",
        "path": "Procedure.reasonCode",
        "type": [
          {
            "code": "CodeableConcept",
            "profile": "http://standardhealthrecord.org/fhir/StructureDefinition/shr-core-CodeableConcept"
          }
        ]
      },
      {
        "id": "Procedure:cimi-procedure-LaboratoryProcedurePerformedStatement.bodySite",
        "path": "Procedure.bodySite",
        "type": [
          {
            "code": "CodeableConcept",
            "profile": "http://standardhealthrecord.org/fhir/StructureDefinition/shr-core-CodeableConcept"
          }
        ],
        "binding": {
          "strength": "required",
          "valueSetReference": {
            "reference": "http://standardhealthrecord.org/cimi/element/vs/AnatomicalLocationVS"
          }
        }
      },
      {
        "id": "Procedure:cimi-procedure-LaboratoryProcedurePerformedStatement.outcome",
        "path": "Procedure.outcome",
        "type": [
          {
            "code": "CodeableConcept",
            "profile": "http://standardhealthrecord.org/fhir/StructureDefinition/shr-core-CodeableConcept"
          }
        ]
      },
      {
        "id": "Procedure:cimi-procedure-LaboratoryProcedurePerformedStatement.note",
        "path": "Procedure.note",
        "type": [
          {
            "code": "Annotation",
            "profile": "http://standardhealthrecord.org/fhir/StructureDefinition/cimi-element-Annotation"
          }
        ]
      }
    ]
  }
}