{
  "resourceType": "StructureDefinition",
  "id": "cimi-procedure-LaboratoryProcedureRequestedStatement",
  "text": {
    "status": "generated",
    "div": "<div xmlns=\"http://www.w3.org/1999/xhtml\">\n  <p><b>SHR LaboratoryProcedureRequestedStatement Profile</b></p>\n  <p/>\n  <p><b>SHR Mapping Summary</b></p>\n  <p><pre>cimi.procedure.LaboratoryProcedureRequestedStatement maps to ProcedureRequest:\n  _Entry.CreationTime maps to authoredOn\n  Signed.Attribution.EntityOrRole maps to requester\n  LaboratoryProcedureTopic.TopicCode maps to code\n  LaboratoryProcedureTopic.Category maps to category\n  constrain doNotPerform to 0..0\n  SubjectOfInformation maps to subject\n  LaboratoryProcedureTopic.AnatomicalLocation maps to bodySite\n  ProcedureRequestedContext.Encounter maps to context\n  ProcedureRequestedContext.Reason maps to reasonCode\n  ProcedureRequestedContext.Status maps to status\n  ProcedureRequestedContext.RequestIntent maps to intent\n  ProcedureRequestedContext.ExpectedPerformanceTime maps to occurrence[x]\n  ProcedureRequestedContext.ExpectedPerformerType maps to performerType\n  ProcedureRequestedContext.ExpectedPerformer maps to performer\n  ProcedureRequestedContext.PriorityRank maps to priority\n</pre></p>\n</div>"
  },
  "url": "http://standardhealthrecord.org/fhir/StructureDefinition/cimi-procedure-LaboratoryProcedureRequestedStatement",
  "identifier": [
    {
      "system": "http://standardhealthrecord.org",
      "value": "cimi.procedure.LaboratoryProcedureRequestedStatement"
    }
  ],
  "version": "0.1.0",
  "name": "LaboratoryProcedureRequestedStatementProfile",
  "title": "SHR LaboratoryProcedureRequestedStatement Profile",
  "status": "draft",
  "date": "2018-08-21T00:00:00-04:00",
  "publisher": "The MITRE Corporation: Standard Health Record Collaborative",
  "contact": [
    {
      "telecom": [
        {
          "system": "url",
          "value": "http://standardhealthrecord.org"
        }
      ]
    }
  ],
  "fhirVersion": "3.0.1",
  "mapping": [
    {
      "identity": "workflow",
      "uri": "http://hl7.org/fhir/workflow",
      "name": "Workflow Mapping"
    },
    {
      "identity": "v2",
      "uri": "http://hl7.org/v2",
      "name": "HL7 v2 Mapping"
    },
    {
      "identity": "rim",
      "uri": "http://hl7.org/v3",
      "name": "RIM Mapping"
    },
    {
      "identity": "w5",
      "uri": "http://hl7.org/fhir/w5",
      "name": "W5 Mapping"
    },
    {
      "identity": "quick",
      "uri": "http://wiki.siframework.org/CQF",
      "name": "Quality Improvement and Clinical Knowledge (QUICK)"
    }
  ],
  "kind": "resource",
  "abstract": false,
  "type": "ProcedureRequest",
  "baseDefinition": "http://hl7.org/fhir/StructureDefinition/ProcedureRequest",
  "derivation": "constraint",
  "snapshot": {
    "element": [
      {
        "id": "ProcedureRequest:cimi-procedure-LaboratoryProcedureRequestedStatement",
        "path": "ProcedureRequest",
        "short": "SHR LaboratoryProcedureRequestedStatement Profile",
        "definition": "A record of a request for diagnostic investigations, treatments, or operations to be performed.",
        "alias": [
          "diagnostic request"
        ],
        "min": 0,
        "max": "*",
        "constraint": [
          {
            "key": "dom-2",
            "severity": "error",
            "human": "If the resource is contained in another resource, it SHALL NOT contain nested Resources",
            "expression": "contained.contained.empty()",
            "xpath": "not(parent::f:contained and f:contained)",
            "source": "DomainResource"
          },
          {
            "key": "dom-1",
            "severity": "error",
            "human": "If the resource is contained in another resource, it SHALL NOT contain any narrative",
            "expression": "contained.text.empty()",
            "xpath": "not(parent::f:contained and f:text)",
            "source": "DomainResource"
          },
          {
            "key": "dom-4",
            "severity": "error",
            "human": "If a resource is contained in another resource, it SHALL NOT have a meta.versionId or a meta.lastUpdated",
            "expression": "contained.meta.versionId.empty() and contained.meta.lastUpdated.empty()",
            "xpath": "not(exists(f:contained/*/f:meta/f:versionId)) and not(exists(f:contained/*/f:meta/f:lastUpdated))",
            "source": "DomainResource"
          },
          {
            "key": "dom-3",
            "severity": "error",
            "human": "If the resource is contained in another resource, it SHALL be referred to from elsewhere in the resource",
            "expression": "contained.where(('#'+id in %resource.descendants().reference).not()).empty()",
            "xpath": "not(exists(for $id in f:contained/*/@id return $id[not(ancestor::f:contained/parent::*/descendant::f:reference/@value=concat('#', $id))]))",
            "source": "DomainResource"
          }
        ],
        "mapping": [
          {
            "identity": "rim",
            "map": "Entity. Role, or Act"
          },
          {
            "identity": "workflow",
            "map": "Request"
          },
          {
            "identity": "v2",
            "map": "ORC"
          },
          {
            "identity": "rim",
            "map": "Act[moodCode<=INT]"
          },
          {
            "identity": "w5",
            "map": "clinical.general"
          }
        ]
      },
      {
        "id": "ProcedureRequest:cimi-procedure-LaboratoryProcedureRequestedStatement.id",
        "path": "ProcedureRequest.id",
        "short": "Logical id of this artifact",
        "definition": "The logical id of the resource, as used in the URL for the resource. Once assigned, this value never changes.",
        "comment": "The only time that a resource does not have an id is when it is being submitted to the server using a create operation.",
        "min": 0,
        "max": "1",
        "base": {
          "path": "Resource.id",
          "min": 0,
          "max": "1"
        },
        "type": [
          {
            "code": "id"
          }
        ],
        "isSummary": true
      },
      {
        "id": "ProcedureRequest:cimi-procedure-LaboratoryProcedureRequestedStatement.meta",
        "path": "ProcedureRequest.meta",
        "short": "Metadata about the resource",
        "definition": "The metadata about the resource. This is content that is maintained by the infrastructure. Changes to the content may not always be associated with version changes to the resource.",
        "min": 0,
        "max": "1",
        "base": {
          "path": "Resource.meta",
          "min": 0,
          "max": "1"
        },
        "type": [
          {
            "code": "Meta"
          }
        ],
        "isSummary": true
      },
      {
        "id": "ProcedureRequest:cimi-procedure-LaboratoryProcedureRequestedStatement.implicitRules",
        "path": "ProcedureRequest.implicitRules",
        "short": "A set of rules under which this content was created",
        "definition": "A reference to a set of rules that were followed when the resource was constructed, and which must be understood when processing the content.",
        "comment": "Asserting this rule set restricts the content to be only understood by a limited set of trading partners. This inherently limits the usefulness of the data in the long term. However, the existing health eco-system is highly fractured, and not yet ready to define, collect, and exchange data in a generally computable sense. Wherever possible, implementers and/or specification writers should avoid using this element. \n\nThis element is labelled as a modifier because the implicit rules may provide additional knowledge about the resource that modifies it's meaning or interpretation.",
        "min": 0,
        "max": "1",
        "base": {
          "path": "Resource.implicitRules",
          "min": 0,
          "max": "1"
        },
        "type": [
          {
            "code": "uri"
          }
        ],
        "isModifier": true,
        "isSummary": true
      },
      {
        "id": "ProcedureRequest:cimi-procedure-LaboratoryProcedureRequestedStatement.language",
        "path": "ProcedureRequest.language",
        "short": "Language of the resource content",
        "definition": "The base language in which the resource is written.",
        "comment": "Language is provided to support indexing and accessibility (typically, services such as text to speech use the language tag). The html language tag in the narrative applies  to the narrative. The language tag on the resource may be used to specify the language of other presentations generated from the data in the resource  Not all the content has to be in the base language. The Resource.language should not be assumed to apply to the narrative automatically. If a language is specified, it should it also be specified on the div element in the html (see rules in HTML5 for information about the relationship between xml:lang and the html lang attribute).",
        "min": 0,
        "max": "1",
        "base": {
          "path": "Resource.language",
          "min": 0,
          "max": "1"
        },
        "type": [
          {
            "code": "code"
          }
        ],
        "binding": {
          "extension": [
            {
              "url": "http://hl7.org/fhir/StructureDefinition/elementdefinition-maxValueSet",
              "valueReference": {
                "reference": "http://hl7.org/fhir/ValueSet/all-languages"
              }
            },
            {
              "url": "http://hl7.org/fhir/StructureDefinition/elementdefinition-bindingName",
              "valueString": "Language"
            },
            {
              "url": "http://hl7.org/fhir/StructureDefinition/elementdefinition-isCommonBinding",
              "valueBoolean": true
            }
          ],
          "strength": "extensible",
          "description": "A human language.",
          "valueSetReference": {
            "reference": "http://hl7.org/fhir/ValueSet/languages"
          }
        }
      },
      {
        "id": "ProcedureRequest:cimi-procedure-LaboratoryProcedureRequestedStatement.text",
        "path": "ProcedureRequest.text",
        "short": "Text summary of the resource, for human interpretation",
        "definition": "A human-readable narrative that contains a summary of the resource, and may be used to represent the content of the resource to a human. The narrative need not encode all the structured data, but is required to contain sufficient detail to make it \"clinically safe\" for a human to just read the narrative. Resource definitions may define what content should be represented in the narrative to ensure clinical safety.",
        "comment": "Contained resources do not have narrative. Resources that are not contained SHOULD have a narrative. In some cases, a resource may only have text with little or no additional discrete data (as long as all minOccurs=1 elements are satisfied).  This may be necessary for data from legacy systems where information is captured as a \"text blob\" or where text is additionally entered raw or narrated and encoded in formation is added later.",
        "alias": [
          "narrative",
          "html",
          "xhtml",
          "display"
        ],
        "min": 0,
        "max": "1",
        "base": {
          "path": "DomainResource.text",
          "min": 0,
          "max": "1"
        },
        "type": [
          {
            "code": "Narrative"
          }
        ],
        "condition": [
          "dom-1"
        ],
        "mapping": [
          {
            "identity": "rim",
            "map": "Act.text?"
          }
        ]
      },
      {
        "id": "ProcedureRequest:cimi-procedure-LaboratoryProcedureRequestedStatement.contained",
        "path": "ProcedureRequest.contained",
        "short": "Contained, inline Resources",
        "definition": "These resources do not have an independent existence apart from the resource that contains them - they cannot be identified independently, and nor can they have their own independent transaction scope.",
        "comment": "This should never be done when the content can be identified properly, as once identification is lost, it is extremely difficult (and context dependent) to restore it again.",
        "alias": [
          "inline resources",
          "anonymous resources",
          "contained resources"
        ],
        "min": 0,
        "max": "*",
        "base": {
          "path": "DomainResource.contained",
          "min": 0,
          "max": "*"
        },
        "type": [
          {
            "code": "Resource"
          }
        ],
        "mapping": [
          {
            "identity": "rim",
            "map": "N/A"
          }
        ]
      },
      {
        "id": "ProcedureRequest:cimi-procedure-LaboratoryProcedureRequestedStatement.extension",
        "path": "ProcedureRequest.extension",
        "slicing": {
          "id": "2",
          "discriminator": [
            {
              "type": "value",
              "path": "url"
            }
          ],
          "ordered": false,
          "rules": "open"
        },
        "short": "Additional Content defined by implementations",
        "definition": "May be used to represent additional information that is not part of the basic definition of the resource. In order to make the use of extensions safe and manageable, there is a strict set of governance  applied to the definition and use of extensions. Though any implementer is allowed to define an extension, there is a set of requirements that SHALL be met as part of the definition of the extension.",
        "comment": "There can be no stigma associated with the use of extensions by any application, project, or standard - regardless of the institution or jurisdiction that uses or defines the extensions.  The use of extensions is what allows the FHIR specification to retain a core level of simplicity for everyone.",
        "alias": [
          "extensions",
          "user content"
        ],
        "min": 0,
        "max": "*",
        "base": {
          "path": "DomainResource.extension",
          "min": 0,
          "max": "*"
        },
        "type": [
          {
            "code": "Extension"
          }
        ],
        "mapping": [
          {
            "identity": "rim",
            "map": "N/A"
          }
        ]
      },
      {
        "id": "ProcedureRequest:cimi-procedure-LaboratoryProcedureRequestedStatement.extension:sourceofinformation",
        "path": "ProcedureRequest.extension",
        "sliceName": "sourceofinformation",
        "definition": "The person or entity that provided the information in the entry, e.g. the subject (patient), medical professional, family member, device or software program, as distinct from who recorded the entry.",
        "min": 0,
        "max": "1",
        "type": [
          {
            "code": "Extension",
            "profile": "http://standardhealthrecord.org/fhir/StructureDefinition/cimi-core-SourceOfInformation-extension"
          }
        ]
      },
      {
        "id": "ProcedureRequest:cimi-procedure-LaboratoryProcedureRequestedStatement.extension:annotation",
        "path": "ProcedureRequest.extension",
        "sliceName": "annotation",
        "definition": "An added or follow-up note, often after the fact, that contains metadata about who made the statement and when.",
        "min": 0,
        "max": "*",
        "type": [
          {
            "code": "Extension",
            "profile": "http://standardhealthrecord.org/fhir/StructureDefinition/cimi-element-Annotation-extension"
          }
        ]
      },
      {
        "id": "ProcedureRequest:cimi-procedure-LaboratoryProcedureRequestedStatement.extension:recordstatus",
        "path": "ProcedureRequest.extension",
        "sliceName": "recordstatus",
        "definition": "Concept indicating the state of this record, e.g., 'entered in error'.",
        "min": 0,
        "max": "1",
        "type": [
          {
            "code": "Extension",
            "profile": "http://standardhealthrecord.org/fhir/StructureDefinition/cimi-core-RecordStatus-extension"
          }
        ]
      },
      {
        "id": "ProcedureRequest:cimi-procedure-LaboratoryProcedureRequestedStatement.extension:recorded",
        "path": "ProcedureRequest.extension",
        "sliceName": "recorded",
        "definition": "The person who entered the order on behalf of another individual for example in the case of a verbal or a telephone order.",
        "min": 0,
        "max": "1",
        "type": [
          {
            "code": "Extension",
            "profile": "http://standardhealthrecord.org/fhir/StructureDefinition/cimi-core-Recorded-extension"
          }
        ]
      },
      {
        "id": "ProcedureRequest:cimi-procedure-LaboratoryProcedureRequestedStatement.extension:cosigned",
        "path": "ProcedureRequest.extension",
        "sliceName": "cosigned",
        "definition": "Provenance information specific to the cosigning of the clinical statement.",
        "min": 0,
        "max": "*",
        "type": [
          {
            "code": "Extension",
            "profile": "http://standardhealthrecord.org/fhir/StructureDefinition/cimi-core-Cosigned-extension"
          }
        ]
      },
      {
        "id": "ProcedureRequest:cimi-procedure-LaboratoryProcedureRequestedStatement.extension:verified",
        "path": "ProcedureRequest.extension",
        "sliceName": "verified",
        "definition": "Provenance information specific to the verification process associated with this statement (e.g., verifier, when verified, etc.)",
        "min": 0,
        "max": "*",
        "type": [
          {
            "code": "Extension",
            "profile": "http://standardhealthrecord.org/fhir/StructureDefinition/cimi-core-Verified-extension"
          }
        ]
      },
      {
        "id": "ProcedureRequest:cimi-procedure-LaboratoryProcedureRequestedStatement.modifierExtension",
        "path": "ProcedureRequest.modifierExtension",
        "short": "Extensions that cannot be ignored",
        "definition": "May be used to represent additional information that is not part of the basic definition of the resource, and that modifies the understanding of the element that contains it. Usually modifier elements provide negation or qualification. In order to make the use of extensions safe and manageable, there is a strict set of governance applied to the definition and use of extensions. Though any implementer is allowed to define an extension, there is a set of requirements that SHALL be met as part of the definition of the extension. Applications processing a resource are required to check for modifier extensions.",
        "comment": "There can be no stigma associated with the use of extensions by any application, project, or standard - regardless of the institution or jurisdiction that uses or defines the extensions.  The use of extensions is what allows the FHIR specification to retain a core level of simplicity for everyone.",
        "alias": [
          "extensions",
          "user content"
        ],
        "min": 0,
        "max": "*",
        "base": {
          "path": "DomainResource.modifierExtension",
          "min": 0,
          "max": "*"
        },
        "type": [
          {
            "code": "Extension"
          }
        ],
        "isModifier": true,
        "mapping": [
          {
            "identity": "rim",
            "map": "N/A"
          }
        ]
      },
      {
        "id": "ProcedureRequest:cimi-procedure-LaboratoryProcedureRequestedStatement.identifier",
        "path": "ProcedureRequest.identifier",
        "short": "Identifiers assigned to this order",
        "definition": "Identifiers assigned to this order instance by the orderer and/or the receiver and/or order fulfiller.",
        "comment": "The identifier.type element is used to distinguish between the identifiers assigned by the orderer (known as the 'Placer' in HL7 v2) and the producer of the observations in response to the order (known as the 'Filler' in HL7 v2).  For further discussion and examples see the resource notes section below.",
        "min": 0,
        "max": "*",
        "type": [
          {
            "code": "Identifier"
          }
        ],
        "isSummary": true,
        "mapping": [
          {
            "identity": "workflow",
            "map": "Request.identifier"
          },
          {
            "identity": "v2",
            "map": "ORC.2, ORC.3"
          },
          {
            "identity": "rim",
            "map": ".identifier"
          },
          {
            "identity": "quick",
            "map": "ClinicalStatement.identifier"
          },
          {
            "identity": "w5",
            "map": "id"
          }
        ]
      },
      {
        "id": "ProcedureRequest:cimi-procedure-LaboratoryProcedureRequestedStatement.definition",
        "path": "ProcedureRequest.definition",
        "short": "Protocol or definition",
        "definition": "Protocol or definition followed by this request.",
        "alias": [
          "protocol"
        ],
        "min": 0,
        "max": "*",
        "type": [
          {
            "code": "Reference",
            "targetProfile": "http://hl7.org/fhir/StructureDefinition/ActivityDefinition"
          },
          {
            "code": "Reference",
            "targetProfile": "http://hl7.org/fhir/StructureDefinition/PlanDefinition"
          }
        ],
        "isSummary": true,
        "mapping": [
          {
            "identity": "workflow",
            "map": "Request.definition"
          },
          {
            "identity": "v2",
            "map": "Varies by domain"
          },
          {
            "identity": "rim",
            "map": ".outboundRelationship[typeCode=DEFN].target"
          }
        ]
      },
      {
        "id": "ProcedureRequest:cimi-procedure-LaboratoryProcedureRequestedStatement.basedOn",
        "path": "ProcedureRequest.basedOn",
        "short": "What request fulfills",
        "definition": "Plan/proposal/order fulfilled by this request.",
        "alias": [
          "fulfills"
        ],
        "min": 0,
        "max": "*",
        "type": [
          {
            "code": "Reference",
            "targetProfile": "http://hl7.org/fhir/StructureDefinition/Resource"
          }
        ],
        "isSummary": true,
        "mapping": [
          {
            "identity": "workflow",
            "map": "Request.basedOn"
          },
          {
            "identity": "v2",
            "map": "ORC.8 (plus others)"
          },
          {
            "identity": "rim",
            "map": ".outboundRelationship[typeCode=FLFS].target"
          }
        ]
      },
      {
        "id": "ProcedureRequest:cimi-procedure-LaboratoryProcedureRequestedStatement.replaces",
        "path": "ProcedureRequest.replaces",
        "short": "What request replaces",
        "definition": "The request takes the place of the referenced completed or terminated request(s).",
        "min": 0,
        "max": "*",
        "type": [
          {
            "code": "Reference",
            "targetProfile": "http://hl7.org/fhir/StructureDefinition/Resource"
          }
        ],
        "isSummary": true,
        "mapping": [
          {
            "identity": "workflow",
            "map": "Request.replaces"
          },
          {
            "identity": "v2",
            "map": "Handled by message location of ORC (ORC.1=RO or RU)"
          },
          {
            "identity": "rim",
            "map": ".outboundRelationship[typeCode=RPLC].target"
          }
        ]
      },
      {
        "id": "ProcedureRequest:cimi-procedure-LaboratoryProcedureRequestedStatement.requisition",
        "path": "ProcedureRequest.requisition",
        "short": "Composite Request ID",
        "definition": "A shared identifier common to all procedure or diagnostic requests that were authorized more or less simultaneously by a single author, representing the composite or group identifier.",
        "comment": "Requests are linked either by a \"basedOn\" relationship (i.e. one request is fulfilling another) or by having a common requisition. Requests that are part of the same requisition are generally treated independently from the perspective of changing their state or maintaining them after initial creation.",
        "requirements": "Some business processes need to know if multiple items were ordered as part of the same \"requisition\" for billing or other purposes.",
        "alias": [
          "grouperId",
          "groupIdentifier"
        ],
        "min": 0,
        "max": "1",
        "type": [
          {
            "code": "Identifier"
          }
        ],
        "isSummary": true,
        "mapping": [
          {
            "identity": "v2",
            "map": "ORC.4"
          },
          {
            "identity": "rim",
            "map": ".inboundRelationship(typeCode=COMP].source[moodCode=INT].identifier"
          }
        ]
      },
      {
        "id": "ProcedureRequest:cimi-procedure-LaboratoryProcedureRequestedStatement.status",
        "path": "ProcedureRequest.status",
        "short": "draft | active | suspended | completed | entered-in-error | cancelled",
        "definition": "The status of the order.",
        "comment": "The status is generally fully in the control of the requester - they determine whether the order is draft or active and, after it has been activated, competed, cancelled or suspended. States relating to the activities of the performer are reflected on either the corresponding event (see [Event Pattern](event.html) for general discussion) or using the [Task](task.html) resource.\n\nThis element is labeled as a modifier because the status contains codes that mark the resource as not currently valid.",
        "min": 1,
        "max": "1",
        "type": [
          {
            "code": "code"
          }
        ],
        "isModifier": true,
        "isSummary": true,
        "binding": {
          "extension": [
            {
              "url": "http://hl7.org/fhir/StructureDefinition/elementdefinition-bindingName",
              "valueString": "ProcedureRequestStatus"
            }
          ],
          "strength": "required",
          "description": "The status of a procedure or diagnostic order.",
          "valueSetReference": {
            "reference": "http://hl7.org/fhir/ValueSet/request-status"
          }
        },
        "mapping": [
          {
            "identity": "workflow",
            "map": "Request.status"
          },
          {
            "identity": "v2",
            "map": "ORC.5"
          },
          {
            "identity": "rim",
            "map": ".status"
          },
          {
            "identity": "quick",
            "map": "Action.currentStatus"
          },
          {
            "identity": "w5",
            "map": "status"
          }
        ]
      },
      {
        "id": "ProcedureRequest:cimi-procedure-LaboratoryProcedureRequestedStatement.intent",
        "path": "ProcedureRequest.intent",
        "short": "proposal | plan | order +",
        "definition": "Whether the request is a proposal, plan, an original order or a reflex order.",
        "comment": "This element is labeled as a modifier because the intent alters when and how the resource is actually applicable.",
        "min": 1,
        "max": "1",
        "type": [
          {
            "code": "code"
          }
        ],
        "isModifier": true,
        "isSummary": true,
        "binding": {
          "extension": [
            {
              "url": "http://hl7.org/fhir/StructureDefinition/elementdefinition-bindingName",
              "valueString": "ProcedureRequestIntent"
            }
          ],
          "strength": "required",
          "description": "The kind of procedure or diagnostic request",
          "valueSetReference": {
            "reference": "http://hl7.org/fhir/ValueSet/request-intent"
          }
        },
        "mapping": [
          {
            "identity": "workflow",
            "map": "Request.intent"
          },
          {
            "identity": "v2",
            "map": "N/A"
          },
          {
            "identity": "rim",
            "map": ".moodCode (nuances beyond PRP/PLAN/RQO would need to be elsewhere)"
          },
          {
            "identity": "w5",
            "map": "class"
          }
        ]
      },
      {
        "id": "ProcedureRequest:cimi-procedure-LaboratoryProcedureRequestedStatement.priority",
        "path": "ProcedureRequest.priority",
        "short": "routine | urgent | asap | stat",
        "definition": "Indicates how quickly the ProcedureRequest should be addressed with respect to other requests.",
        "min": 0,
        "max": "1",
        "type": [
          {
            "code": "code"
          }
        ],
        "meaningWhenMissing": "If missing, this task should be performed with normal priority",
        "isSummary": true,
        "binding": {
          "extension": [
            {
              "url": "http://hl7.org/fhir/StructureDefinition/elementdefinition-bindingName",
              "valueString": "ProcedureRequestPriority"
            }
          ],
          "strength": "required",
          "description": "Identifies the level of importance to be assigned to actioning the request",
          "valueSetReference": {
            "reference": "http://hl7.org/fhir/ValueSet/request-priority"
          }
        },
        "mapping": [
          {
            "identity": "workflow",
            "map": "Request.priority"
          },
          {
            "identity": "v2",
            "map": "TQ1.9"
          },
          {
            "identity": "rim",
            "map": ".priorityCode"
          },
          {
            "identity": "w5",
            "map": "class"
          }
        ]
      },
      {
        "id": "ProcedureRequest:cimi-procedure-LaboratoryProcedureRequestedStatement.doNotPerform",
        "path": "ProcedureRequest.doNotPerform",
        "short": "True if procedure should not be performed",
        "definition": "Set this to true if the record is saying that the procedure should NOT be performed.",
        "comment": "This element is labeled as a [modifier](conformance-rules.html#isModifier.html) because it indicates that a procedure shouldn't happen, instead of a request for it to happen.  In general, only the code and timeframe will be present, though occasional additional qualifiers such as body site or even performer could be included to narrow the scope of the prohibition.  If the ProcedureRequest.code and ProcedureRequest.doNotPerform both contain negation, that will reinforce prohibition and should not have a double negative interpretation.",
        "requirements": "Used for do not ambulate, do not elevate head of bed, do not flush NG tube, do not take blood pressure on a certain arm, etc.",
        "min": 0,
        "max": "0",
        "type": [
          {
            "code": "boolean"
          }
        ],
        "defaultValueBoolean": false,
        "isModifier": true,
        "isSummary": true,
        "mapping": [
          {
            "identity": "rim",
            "map": ".actionNegationInd"
          }
        ]
      },
      {
        "id": "ProcedureRequest:cimi-procedure-LaboratoryProcedureRequestedStatement.category",
        "path": "ProcedureRequest.category",
        "short": "Classification of procedure",
        "definition": "A code that classifies the procedure for searching, sorting and display purposes (e.g. \"Surgical Procedure\").",
        "comment": "There may be multiple axis of categorization depending on the context or use case for retrieving or displaying the resource.  The level of granularity is defined by the category concepts in the value set.",
        "requirements": "Used for filtering what procedure request are retrieved and displayed.",
        "min": 0,
        "max": "1",
        "type": [
          {
            "code": "CodeableConcept",
            "profile": "http://standardhealthrecord.org/fhir/StructureDefinition/shr-core-CodeableConcept"
          }
        ],
        "isSummary": true,
        "binding": {
          "extension": [
            {
              "url": "http://hl7.org/fhir/StructureDefinition/elementdefinition-bindingName",
              "valueString": "ProcedureRequestCategory"
            }
          ],
          "strength": "example",
          "description": "Classification of the procedure",
          "valueSetReference": {
            "reference": "http://hl7.org/fhir/ValueSet/procedure-category"
          }
        },
        "mapping": [
          {
            "identity": "rim",
            "map": ".outboundRelationship[typeCode=\"COMP].target[classCode=\"LIST\", moodCode=\"INT\"].code"
          },
          {
            "identity": "w5",
            "map": "class"
          }
        ]
      },
      {
        "id": "ProcedureRequest:cimi-procedure-LaboratoryProcedureRequestedStatement.category.id",
        "path": "ProcedureRequest.category.id",
        "representation": [
          "xmlAttr"
        ],
        "short": "xml:id (or equivalent in JSON)",
        "definition": "unique id for the element within a resource (for internal references). This may be any string value that does not contain spaces.",
        "min": 0,
        "max": "1",
        "base": {
          "path": "Element.id",
          "min": 0,
          "max": "1"
        },
        "type": [
          {
            "code": "string"
          }
        ],
        "mapping": [
          {
            "identity": "rim",
            "map": "n/a"
          }
        ]
      },
      {
        "id": "ProcedureRequest:cimi-procedure-LaboratoryProcedureRequestedStatement.category.extension",
        "path": "ProcedureRequest.category.extension",
        "slicing": {
          "discriminator": [
            {
              "type": "value",
              "path": "url"
            }
          ],
          "description": "Extensions are always sliced by (at least) url",
          "rules": "open"
        },
        "short": "Additional Content defined by implementations",
        "definition": "May be used to represent additional information that is not part of the basic definition of the element. In order to make the use of extensions safe and manageable, there is a strict set of governance  applied to the definition and use of extensions. Though any implementer is allowed to define an extension, there is a set of requirements that SHALL be met as part of the definition of the extension.",
        "comment": "There can be no stigma associated with the use of extensions by any application, project, or standard - regardless of the institution or jurisdiction that uses or defines the extensions.  The use of extensions is what allows the FHIR specification to retain a core level of simplicity for everyone.",
        "alias": [
          "extensions",
          "user content"
        ],
        "min": 0,
        "max": "*",
        "base": {
          "path": "Element.extension",
          "min": 0,
          "max": "*"
        },
        "type": [
          {
            "code": "Extension"
          }
        ],
        "mapping": [
          {
            "identity": "rim",
            "map": "n/a"
          }
        ]
      },
      {
        "id": "ProcedureRequest:cimi-procedure-LaboratoryProcedureRequestedStatement.category.coding",
        "path": "ProcedureRequest.category.coding",
        "slicing": {
          "id": "1",
          "discriminator": [
            {
              "type": "value",
              "path": "code"
            }
          ],
          "ordered": false,
          "rules": "open"
        },
        "short": "Code defined by a terminology system",
        "definition": "A reference to a code defined by a terminology system.",
        "comment": "Codes may be defined very casually in enumerations, or code lists, up to very formal definitions such as SNOMED CT - see the HL7 v3 Core Principles for more information.  Ordering of codings is undefined and SHALL NOT be used to infer meaning. Generally, at most only one of the coding values will be labeled as UserSelected = true.",
        "requirements": "Allows for translations and alternate encodings within a code system.  Also supports communication of the same instance to systems requiring different encodings.",
        "min": 0,
        "max": "*",
        "type": [
          {
            "code": "Coding",
            "profile": "http://standardhealthrecord.org/fhir/StructureDefinition/shr-core-Coding"
          }
        ],
        "isSummary": true,
        "mapping": [
          {
            "identity": "v2",
            "map": "C*E.1-8, C*E.10-22"
          },
          {
            "identity": "rim",
            "map": "union(., ./translation)"
          },
          {
            "identity": "orim",
            "map": "fhir:CodeableConcept.coding rdfs:subPropertyOf dt:CD.coding"
          }
        ]
      },
      {
        "id": "ProcedureRequest:cimi-procedure-LaboratoryProcedureRequestedStatement.category.coding:Fixed_laboratory",
        "path": "ProcedureRequest.category.coding",
        "sliceName": "Fixed_laboratory",
        "definition": "A reference to a code defined by a terminology system.",
        "min": 1,
        "max": "1",
        "type": [
          {
            "code": "Coding",
            "profile": "http://standardhealthrecord.org/fhir/StructureDefinition/shr-core-Coding"
          }
        ],
        "isSummary": true
      },
      {
        "id": "ProcedureRequest:cimi-procedure-LaboratoryProcedureRequestedStatement.category.coding:Fixed_laboratory.id",
        "path": "ProcedureRequest.category.coding.id",
        "representation": [
          "xmlAttr"
        ],
        "short": "xml:id (or equivalent in JSON)",
        "definition": "unique id for the element within a resource (for internal references). This may be any string value that does not contain spaces.",
        "min": 0,
        "max": "1",
        "base": {
          "path": "Element.id",
          "min": 0,
          "max": "1"
        },
        "type": [
          {
            "code": "string"
          }
        ],
        "mapping": [
          {
            "identity": "rim",
            "map": "n/a"
          }
        ]
      },
      {
        "id": "ProcedureRequest:cimi-procedure-LaboratoryProcedureRequestedStatement.category.coding:Fixed_laboratory.extension",
        "path": "ProcedureRequest.category.coding.extension",
        "slicing": {
          "discriminator": [
            {
              "type": "value",
              "path": "url"
            }
          ],
          "description": "Extensions are always sliced by (at least) url",
          "rules": "open"
        },
        "short": "Additional Content defined by implementations",
        "definition": "May be used to represent additional information that is not part of the basic definition of the element. In order to make the use of extensions safe and manageable, there is a strict set of governance  applied to the definition and use of extensions. Though any implementer is allowed to define an extension, there is a set of requirements that SHALL be met as part of the definition of the extension.",
        "comment": "There can be no stigma associated with the use of extensions by any application, project, or standard - regardless of the institution or jurisdiction that uses or defines the extensions.  The use of extensions is what allows the FHIR specification to retain a core level of simplicity for everyone.",
        "alias": [
          "extensions",
          "user content"
        ],
        "min": 0,
        "max": "*",
        "base": {
          "path": "Element.extension",
          "min": 0,
          "max": "*"
        },
        "type": [
          {
            "code": "Extension"
          }
        ],
        "mapping": [
          {
            "identity": "rim",
            "map": "n/a"
          }
        ]
      },
      {
        "id": "ProcedureRequest:cimi-procedure-LaboratoryProcedureRequestedStatement.category.coding:Fixed_laboratory.system",
        "path": "ProcedureRequest.category.coding.system",
        "short": "Identity of the terminology system",
        "definition": "The identification of the code system that defines the meaning of the symbol in the code.",
        "comment": "The URI may be an OID (urn:oid:...) or a UUID (urn:uuid:...).  OIDs and UUIDs SHALL be references to the HL7 OID registry. Otherwise, the URI should come from HL7's list of FHIR defined special URIs or it should de-reference to some definition that establish the system clearly and unambiguously.",
        "requirements": "Need to be unambiguous about the source of the definition of the symbol.",
        "min": 0,
        "max": "1",
        "type": [
          {
            "code": "uri"
          }
        ],
        "fixedUri": "http://hl7.org/fhir/observation-category",
        "isSummary": true,
        "mapping": [
          {
            "identity": "v2",
            "map": "C*E.3"
          },
          {
            "identity": "rim",
            "map": "./codeSystem"
          },
          {
            "identity": "orim",
            "map": "fhir:Coding.system rdfs:subPropertyOf dt:CDCoding.codeSystem"
          }
        ]
      },
      {
        "id": "ProcedureRequest:cimi-procedure-LaboratoryProcedureRequestedStatement.category.coding:Fixed_laboratory.version",
        "path": "ProcedureRequest.category.coding.version",
        "short": "Version of the system - if relevant",
        "definition": "The version of the code system which was used when choosing this code. Note that a well-maintained code system does not need the version reported, because the meaning of codes is consistent across versions. However this cannot consistently be assured. and when the meaning is not guaranteed to be consistent, the version SHOULD be exchanged.",
        "comment": "Where the terminology does not clearly define what string should be used to identify code system versions, the recommendation is to use the date (expressed in FHIR date format) on which that version was officially published as the version date.",
        "min": 0,
        "max": "1",
        "type": [
          {
            "code": "string"
          }
        ],
        "isSummary": true,
        "mapping": [
          {
            "identity": "v2",
            "map": "C*E.7"
          },
          {
            "identity": "rim",
            "map": "./codeSystemVersion"
          },
          {
            "identity": "orim",
            "map": "fhir:Coding.version rdfs:subPropertyOf dt:CDCoding.codeSystemVersion"
          }
        ]
      },
      {
        "id": "ProcedureRequest:cimi-procedure-LaboratoryProcedureRequestedStatement.category.coding:Fixed_laboratory.code",
        "path": "ProcedureRequest.category.coding.code",
        "short": "Symbol in syntax defined by the system",
        "definition": "A symbol in syntax defined by the system. The symbol may be a predefined code or an expression in a syntax defined by the coding system (e.g. post-coordination).",
        "requirements": "Need to refer to a particular code in the system.",
        "min": 0,
        "max": "1",
        "type": [
          {
            "code": "code"
          }
        ],
        "fixedCode": "laboratory",
        "isSummary": true,
        "mapping": [
          {
            "identity": "v2",
            "map": "C*E.1"
          },
          {
            "identity": "rim",
            "map": "./code"
          },
          {
            "identity": "orim",
            "map": "fhir:Coding.code rdfs:subPropertyOf dt:CDCoding.code"
          }
        ]
      },
      {
        "id": "ProcedureRequest:cimi-procedure-LaboratoryProcedureRequestedStatement.category.coding:Fixed_laboratory.display",
        "extension": [
          {
            "url": "http://hl7.org/fhir/StructureDefinition/elementdefinition-translatable",
            "valueBoolean": true
          }
        ],
        "path": "ProcedureRequest.category.coding.display",
        "short": "Representation defined by the system",
        "definition": "A representation of the meaning of the code in the system, following the rules of the system.",
        "requirements": "Need to be able to carry a human-readable meaning of the code for readers that do not know  the system.",
        "min": 0,
        "max": "1",
        "type": [
          {
            "code": "string"
          }
        ],
        "isSummary": true,
        "mapping": [
          {
            "identity": "v2",
            "map": "C*E.2 - but note this is not well followed"
          },
          {
            "identity": "rim",
            "map": "CV.displayName"
          },
          {
            "identity": "orim",
            "map": "fhir:Coding.display rdfs:subPropertyOf dt:CDCoding.displayName"
          }
        ]
      },
      {
        "id": "ProcedureRequest:cimi-procedure-LaboratoryProcedureRequestedStatement.category.coding:Fixed_laboratory.userSelected",
        "path": "ProcedureRequest.category.coding.userSelected",
        "short": "If this coding was chosen directly by the user",
        "definition": "Indicates that this coding was chosen by a user directly - i.e. off a pick list of available items (codes or displays).",
        "comment": "Amongst a set of alternatives, a directly chosen code is the most appropriate starting point for new translations. There is some ambiguity about what exactly 'directly chosen' implies, and trading partner agreement may be needed to clarify the use of this element and its consequences more completely.",
        "requirements": "This has been identified as a clinical safety criterium - that this exact system/code pair was chosen explicitly, rather than inferred by the system based on some rules or language processing.",
        "min": 0,
        "max": "1",
        "type": [
          {
            "code": "boolean"
          }
        ],
        "isSummary": true,
        "mapping": [
          {
            "identity": "v2",
            "map": "Sometimes implied by being first"
          },
          {
            "identity": "rim",
            "map": "CD.codingRationale"
          },
          {
            "identity": "orim",
            "map": "fhir:Coding.userSelected fhir:mapsTo dt:CDCoding.codingRationale. fhir:Coding.userSelected fhir:hasMap fhir:Coding.userSelected.map. fhir:Coding.userSelected.map a fhir:Map;   fhir:target dt:CDCoding.codingRationale. fhir:Coding.userSelected\\#true a [     fhir:source \"true\";     fhir:target dt:CDCoding.codingRationale\\#O   ]"
          }
        ]
      },
      {
        "id": "ProcedureRequest:cimi-procedure-LaboratoryProcedureRequestedStatement.category.text",
        "extension": [
          {
            "url": "http://hl7.org/fhir/StructureDefinition/elementdefinition-translatable",
            "valueBoolean": true
          }
        ],
        "path": "ProcedureRequest.category.text",
        "short": "Plain text representation of the concept",
        "definition": "A human language representation of the concept as seen/selected/uttered by the user who entered the data and/or which represents the intended meaning of the user.",
        "comment": "Very often the text is the same as a displayName of one of the codings.",
        "requirements": "The codes from the terminologies do not always capture the correct meaning with all the nuances of the human using them, or sometimes there is no appropriate code at all. In these cases, the text is used to capture the full meaning of the source.",
        "min": 0,
        "max": "1",
        "type": [
          {
            "code": "string"
          }
        ],
        "isSummary": true,
        "mapping": [
          {
            "identity": "v2",
            "map": "C*E.9. But note many systems use C*E.2 for this"
          },
          {
            "identity": "rim",
            "map": "./originalText[mediaType/code=\"text/plain\"]/data"
          },
          {
            "identity": "orim",
            "map": "fhir:CodeableConcept.text rdfs:subPropertyOf dt:CD.originalText"
          }
        ]
      },
      {
        "id": "ProcedureRequest:cimi-procedure-LaboratoryProcedureRequestedStatement.code",
        "path": "ProcedureRequest.code",
        "short": "What is being requested/ordered",
        "definition": "A code that identifies a particular procedure, diagnostic investigation, or panel of investigations, that have been requested.",
        "comment": "Many laboratory and radiology procedure codes embed the specimen/organ system in the test ordeer name, for example,  serum or serum/plasma glucose, or a chest xray. The specimen may not be recorded separately from the test code.",
        "min": 1,
        "max": "1",
        "type": [
          {
            "code": "CodeableConcept",
            "profile": "http://standardhealthrecord.org/fhir/StructureDefinition/shr-core-CodeableConcept"
          }
        ],
        "isSummary": true,
        "binding": {
          "strength": "required",
          "valueSetReference": {
            "reference": "http://hl7.org/fhir/ValueSet/observation-codes"
          }
        },
        "mapping": [
          {
            "identity": "workflow",
            "map": "Request.code"
          },
          {
            "identity": "v2",
            "map": "Varies by domain"
          },
          {
            "identity": "rim",
            "map": ".code"
          },
          {
            "identity": "quick",
            "map": "Procedure.procedureCode"
          },
          {
            "identity": "w5",
            "map": "what"
          }
        ]
      },
      {
        "id": "ProcedureRequest:cimi-procedure-LaboratoryProcedureRequestedStatement.subject",
        "path": "ProcedureRequest.subject",
        "short": "Individual the service is ordered for",
        "definition": "On whom or what the procedure or diagnostic is to be performed. This is usually a human patient, but can also be requested on animals, groups of humans or animals, devices such as dialysis machines, or even locations (typically for environmental scans).",
        "min": 1,
        "max": "1",
        "type": [
          {
            "code": "Reference",
            "targetProfile": "http://standardhealthrecord.org/fhir/StructureDefinition/cimi-entity-Patient"
          }
        ],
        "isSummary": true,
        "mapping": [
          {
            "identity": "workflow",
            "map": "Request.subject"
          },
          {
            "identity": "v2",
            "map": "Accompanying PID segment"
          },
          {
            "identity": "rim",
            "map": ".participation[typeCode=SBJ].role"
          },
          {
            "identity": "quick",
            "map": "ClinicalStatement.subject"
          },
          {
            "identity": "w5",
            "map": "who.focus"
          }
        ]
      },
      {
        "id": "ProcedureRequest:cimi-procedure-LaboratoryProcedureRequestedStatement.context",
        "path": "ProcedureRequest.context",
        "short": "Encounter or Episode during which request was created",
        "definition": "An encounter or episode of care that provides additional information about the healthcare context in which this request is made.",
        "alias": [
          "encounter"
        ],
        "min": 0,
        "max": "1",
        "type": [
          {
            "code": "Reference",
            "targetProfile": "http://standardhealthrecord.org/fhir/StructureDefinition/cimi-encounter-Encounter"
          }
        ],
        "isSummary": true,
        "mapping": [
          {
            "identity": "workflow",
            "map": "Request.context"
          },
          {
            "identity": "v2",
            "map": "Accompanying PV1"
          },
          {
            "identity": "rim",
            "map": ".inboundRelationship(typeCode=COMP].source[classCode<=PCPR, moodCode=EVN]"
          },
          {
            "identity": "quick",
            "map": "ClinicalStatement.encounter"
          },
          {
            "identity": "w5",
            "map": "context"
          }
        ]
      },
      {
        "id": "ProcedureRequest:cimi-procedure-LaboratoryProcedureRequestedStatement.occurrence[x]",
        "path": "ProcedureRequest.occurrence[x]",
        "short": "When procedure should occur",
        "definition": "The date/time at which the diagnostic testing should occur.",
        "alias": [
          "schedule"
        ],
        "min": 0,
        "max": "1",
        "type": [
          {
            "code": "dateTime"
          },
          {
            "code": "Period"
          },
          {
            "code": "Timing",
            "profile": "http://standardhealthrecord.org/fhir/StructureDefinition/shr-core-Timing"
          }
        ],
        "isSummary": true,
        "mapping": [
          {
            "identity": "workflow",
            "map": "Request.occurrence[x]"
          },
          {
            "identity": "v2",
            "map": "Accompanying TQ1/TQ2 segments"
          },
          {
            "identity": "rim",
            "map": ".effectiveTime"
          },
          {
            "identity": "quick",
            "map": "Procedure.procedureSchedule"
          },
          {
            "identity": "w5",
            "map": "when.planned"
          }
        ]
      },
      {
        "id": "ProcedureRequest:cimi-procedure-LaboratoryProcedureRequestedStatement.asNeeded[x]",
        "path": "ProcedureRequest.asNeeded[x]",
        "short": "Preconditions for procedure or diagnostic",
        "definition": "If a CodeableConcept is present, it indicates the pre-condition for performing the procedure.  For example \"pain\", \"on flare-up\", etc.",
        "min": 0,
        "max": "1",
        "type": [
          {
            "code": "boolean"
          },
          {
            "code": "CodeableConcept"
          }
        ],
        "isSummary": true,
        "binding": {
          "extension": [
            {
              "url": "http://hl7.org/fhir/StructureDefinition/elementdefinition-bindingName",
              "valueString": "ProcedureAsNeededReason"
            }
          ],
          "strength": "example",
          "description": "A coded concept identifying the pre-condition that should hold prior to performing a procedure.  For example \"pain\", \"on flare-up\", etc.",
          "valueSetReference": {
            "reference": "http://hl7.org/fhir/ValueSet/medication-as-needed-reason"
          }
        },
        "mapping": [
          {
            "identity": "rim",
            "map": "boolean: precondition.negationInd (inversed - so negationInd = true means asNeeded=false CodeableConcept: precondition.observationEventCriterion[code=\"Assertion\"].value"
          },
          {
            "identity": "quick",
            "map": "Proposal.prnReason.reason"
          }
        ]
      },
      {
        "id": "ProcedureRequest:cimi-procedure-LaboratoryProcedureRequestedStatement.authoredOn",
        "path": "ProcedureRequest.authoredOn",
        "short": "Date request signed",
        "definition": "When the request transitioned to being actionable.",
        "alias": [
          "orderedOn"
        ],
        "min": 1,
        "max": "1",
        "type": [
          {
            "code": "dateTime"
          }
        ],
        "isSummary": true,
        "mapping": [
          {
            "identity": "workflow",
            "map": "Request.authoredOn"
          },
          {
            "identity": "v2",
            "map": "ORC.9"
          },
          {
            "identity": "rim",
            "map": ".participation[typeCode=AUT].time"
          },
          {
            "identity": "quick",
            "map": "Proposal.proposedAtTime"
          },
          {
            "identity": "w5",
            "map": "when.recorded"
          }
        ]
      },
      {
        "id": "ProcedureRequest:cimi-procedure-LaboratoryProcedureRequestedStatement.requester",
        "path": "ProcedureRequest.requester",
        "short": "Who/what is requesting procedure or diagnostic",
        "definition": "The individual who initiated the request and has responsibility for its activation.",
        "comment": "This not the dispatcher, but rather who is the authorizer.",
        "alias": [
          "author",
          "orderer"
        ],
        "min": 0,
        "max": "1",
        "type": [
          {
            "code": "BackboneElement"
          }
        ],
        "constraint": [
          {
            "key": "ele-1",
            "severity": "error",
            "human": "All FHIR elements must have a @value or children",
            "expression": "hasValue() | (children().count() > id.count())",
            "xpath": "@value|f:*|h:div",
            "source": "Element"
          }
        ],
        "isSummary": true,
        "mapping": [
          {
            "identity": "workflow",
            "map": "Request.requester"
          },
          {
            "identity": "v2",
            "map": "ORC.12"
          },
          {
            "identity": "rim",
            "map": ".participation[typeCode=AUT].role"
          },
          {
            "identity": "quick",
            "map": "ClinicalStatement.statementAuthor"
          }
        ]
      },
      {
        "id": "ProcedureRequest:cimi-procedure-LaboratoryProcedureRequestedStatement.requester.id",
        "path": "ProcedureRequest.requester.id",
        "representation": [
          "xmlAttr"
        ],
        "short": "xml:id (or equivalent in JSON)",
        "definition": "unique id for the element within a resource (for internal references). This may be any string value that does not contain spaces.",
        "min": 0,
        "max": "1",
        "base": {
          "path": "Element.id",
          "min": 0,
          "max": "1"
        },
        "type": [
          {
            "code": "string"
          }
        ],
        "mapping": [
          {
            "identity": "rim",
            "map": "n/a"
          }
        ]
      },
      {
        "id": "ProcedureRequest:cimi-procedure-LaboratoryProcedureRequestedStatement.requester.extension",
        "path": "ProcedureRequest.requester.extension",
        "short": "Additional Content defined by implementations",
        "definition": "May be used to represent additional information that is not part of the basic definition of the element. In order to make the use of extensions safe and manageable, there is a strict set of governance  applied to the definition and use of extensions. Though any implementer is allowed to define an extension, there is a set of requirements that SHALL be met as part of the definition of the extension.",
        "comment": "There can be no stigma associated with the use of extensions by any application, project, or standard - regardless of the institution or jurisdiction that uses or defines the extensions.  The use of extensions is what allows the FHIR specification to retain a core level of simplicity for everyone.",
        "alias": [
          "extensions",
          "user content"
        ],
        "min": 0,
        "max": "*",
        "base": {
          "path": "Element.extension",
          "min": 0,
          "max": "*"
        },
        "type": [
          {
            "code": "Extension"
          }
        ],
        "mapping": [
          {
            "identity": "rim",
            "map": "n/a"
          }
        ]
      },
      {
        "id": "ProcedureRequest:cimi-procedure-LaboratoryProcedureRequestedStatement.requester.modifierExtension",
        "path": "ProcedureRequest.requester.modifierExtension",
        "short": "Extensions that cannot be ignored",
        "definition": "May be used to represent additional information that is not part of the basic definition of the element, and that modifies the understanding of the element that contains it. Usually modifier elements provide negation or qualification. In order to make the use of extensions safe and manageable, there is a strict set of governance applied to the definition and use of extensions. Though any implementer is allowed to define an extension, there is a set of requirements that SHALL be met as part of the definition of the extension. Applications processing a resource are required to check for modifier extensions.",
        "comment": "There can be no stigma associated with the use of extensions by any application, project, or standard - regardless of the institution or jurisdiction that uses or defines the extensions.  The use of extensions is what allows the FHIR specification to retain a core level of simplicity for everyone.",
        "alias": [
          "extensions",
          "user content",
          "modifiers"
        ],
        "min": 0,
        "max": "*",
        "base": {
          "path": "BackboneElement.modifierExtension",
          "min": 0,
          "max": "*"
        },
        "type": [
          {
            "code": "Extension"
          }
        ],
        "isModifier": true,
        "isSummary": true,
        "mapping": [
          {
            "identity": "rim",
            "map": "N/A"
          }
        ]
      },
      {
        "id": "ProcedureRequest:cimi-procedure-LaboratoryProcedureRequestedStatement.requester.agent",
        "path": "ProcedureRequest.requester.agent",
        "short": "Individual making the request",
        "definition": "The device, practitioner or organization who initiated the request.",
        "min": 1,
        "max": "1",
        "type": [
          {
            "code": "Reference",
            "targetProfile": "http://hl7.org/fhir/StructureDefinition/Device"
          },
          {
            "code": "Reference",
            "targetProfile": "http://hl7.org/fhir/StructureDefinition/Practitioner"
          },
          {
            "code": "Reference",
            "targetProfile": "http://hl7.org/fhir/StructureDefinition/Organization"
          }
        ],
        "isSummary": true,
        "mapping": [
          {
            "identity": "workflow",
            "map": "Request.requester.agent"
          },
          {
            "identity": "v2",
            "map": "ORC.12"
          },
          {
            "identity": "rim",
            "map": ".player"
          },
          {
            "identity": "quick",
            "map": "ClinicalStatement.statementAuthor"
          },
          {
            "identity": "w5",
            "map": "who.author"
          }
        ]
      },
      {
        "id": "ProcedureRequest:cimi-procedure-LaboratoryProcedureRequestedStatement.requester.onBehalfOf",
        "path": "ProcedureRequest.requester.onBehalfOf",
        "short": "Organization agent is acting for",
        "definition": "The organization the device or practitioner was acting on behalf of.",
        "requirements": "Practitioners and Devices can be associated with multiple organizations.  This element indicates which organization they were acting on behalf of when authoring the request.",
        "min": 0,
        "max": "1",
        "type": [
          {
            "code": "Reference",
            "targetProfile": "http://hl7.org/fhir/StructureDefinition/Organization"
          }
        ],
        "isSummary": true,
        "mapping": [
          {
            "identity": "workflow",
            "map": "Request.requester.onBehalfOf"
          },
          {
            "identity": "v2",
            "map": "N/A"
          },
          {
            "identity": "rim",
            "map": ".scoper"
          }
        ]
      },
      {
        "id": "ProcedureRequest:cimi-procedure-LaboratoryProcedureRequestedStatement.performerType",
        "path": "ProcedureRequest.performerType",
        "short": "Performer role",
        "definition": "Desired type of performer for doing the diagnostic testing.",
        "comment": "this is a  role, not  a participation type.  I.e. does not describe the task, but describes the capacity.  For example, “compounding pharmacy” or “psychiatrist” or “internal referral”.",
        "min": 0,
        "max": "1",
        "type": [
          {
            "code": "CodeableConcept",
            "profile": "http://standardhealthrecord.org/fhir/StructureDefinition/shr-core-CodeableConcept"
          }
        ],
        "isSummary": true,
        "binding": {
          "extension": [
            {
              "url": "http://hl7.org/fhir/StructureDefinition/elementdefinition-bindingName",
              "valueString": "ProcedureRequestParticipantRole"
            }
          ],
          "strength": "example",
          "description": "Indicates specific responsibility of an individual within the care team, such as \"Primary physician\", \"Team coordinator\", \"Caregiver\", etc.",
          "valueSetReference": {
            "reference": "http://hl7.org/fhir/ValueSet/participant-role"
          }
        },
        "mapping": [
          {
            "identity": "workflow",
            "map": "Request.performerType"
          },
          {
            "identity": "v2",
            "map": "PRT"
          },
          {
            "identity": "rim",
            "map": ".participation[typeCode=PRF].role[scoper.determinerCode=KIND].code"
          },
          {
            "identity": "w5",
            "map": "who.actor"
          }
        ]
      },
      {
        "id": "ProcedureRequest:cimi-procedure-LaboratoryProcedureRequestedStatement.performer",
        "path": "ProcedureRequest.performer",
        "short": "Requested perfomer",
        "definition": "The desired perfomer for doing the diagnostic testing.  For example, the surgeon, dermatopathologist, endoscopist, etc.",
        "comment": "If needed, use an [extension](extensibility.html) for listing alternative performers and/or roles and/or preference.",
        "min": 0,
        "max": "1",
        "type": [
          {
            "code": "Reference",
            "targetProfile": "http://standardhealthrecord.org/fhir/StructureDefinition/cimi-entity-Organization"
          }
        ],
        "isSummary": true,
        "mapping": [
          {
            "identity": "workflow",
            "map": "Request.Performer"
          },
          {
            "identity": "v2",
            "map": "PRT"
          },
          {
            "identity": "rim",
            "map": ".participation[typeCode=PRF].role[scoper.determinerCode=INSTANCE]"
          },
          {
            "identity": "w5",
            "map": "who.actor"
          }
        ]
      },
      {
        "id": "ProcedureRequest:cimi-procedure-LaboratoryProcedureRequestedStatement.reasonCode",
        "path": "ProcedureRequest.reasonCode",
        "short": "Explanation/Justification for test",
        "definition": "An explanation or justification for why this diagnostic investigation is being requested in coded or textual form.   This is often for billing purposes.  May relate to the resources referred to in supportingInformation.",
        "comment": "This may be used to decide how the diagnostic investigation will be performed, or even if it will be performed at all.   Use CodeableConcept text element if the data is free (uncoded) text as shown in the [CT Scan example](procedurerequest-example-di.html).",
        "min": 0,
        "max": "*",
        "type": [
          {
            "code": "CodeableConcept",
            "profile": "http://standardhealthrecord.org/fhir/StructureDefinition/shr-core-CodeableConcept"
          }
        ],
        "isSummary": true,
        "binding": {
          "extension": [
            {
              "url": "http://hl7.org/fhir/StructureDefinition/elementdefinition-bindingName",
              "valueString": "ProcedureRequestReason"
            }
          ],
          "strength": "example",
          "description": "Diagnosis or problem codes justifying the reason for requesting the procedure or diagnostic investigation.",
          "valueSetReference": {
            "reference": "http://hl7.org/fhir/ValueSet/procedure-reason"
          }
        },
        "mapping": [
          {
            "identity": "workflow",
            "map": "Request.reasonCod"
          },
          {
            "identity": "v2",
            "map": "ORC.16"
          },
          {
            "identity": "rim",
            "map": ".reasonCode"
          },
          {
            "identity": "w5",
            "map": "why"
          }
        ]
      },
      {
        "id": "ProcedureRequest:cimi-procedure-LaboratoryProcedureRequestedStatement.reasonReference",
        "path": "ProcedureRequest.reasonReference",
        "short": "Explanation/Justification for test",
        "definition": "Indicates another resource that provides a justification for why this diagnostic investigation is being requested.   May relate to the resources referred to in supportingInformation.",
        "comment": "This may be used to decide how the diagnostic investigation will be performed, or even if it will be performed at all.   Use CodeableConcept text element if the data is free (uncoded) text as shown in the [CT Scan example](procedurerequest-example-di.html).",
        "min": 0,
        "max": "*",
        "type": [
          {
            "code": "Reference",
            "targetProfile": "http://hl7.org/fhir/StructureDefinition/Condition"
          },
          {
            "code": "Reference",
            "targetProfile": "http://hl7.org/fhir/StructureDefinition/Observation"
          }
        ],
        "isSummary": true,
        "mapping": [
          {
            "identity": "workflow",
            "map": "Request.reasonReference"
          },
          {
            "identity": "v2",
            "map": "ORC.16"
          },
          {
            "identity": "rim",
            "map": ".outboundRelationship[typeCode=RSON].target"
          },
          {
            "identity": "w5",
            "map": "why"
          }
        ]
      },
      {
        "id": "ProcedureRequest:cimi-procedure-LaboratoryProcedureRequestedStatement.supportingInfo",
        "path": "ProcedureRequest.supportingInfo",
        "short": "Additional clinical information",
        "definition": "Additional clinical information about the patient or specimen that may influence the procedure or diagnostics or their interpretations.     This information includes diagnosis, clinical findings and other observations.  In laboratory ordering these are typically referred to as \"ask at order entry questions (AOEs)\".  This includes observations explicitly requested by the producer (filler) to provide context or supporting information needed to complete the order. For example,  reporting the amount of inspired oxygen for blood gas measurements.",
        "alias": [
          "Ask at order entry question",
          "AOE"
        ],
        "min": 0,
        "max": "*",
        "type": [
          {
            "code": "Reference",
            "targetProfile": "http://hl7.org/fhir/StructureDefinition/Resource"
          }
        ],
        "mapping": [
          {
            "identity": "workflow",
            "map": "Request.supportingInformation"
          },
          {
            "identity": "v2",
            "map": "Accompanying segments"
          },
          {
            "identity": "rim",
            "map": ".outboundRelationship[typeCode=PERT].target"
          }
        ]
      },
      {
        "id": "ProcedureRequest:cimi-procedure-LaboratoryProcedureRequestedStatement.specimen",
        "path": "ProcedureRequest.specimen",
        "short": "Procedure Samples",
        "definition": "One or more specimens that the laboratory procedure will use.",
        "comment": "Many diagnostic procedures need a specimen, but the request itself is not actually about the specimen. This element is for when the diagnostic is requested on already existing specimens and the request points to the specimen it applies to.    Conversely, If the request is entered first with an unknown specimen, The [Specimen](specimen.html) resource references to the ProcedureRequest.",
        "min": 0,
        "max": "*",
        "type": [
          {
            "code": "Reference",
            "targetProfile": "http://hl7.org/fhir/StructureDefinition/Specimen"
          }
        ],
        "isSummary": true,
        "mapping": [
          {
            "identity": "v2",
            "map": "SPM"
          },
          {
            "identity": "rim",
            "map": ".participation[typeCode=SPC].role"
          }
        ]
      },
      {
        "id": "ProcedureRequest:cimi-procedure-LaboratoryProcedureRequestedStatement.bodySite",
        "path": "ProcedureRequest.bodySite",
        "short": "Location on Body",
        "definition": "Anatomic location where the procedure should be performed. This is the target site.",
        "comment": "Only used if not implicit in the code found in ProcedureRequest.type.  If the use case requires BodySite to be handled as a separate resource instead of an inline coded element (e.g. to identify and track separately)  then use the standard extension [procedurerequest-targetBodySite](extension-procedurerequest-targetbodysite.html).",
        "requirements": "Knowing where the procedure is performed is important for tracking if multiple sites are possible.",
        "alias": [
          "location"
        ],
        "min": 0,
        "max": "*",
        "type": [
          {
            "code": "CodeableConcept",
            "profile": "http://standardhealthrecord.org/fhir/StructureDefinition/shr-core-CodeableConcept"
          }
        ],
        "isSummary": true,
        "binding": {
          "strength": "required",
          "valueSetReference": {
            "reference": "http://standardhealthrecord.org/cimi/element/vs/AnatomicalLocationVS"
          }
        },
        "mapping": [
          {
            "identity": "v2",
            "map": "SPM"
          },
          {
            "identity": "rim",
            "map": "targetSiteCode"
          },
          {
            "identity": "quick",
            "map": "Procedure.targetBodySite"
          }
        ]
      },
      {
        "id": "ProcedureRequest:cimi-procedure-LaboratoryProcedureRequestedStatement.note",
        "path": "ProcedureRequest.note",
        "short": "Comments",
        "definition": "Any other notes and comments made about the service request. For example, letting provider know that \"patient hates needles\" or other provider instructions.",
        "min": 0,
        "max": "*",
        "type": [
          {
            "code": "Annotation"
          }
        ],
        "mapping": [
          {
            "identity": "workflow",
            "map": "Request.note"
          },
          {
            "identity": "v2",
            "map": "NTE"
          },
          {
            "identity": "rim",
            "map": ".inboundRelationship(typeCode=SUBJ].source[classCode=ANNGEN, moodCode=EVN].value[xsi:type=ST]"
          },
          {
            "identity": "quick",
            "map": "ClinicalStatement.additionalText"
          }
        ]
      },
      {
        "id": "ProcedureRequest:cimi-procedure-LaboratoryProcedureRequestedStatement.relevantHistory",
        "path": "ProcedureRequest.relevantHistory",
        "short": "Request provenance",
        "definition": "Key events in the history of the request.",
        "comment": "This may not include provenances for all versions of the request – only those deemed “relevant” or important.\rThis SHALL NOT include the Provenance associated with this current version of the resource.  (If that provenance is deemed to be a “relevant” change, it will need to be added as part of a later update.  Until then, it can be queried directly as the Provenance that points to this version using _revinclude\rAll Provenances should have some historical version of this Request as their subject.",
        "min": 0,
        "max": "*",
        "type": [
          {
            "code": "Reference",
            "targetProfile": "http://hl7.org/fhir/StructureDefinition/Provenance"
          }
        ],
        "mapping": [
          {
            "identity": "workflow",
            "map": "Request.relevantHistory"
          },
          {
            "identity": "v2",
            "map": "N/A"
          },
          {
            "identity": "rim",
            "map": ".inboundRelationship(typeCode=SUBJ].source[classCode=CACT, moodCode=EVN]"
          }
        ]
      }
    ]
  },
  "differential": {
    "element": [
      {
        "id": "ProcedureRequest:cimi-procedure-LaboratoryProcedureRequestedStatement",
        "path": "ProcedureRequest",
        "short": "SHR LaboratoryProcedureRequestedStatement Profile",
        "definition": "A record of a request for diagnostic investigations, treatments, or operations to be performed."
      },
      {
        "id": "ProcedureRequest:cimi-procedure-LaboratoryProcedureRequestedStatement.extension:sourceofinformation",
        "path": "ProcedureRequest.extension",
        "sliceName": "sourceofinformation",
        "definition": "The person or entity that provided the information in the entry, e.g. the subject (patient), medical professional, family member, device or software program, as distinct from who recorded the entry.",
        "min": 0,
        "max": "1",
        "type": [
          {
            "code": "Extension",
            "profile": "http://standardhealthrecord.org/fhir/StructureDefinition/cimi-core-SourceOfInformation-extension"
          }
        ]
      },
      {
        "id": "ProcedureRequest:cimi-procedure-LaboratoryProcedureRequestedStatement.extension:annotation",
        "path": "ProcedureRequest.extension",
        "sliceName": "annotation",
        "definition": "An added or follow-up note, often after the fact, that contains metadata about who made the statement and when.",
        "min": 0,
        "max": "*",
        "type": [
          {
            "code": "Extension",
            "profile": "http://standardhealthrecord.org/fhir/StructureDefinition/cimi-element-Annotation-extension"
          }
        ]
      },
      {
        "id": "ProcedureRequest:cimi-procedure-LaboratoryProcedureRequestedStatement.extension:recordstatus",
        "path": "ProcedureRequest.extension",
        "sliceName": "recordstatus",
        "definition": "Concept indicating the state of this record, e.g., 'entered in error'.",
        "min": 0,
        "max": "1",
        "type": [
          {
            "code": "Extension",
            "profile": "http://standardhealthrecord.org/fhir/StructureDefinition/cimi-core-RecordStatus-extension"
          }
        ]
      },
      {
        "id": "ProcedureRequest:cimi-procedure-LaboratoryProcedureRequestedStatement.extension:recorded",
        "path": "ProcedureRequest.extension",
        "sliceName": "recorded",
        "definition": "The person who entered the order on behalf of another individual for example in the case of a verbal or a telephone order.",
        "min": 0,
        "max": "1",
        "type": [
          {
            "code": "Extension",
            "profile": "http://standardhealthrecord.org/fhir/StructureDefinition/cimi-core-Recorded-extension"
          }
        ]
      },
      {
        "id": "ProcedureRequest:cimi-procedure-LaboratoryProcedureRequestedStatement.extension:cosigned",
        "path": "ProcedureRequest.extension",
        "sliceName": "cosigned",
        "definition": "Provenance information specific to the cosigning of the clinical statement.",
        "min": 0,
        "max": "*",
        "type": [
          {
            "code": "Extension",
            "profile": "http://standardhealthrecord.org/fhir/StructureDefinition/cimi-core-Cosigned-extension"
          }
        ]
      },
      {
        "id": "ProcedureRequest:cimi-procedure-LaboratoryProcedureRequestedStatement.extension:verified",
        "path": "ProcedureRequest.extension",
        "sliceName": "verified",
        "definition": "Provenance information specific to the verification process associated with this statement (e.g., verifier, when verified, etc.)",
        "min": 0,
        "max": "*",
        "type": [
          {
            "code": "Extension",
            "profile": "http://standardhealthrecord.org/fhir/StructureDefinition/cimi-core-Verified-extension"
          }
        ]
      },
      {
        "id": "ProcedureRequest:cimi-procedure-LaboratoryProcedureRequestedStatement.doNotPerform",
        "path": "ProcedureRequest.doNotPerform",
        "min": 0,
        "max": "0"
      },
      {
        "id": "ProcedureRequest:cimi-procedure-LaboratoryProcedureRequestedStatement.category",
        "path": "ProcedureRequest.category",
        "min": 0,
        "max": "1",
        "type": [
          {
            "code": "CodeableConcept",
            "profile": "http://standardhealthrecord.org/fhir/StructureDefinition/shr-core-CodeableConcept"
          }
        ]
      },
      {
        "id": "ProcedureRequest:cimi-procedure-LaboratoryProcedureRequestedStatement.category.coding",
        "path": "ProcedureRequest.category.coding",
        "slicing": {
          "id": "1",
          "discriminator": [
            {
              "type": "value",
              "path": "code"
            }
          ],
          "ordered": false,
          "rules": "open"
        }
      },
      {
        "id": "ProcedureRequest:cimi-procedure-LaboratoryProcedureRequestedStatement.category.coding:Fixed_laboratory",
        "path": "ProcedureRequest.category.coding",
        "sliceName": "Fixed_laboratory",
        "definition": "A reference to a code defined by a terminology system.",
        "min": 1,
        "max": "1",
        "type": [
          {
            "code": "Coding",
            "profile": "http://standardhealthrecord.org/fhir/StructureDefinition/shr-core-Coding"
          }
        ],
        "isSummary": true
      },
      {
        "id": "ProcedureRequest:cimi-procedure-LaboratoryProcedureRequestedStatement.category.coding:Fixed_laboratory.system",
        "path": "ProcedureRequest.category.coding.system",
        "fixedUri": "http://hl7.org/fhir/observation-category"
      },
      {
        "id": "ProcedureRequest:cimi-procedure-LaboratoryProcedureRequestedStatement.category.coding:Fixed_laboratory.code",
        "path": "ProcedureRequest.category.coding.code",
        "fixedCode": "laboratory"
      },
      {
        "id": "ProcedureRequest:cimi-procedure-LaboratoryProcedureRequestedStatement.code",
        "path": "ProcedureRequest.code",
        "type": [
          {
            "code": "CodeableConcept",
            "profile": "http://standardhealthrecord.org/fhir/StructureDefinition/shr-core-CodeableConcept"
          }
        ],
        "binding": {
          "strength": "required",
          "valueSetReference": {
            "reference": "http://hl7.org/fhir/ValueSet/observation-codes"
          }
        }
      },
      {
        "id": "ProcedureRequest:cimi-procedure-LaboratoryProcedureRequestedStatement.subject",
        "path": "ProcedureRequest.subject",
        "type": [
          {
            "code": "Reference",
            "targetProfile": "http://standardhealthrecord.org/fhir/StructureDefinition/cimi-entity-Patient"
          }
        ]
      },
      {
        "id": "ProcedureRequest:cimi-procedure-LaboratoryProcedureRequestedStatement.context",
        "path": "ProcedureRequest.context",
        "type": [
          {
            "code": "Reference",
            "targetProfile": "http://standardhealthrecord.org/fhir/StructureDefinition/cimi-encounter-Encounter"
          }
        ]
      },
      {
        "id": "ProcedureRequest:cimi-procedure-LaboratoryProcedureRequestedStatement.occurrence[x]",
        "path": "ProcedureRequest.occurrence[x]",
        "type": [
          {
            "code": "dateTime"
          },
          {
            "code": "Period"
          },
          {
            "code": "Timing",
            "profile": "http://standardhealthrecord.org/fhir/StructureDefinition/shr-core-Timing"
          }
        ]
      },
      {
        "id": "ProcedureRequest:cimi-procedure-LaboratoryProcedureRequestedStatement.authoredOn",
        "path": "ProcedureRequest.authoredOn",
        "min": 1,
        "max": "1"
      },
      {
        "id": "ProcedureRequest:cimi-procedure-LaboratoryProcedureRequestedStatement.performerType",
        "path": "ProcedureRequest.performerType",
        "type": [
          {
            "code": "CodeableConcept",
            "profile": "http://standardhealthrecord.org/fhir/StructureDefinition/shr-core-CodeableConcept"
          }
        ]
      },
      {
        "id": "ProcedureRequest:cimi-procedure-LaboratoryProcedureRequestedStatement.performer",
        "path": "ProcedureRequest.performer",
        "type": [
          {
            "code": "Reference",
            "targetProfile": "http://standardhealthrecord.org/fhir/StructureDefinition/cimi-entity-Organization"
          }
        ]
      },
      {
        "id": "ProcedureRequest:cimi-procedure-LaboratoryProcedureRequestedStatement.reasonCode",
        "path": "ProcedureRequest.reasonCode",
        "type": [
          {
            "code": "CodeableConcept",
            "profile": "http://standardhealthrecord.org/fhir/StructureDefinition/shr-core-CodeableConcept"
          }
        ]
      },
      {
        "id": "ProcedureRequest:cimi-procedure-LaboratoryProcedureRequestedStatement.bodySite",
        "path": "ProcedureRequest.bodySite",
        "type": [
          {
            "code": "CodeableConcept",
            "profile": "http://standardhealthrecord.org/fhir/StructureDefinition/shr-core-CodeableConcept"
          }
        ],
        "binding": {
          "strength": "required",
          "valueSetReference": {
            "reference": "http://standardhealthrecord.org/cimi/element/vs/AnatomicalLocationVS"
          }
        }
      }
    ]
  }
}