{
  "resourceType": "StructureDefinition",
  "id": "shr-core-HumanName",
  "text": {
    "status": "generated",
    "div": "<div xmlns=\"http://www.w3.org/1999/xhtml\">\n  <p><b>SHR HumanName Profile</b></p>\n  <p>A name used by a human being, written as it would be typically expressed. May include a breakdown of the various elements of the name (family name, given name, etc.).</p>\n  <p><b>SHR Mapping Summary</b></p>\n  <p><pre>shr.core.HumanName maps to HumanName:\n  string maps to text\n  HumanNamePrefix maps to prefix\n  GivenName maps to given\n  FamilyName maps to family\n  HumanNameSuffix maps to suffix\n  HumanNameUse maps to use\n  EffectiveTimePeriod maps to period\n</pre></p>\n</div>"
  },
  "url": "http://standardhealthrecord.org/fhir/StructureDefinition/shr-core-HumanName",
  "identifier": [
    {
      "system": "http://standardhealthrecord.org",
      "value": "shr.core.HumanName"
    }
  ],
  "version": "0.0.1",
  "name": "SHR HumanName Profile",
  "status": "draft",
  "date": "2017-04-18T15:12:22.430Z",
  "publisher": "The MITRE Corporation: Standard Health Record Collaborative",
  "contact": [
    {
      "telecom": [
        {
          "system": "url",
          "value": "http://www.standardhealthrecord.org"
        }
      ]
    }
  ],
  "description": "A name used by a human being, written as it would be typically expressed. May include a breakdown of the various elements of the name (family name, given name, etc.).",
  "purpose": "Need to be able to record names, along with notes about their use.",
  "fhirVersion": "3.0.0",
  "mapping": [
    {
      "identity": "v2",
      "uri": "http://hl7.org/v2",
      "name": "HL7 v2 Mapping"
    },
    {
      "identity": "rim",
      "uri": "http://hl7.org/v3",
      "name": "RIM Mapping"
    },
    {
      "identity": "servd",
      "uri": "http://www.omg.org/spec/ServD/1.0/",
      "name": "ServD"
    }
  ],
  "kind": "complex-type",
  "abstract": false,
  "type": "HumanName",
  "baseDefinition": "http://hl7.org/fhir/StructureDefinition/HumanName",
  "derivation": "constraint",
  "snapshot": {
    "element": [
      {
        "id": "HumanName:shr-core-HumanName",
        "path": "HumanName",
        "short": "SHR HumanName Profile",
        "definition": "A name used by a human being, written as it would be typically expressed. May include a breakdown of the various elements of the name (family name, given name, etc.).",
        "comment": "Names may be changed, or repudiated, or people may have different names in different contexts. Names may be divided into parts of different type that have variable significance depending on context, though the division into parts does not always matter. With personal names, the different parts may or may not be imbued with some implicit meaning; various cultures associate different importance with the name parts and the degree to which systems must care about name parts around the world varies widely.",
        "min": 0,
        "max": "*",
        "condition": [
          "ele-1"
        ],
        "constraint": [
          {
            "key": "ele-1",
            "severity": "error",
            "human": "All FHIR elements must have a @value or children",
            "expression": "children().count() > id.count()",
            "xpath": "@value|f:*|h:div",
            "source": "Element"
          }
        ],
        "mapping": [
          {
            "identity": "rim",
            "map": "n/a"
          },
          {
            "identity": "v2",
            "map": "XPN"
          },
          {
            "identity": "rim",
            "map": "EN (actually, PN)"
          },
          {
            "identity": "servd",
            "map": "ProviderName"
          }
        ]
      },
      {
        "id": "HumanName:shr-core-HumanName.id",
        "path": "HumanName.id",
        "representation": [
          "xmlAttr"
        ],
        "short": "xml:id (or equivalent in JSON)",
        "definition": "unique id for the element within a resource (for internal references). This may be any string value that does not contain spaces.",
        "min": 0,
        "max": "1",
        "base": {
          "path": "Element.id",
          "min": 0,
          "max": "1"
        },
        "type": [
          {
            "code": "string"
          }
        ],
        "mapping": [
          {
            "identity": "rim",
            "map": "n/a"
          }
        ]
      },
      {
        "id": "HumanName:shr-core-HumanName.extension",
        "path": "HumanName.extension",
        "slicing": {
          "discriminator": [
            {
              "type": "value",
              "path": "url"
            }
          ],
          "description": "Extensions are always sliced by (at least) url",
          "rules": "open"
        },
        "short": "Additional Content defined by implementations",
        "definition": "May be used to represent additional information that is not part of the basic definition of the element. In order to make the use of extensions safe and manageable, there is a strict set of governance  applied to the definition and use of extensions. Though any implementer is allowed to define an extension, there is a set of requirements that SHALL be met as part of the definition of the extension.",
        "comment": "There can be no stigma associated with the use of extensions by any application, project, or standard - regardless of the institution or jurisdiction that uses or defines the extensions.  The use of extensions is what allows the FHIR specification to retain a core level of simplicity for everyone.",
        "alias": [
          "extensions",
          "user content"
        ],
        "min": 0,
        "max": "*",
        "base": {
          "path": "Element.extension",
          "min": 0,
          "max": "*"
        },
        "type": [
          {
            "code": "Extension"
          }
        ],
        "mapping": [
          {
            "identity": "rim",
            "map": "n/a"
          }
        ]
      },
      {
        "id": "HumanName:shr-core-HumanName.use",
        "path": "HumanName.use",
        "short": "usual | official | temp | nickname | anonymous | old | maiden",
        "definition": "Identifies the purpose for this name.",
        "comment": "This is labeled as \"Is Modifier\" because applications should not mistake a temporary or old name etc.for a current/permanent one. Applications can assume that a name is current unless it explicitly says that it is temporary or old.",
        "requirements": "Allows the appropriate name for a particular context of use to be selected from among a set of names.",
        "min": 0,
        "max": "1",
        "type": [
          {
            "code": "code"
          }
        ],
        "isModifier": true,
        "isSummary": true,
        "binding": {
          "extension": [
            {
              "url": "http://hl7.org/fhir/StructureDefinition/elementdefinition-bindingName",
              "valueString": "NameUse"
            }
          ],
          "strength": "required",
          "description": "The use of a human name",
          "valueSetReference": {
            "reference": "http://hl7.org/fhir/ValueSet/name-use"
          }
        },
        "mapping": [
          {
            "identity": "v2",
            "map": "XPN.7, but often indicated by which field contains the name"
          },
          {
            "identity": "rim",
            "map": "unique(./use)"
          },
          {
            "identity": "servd",
            "map": "./NamePurpose"
          }
        ]
      },
      {
        "id": "HumanName:shr-core-HumanName.text",
        "path": "HumanName.text",
        "short": "Text representation of the full name",
        "definition": "A full text representation of the name.",
        "comment": "Can provide both a text representation and structured parts.",
        "requirements": "A renderable, unencoded form.",
        "min": 1,
        "max": "1",
        "type": [
          {
            "code": "string"
          }
        ],
        "isSummary": true,
        "mapping": [
          {
            "identity": "v2",
            "map": "implied by XPN.11"
          },
          {
            "identity": "rim",
            "map": "./formatted"
          }
        ]
      },
      {
        "id": "HumanName:shr-core-HumanName.family",
        "path": "HumanName.family",
        "short": "Family name (often called 'Surname')",
        "definition": "The part of a name that links to the genealogy. In some cultures (e.g. Eritrea) the family name of a son is the first name of his father.",
        "comment": "Family Name may be decomposed into specific parts using extensions (de, nl, es related cultures).",
        "alias": [
          "surname"
        ],
        "min": 0,
        "max": "1",
        "type": [
          {
            "code": "string"
          }
        ],
        "isSummary": true,
        "mapping": [
          {
            "identity": "v2",
            "map": "XPN.1/FN.1"
          },
          {
            "identity": "rim",
            "map": "./part[partType = FAM]"
          },
          {
            "identity": "servd",
            "map": "./FamilyName"
          }
        ]
      },
      {
        "id": "HumanName:shr-core-HumanName.given",
        "path": "HumanName.given",
        "short": "Given names (not always 'first'). Includes middle names",
        "definition": "Given name.",
        "comment": "If only initials are recorded, they may be used in place of the full name.  Not called \"first name\" since given names do not always come first.",
        "alias": [
          "first name",
          "middle name"
        ],
        "min": 0,
        "max": "*",
        "type": [
          {
            "code": "string"
          }
        ],
        "orderMeaning": "Given Names appear in the correct order for presenting the name",
        "isSummary": true,
        "mapping": [
          {
            "identity": "v2",
            "map": "XPN.2 + XPN.3"
          },
          {
            "identity": "rim",
            "map": "./part[partType = GIV]"
          },
          {
            "identity": "servd",
            "map": "./GivenNames"
          }
        ]
      },
      {
        "id": "HumanName:shr-core-HumanName.prefix",
        "path": "HumanName.prefix",
        "short": "Parts that come before the name",
        "definition": "Part of the name that is acquired as a title due to academic, legal, employment or nobility status, etc. and that appears at the start of the name.",
        "min": 0,
        "max": "1",
        "type": [
          {
            "code": "string"
          }
        ],
        "orderMeaning": "Prefixes appear in the correct order for presenting the name",
        "isSummary": true,
        "mapping": [
          {
            "identity": "v2",
            "map": "XPN.5"
          },
          {
            "identity": "rim",
            "map": "./part[partType = PFX]"
          },
          {
            "identity": "servd",
            "map": "./TitleCode"
          }
        ]
      },
      {
        "id": "HumanName:shr-core-HumanName.suffix",
        "path": "HumanName.suffix",
        "short": "Parts that come after the name",
        "definition": "Part of the name that is acquired as a title due to academic, legal, employment or nobility status, etc. and that appears at the end of the name.",
        "min": 0,
        "max": "*",
        "type": [
          {
            "code": "string"
          }
        ],
        "orderMeaning": "Suffixes appear in the correct order for presenting the name",
        "isSummary": true,
        "mapping": [
          {
            "identity": "v2",
            "map": "XPN/4"
          },
          {
            "identity": "rim",
            "map": "./part[partType = SFX]"
          }
        ]
      },
      {
        "id": "HumanName:shr-core-HumanName.period",
        "path": "HumanName.period",
        "short": "Time period when name was/is in use",
        "definition": "Indicates the period of time when this name was valid for the named person.",
        "requirements": "Allows names to be placed in historical context.",
        "min": 0,
        "max": "1",
        "type": [
          {
            "code": "Period",
            "profile": "http://standardhealthrecord.org/fhir/StructureDefinition/shr-core-EffectiveTimePeriod"
          }
        ],
        "isSummary": true,
        "mapping": [
          {
            "identity": "v2",
            "map": "XPN.13 + XPN.14"
          },
          {
            "identity": "rim",
            "map": "./usablePeriod[type=\"IVL<TS>\"]"
          },
          {
            "identity": "servd",
            "map": "./StartDate and ./EndDate"
          }
        ]
      }
    ]
  },
  "differential": {
    "element": [
      {
        "id": "HumanName:shr-core-HumanName",
        "path": "HumanName",
        "short": "SHR HumanName Profile",
        "definition": "A name used by a human being, written as it would be typically expressed. May include a breakdown of the various elements of the name (family name, given name, etc.)."
      },
      {
        "id": "HumanName:shr-core-HumanName.text",
        "path": "HumanName.text",
        "min": 1,
        "max": "1"
      },
      {
        "id": "HumanName:shr-core-HumanName.prefix",
        "path": "HumanName.prefix",
        "min": 0,
        "max": "1"
      },
      {
        "id": "HumanName:shr-core-HumanName.period",
        "path": "HumanName.period",
        "type": [
          {
            "code": "Period",
            "profile": "http://standardhealthrecord.org/fhir/StructureDefinition/shr-core-EffectiveTimePeriod"
          }
        ]
      }
    ]
  }
}