{
  "resourceType": "ValueSet",
  "id": "shr-behavior-PhysicalActivityLimitationVS",
  "text": {
    "status": "generated",
    "div": "<div xmlns=\"http://www.w3.org/1999/xhtml\">\n<p><b>SHR PhysicalActivityLimitationVS ValueSet</b></p>\n<p/>\n</div>"
  },
  "url": "http://standardhealthrecord.org/shr/behavior/vs/PhysicalActivityLimitationVS",
  "identifier": [
    {
      "system": "http://standardhealthrecord.org",
      "value": "shr.behavior.PhysicalActivityLimitationVS"
    }
  ],
  "version": "0.0.1",
  "name": "SHR PhysicalActivityLimitationVS ValueSet",
  "title": "SHR PhysicalActivityLimitationVS ValueSet",
  "status": "draft",
  "date": "2017-12-12",
  "publisher": "The MITRE Corporation: Standard Health Record Collaborative",
  "contact": [
    {
      "telecom": [
        {
          "system": "url",
          "value": "http://standardhealthrecord.org"
        }
      ]
    }
  ],
  "compose": {
    "include": [
      {
        "system": "http://standardhealthrecord.org/shr/behavior/cs/PhysicalActivityLimitationCS",
        "concept": [
          {
            "code": "conditions",
            "display": "Medical Problems or Conditions"
          },
          {
            "code": "disability",
            "display": "Disability"
          },
          {
            "code": "frail",
            "display": "Frailty"
          },
          {
            "code": "pain",
            "display": "Pain or injury"
          },
          {
            "code": "unaffordable",
            "display": "Too expensive"
          },
          {
            "code": "no_time",
            "display": "Not enough time"
          },
          {
            "code": "lack_knowledge",
            "display": "Not sure how"
          },
          {
            "code": "unmotivated",
            "display": "Low motivation"
          },
          {
            "code": "no_partner",
            "display": "Does not have partner"
          },
          {
            "code": "no_place",
            "display": "No place to exercise"
          },
          {
            "code": "worried",
            "display": "Worried about starting exercise program"
          },
          {
            "code": "embarrassed",
            "display": "Too self-conscious"
          }
        ]
      }
    ]
  }
}