{
  "resourceType": "ValueSet",
  "id": "shr-core-ThreePriorityVS",
  "text": {
    "status": "generated",
    "div": "<div xmlns=\"http://www.w3.org/1999/xhtml\">\n<p><b>SHR ThreePriorityVS ValueSet</b></p>\n<p/>\n</div>"
  },
  "url": "http://standardhealthrecord.org/shr/core/vs/ThreePriorityVS",
  "identifier": [
    {
      "system": "http://standardhealthrecord.org",
      "value": "shr.core.ThreePriorityVS"
    }
  ],
  "version": "0.0.1",
  "name": "SHR ThreePriorityVS ValueSet",
  "title": "SHR ThreePriorityVS ValueSet",
  "status": "draft",
  "date": "2017-12-12",
  "publisher": "The MITRE Corporation: Standard Health Record Collaborative",
  "contact": [
    {
      "telecom": [
        {
          "system": "url",
          "value": "http://standardhealthrecord.org"
        }
      ]
    }
  ],
  "compose": {
    "include": [
      {
        "system": "http://standardhealthrecord.org/shr/core/cs/ThreePriorityCS",
        "concept": [
          {
            "code": "primary",
            "display": "The first or primary item or alterative in a preference list."
          },
          {
            "code": "secondary",
            "display": "The second or backup preference."
          },
          {
            "code": "third_or_lower",
            "display": "An alternative to primary and secondard choices in a preference list."
          }
        ]
      }
    ]
  }
}