{
  "resourceType": "ValueSet",
  "id": "shr-oncology-BreastSpecimenCollectionMethodVS",
  "text": {
    "status": "generated",
    "div": "<div xmlns=\"http://www.w3.org/1999/xhtml\">\n<p><b>SHR BreastSpecimenCollectionMethodVS ValueSet</b></p>\n<p>The surgical method used to obtain the tissue sample.</p>\n</div>"
  },
  "url": "http://standardhealthrecord.org/shr/oncology/vs/BreastSpecimenCollectionMethodVS",
  "identifier": [
    {
      "system": "http://standardhealthrecord.org",
      "value": "shr.oncology.BreastSpecimenCollectionMethodVS"
    }
  ],
  "version": "0.1.0",
  "name": "BreastSpecimenCollectionMethodVS",
  "title": "SHR BreastSpecimenCollectionMethodVS ValueSet",
  "status": "draft",
  "date": "2018-08-22T00:00:00-04:00",
  "publisher": "The MITRE Corporation: Standard Health Record Collaborative",
  "contact": [
    {
      "telecom": [
        {
          "system": "url",
          "value": "http://standardhealthrecord.org"
        }
      ]
    }
  ],
  "description": "The surgical method used to obtain the tissue sample.",
  "compose": {
    "include": [
      {
        "system": "http://snomed.info/sct",
        "concept": [
          {
            "code": "9911007",
            "display": "Core needle biopsy (procedure)"
          },
          {
            "code": "48635004",
            "display": "Fine needle biopsy (procedure)"
          },
          {
            "code": "172043006",
            "display": "Simple mastectomy (procedure)"
          },
          {
            "code": "237372000",
            "display": "Excisional biopsy of breast (procedure)"
          }
        ]
      }
    ]
  }
}