{
  "resourceType": "ValueSet",
  "id": "shr-lifehistory-CongenitalAbnormalitiesVS",
  "meta": {
    "profile": [
      "http://hl7.org/fhir/StructureDefinition/valueset-shareable-definition"
    ]
  },
  "text": {
    "status": "generated",
    "div": "<div xmlns=\"http://www.w3.org/1999/xhtml\">\n<p><b>SHR CongenitalAbnormalitiesVS ValueSet</b></p>\n<p></p>\n</div>"
  },
  "url": "http://standardhealthrecord.org/fhir/ValueSet/shr-lifehistory-CongenitalAbnormalitiesVS",
  "identifier": [
    {
      "system": "http://standardhealthrecord.org",
      "value": "shr.lifehistory.CongenitalAbnormalitiesVS"
    }
  ],
  "name": "SHR CongenitalAbnormalitiesVS ValueSet",
  "title": "SHR CongenitalAbnormalitiesVS ValueSet",
  "status": "draft",
  "publisher": "The MITRE Corporation: Standard Health Record Collaborative",
  "contact": [
    {
      "telecom": [
        {
          "system": "url",
          "value": "http://www.standardhealthrecord.org"
        }
      ]
    }
  ],
  "date": "2017-04-06T15:42:37.924Z",
  "compose": {
    "include": [
      {
        "system": "http://snomed.info/sct",
        "filter": [
          {
            "property": "concept",
            "op": "is-a",
            "value": "66091009"
          }
        ]
      }
    ]
  }
}