{
  "resourceType": "ValueSet",
  "id": "shr-lifehistory-MilitaryServiceDischargeStatusVS",
  "meta": {
    "profile": [
      "http://hl7.org/fhir/StructureDefinition/valueset-shareable-definition"
    ]
  },
  "text": {
    "status": "generated",
    "div": "<div xmlns=\"http://www.w3.org/1999/xhtml\">\n<p><b>SHR MilitaryServiceDischargeStatusVS ValueSet</b></p>\n<p/>\n</div>"
  },
  "url": "http://standardhealthrecord.org/shr/lifehistory/vs/MilitaryServiceDischargeStatusVS",
  "identifier": [
    {
      "system": "http://standardhealthrecord.org",
      "value": "shr.lifehistory.MilitaryServiceDischargeStatusVS"
    }
  ],
  "version": "0.0.1",
  "name": "SHR MilitaryServiceDischargeStatusVS ValueSet",
  "title": "SHR MilitaryServiceDischargeStatusVS ValueSet",
  "status": "draft",
  "date": "2017-08-08T15:56:20.409Z",
  "publisher": "The MITRE Corporation: Standard Health Record Collaborative",
  "contact": [
    {
      "telecom": [
        {
          "system": "url",
          "value": "http://www.standardhealthrecord.org"
        }
      ]
    }
  ],
  "compose": {
    "include": [
      {
        "system": "http://standardhealthrecord.org/shr/lifehistory/cs/MilitaryServiceDischargeStatusCS",
        "concept": [
          {
            "code": "bad",
            "display": "Bad Conduct Discharge"
          },
          {
            "code": "dishonorable",
            "display": "Dishonorable discharge"
          },
          {
            "code": "general",
            "display": "General Conduct Discharge"
          },
          {
            "code": "honorable",
            "display": "Honorable Discharge"
          },
          {
            "code": "not_honorable",
            "display": "Other than honorable discharge, but not specified"
          }
        ]
      }
    ]
  }
}