{
  "resourceType": "ValueSet",
  "id": "shr-core-PortionTotalityVS",
  "text": {
    "status": "generated",
    "div": "<div xmlns=\"http://www.w3.org/1999/xhtml\">\n<p><b>SHR PortionTotalityVS ValueSet</b></p>\n<p>Further detail of the anatomical location or specimen detailing whether it includes the entire entity or only a part or portion.</p>\n</div>"
  },
  "url": "http://standardhealthrecord.org/shr/core/vs/PortionTotalityVS",
  "identifier": [
    {
      "system": "http://standardhealthrecord.org",
      "value": "shr.core.PortionTotalityVS"
    }
  ],
  "version": "0.0.1",
  "name": "SHR PortionTotalityVS ValueSet",
  "title": "SHR PortionTotalityVS ValueSet",
  "status": "draft",
  "date": "2017-12-12",
  "publisher": "The MITRE Corporation: Standard Health Record Collaborative",
  "contact": [
    {
      "telecom": [
        {
          "system": "url",
          "value": "http://standardhealthrecord.org"
        }
      ]
    }
  ],
  "description": "Further detail of the anatomical location or specimen detailing whether it includes the entire entity or only a part or portion.",
  "compose": {
    "include": [
      {
        "system": "https://evs.nci.nih.gov/ftp1/CDISC/SDTM/",
        "filter": [
          {
            "property": "concept",
            "op": "is-a",
            "value": "C99075"
          }
        ]
      }
    ]
  }
}