{
  "resourceType": "ValueSet",
  "id": "shr-demographics-AddressUseVS",
  "meta": {
    "profile": [
      "http://hl7.org/fhir/StructureDefinition/valueset-shareable-definition"
    ]
  },
  "text": {
    "status": "generated",
    "div": "<div xmlns=\"http://www.w3.org/1999/xhtml\">\n<p><b>SHR AddressUseVS ValueSet</b></p>\n<p>How an address is used by the subject, for example, as a dwelling or as a mailing address.</p>\n</div>"
  },
  "url": "http://standardhealthrecord.org/shr/demographics/vs/AddressUseVS",
  "identifier": [
    {
      "system": "http://standardhealthrecord.org",
      "value": "shr.demographics.AddressUseVS"
    }
  ],
  "version": "0.0.1",
  "name": "SHR AddressUseVS ValueSet",
  "title": "SHR AddressUseVS ValueSet",
  "status": "draft",
  "date": "2017-05-09T18:19:21.853Z",
  "publisher": "The MITRE Corporation: Standard Health Record Collaborative",
  "contact": [
    {
      "telecom": [
        {
          "system": "url",
          "value": "http://www.standardhealthrecord.org"
        }
      ]
    }
  ],
  "description": "How an address is used by the subject, for example, as a dwelling or as a mailing address.",
  "compose": {
    "include": [
      {
        "system": "http://standardhealthrecord.org/shr/demographics/cs/AddressUseCS",
        "concept": [
          {
            "code": "primary_residence",
            "display": "The address at which a person dwells most frequently or maintains as his or her official premises."
          },
          {
            "code": "secondary_residence",
            "display": "An address at which a person dwells on a secondary basis, for example, during vacation periods, when residing with other parent or relative, at boarding school, etc."
          },
          {
            "code": "temporary_dwelling",
            "display": "An address temporarily used as a dwelling"
          },
          {
            "code": "former_address",
            "display": "Address (residence, postal, or work address) that is no longer in use"
          },
          {
            "code": "mailing_address",
            "display": "Address is a postal address, such as a PO box"
          },
          {
            "code": "work_address",
            "display": "Address of place of business where the subject is employed"
          }
        ]
      }
    ]
  }
}