{
  "resourceType": "ValueSet",
  "id": "shr-allergy-DrugIngredientVS",
  "meta": {
    "profile": [
      "http://hl7.org/fhir/StructureDefinition/valueset-shareable-definition"
    ]
  },
  "text": {
    "status": "generated",
    "div": "<div xmlns=\"http://www.w3.org/1999/xhtml\">\n<p><b>SHR DrugIngredientVS ValueSet</b></p>\n<p>Drug allergies involve ingredients or mixtures, not specific dose forms. The value set focuses on drug ingredients.</p>\n</div>"
  },
  "url": "http://standardhealthrecord.org/shr/allergy/vs/DrugIngredientVS",
  "identifier": [
    {
      "system": "http://standardhealthrecord.org",
      "value": "shr.allergy.DrugIngredientVS"
    }
  ],
  "version": "0.0.1",
  "name": "SHR DrugIngredientVS ValueSet",
  "title": "SHR DrugIngredientVS ValueSet",
  "status": "draft",
  "date": "2017-05-10T18:00:13.091Z",
  "publisher": "The MITRE Corporation: Standard Health Record Collaborative",
  "contact": [
    {
      "telecom": [
        {
          "system": "url",
          "value": "http://www.standardhealthrecord.org"
        }
      ]
    }
  ],
  "description": "Drug allergies involve ingredients or mixtures, not specific dose forms. The value set focuses on drug ingredients."
}