{
  "resourceType": "ValueSet",
  "id": "shr-sex-SexualOrientationVS",
  "text": {
    "status": "generated",
    "div": "<div xmlns=\"http://www.w3.org/1999/xhtml\">\n<p><b>SHR SexualOrientationVS ValueSet</b></p>\n<p/>\n</div>"
  },
  "url": "http://standardhealthrecord.org/shr/sex/vs/SexualOrientationVS",
  "identifier": [
    {
      "system": "http://standardhealthrecord.org",
      "value": "shr.sex.SexualOrientationVS"
    }
  ],
  "version": "0.0.1",
  "name": "SHR SexualOrientationVS ValueSet",
  "title": "SHR SexualOrientationVS ValueSet",
  "status": "draft",
  "date": "2017-12-12",
  "publisher": "The MITRE Corporation: Standard Health Record Collaborative",
  "contact": [
    {
      "telecom": [
        {
          "system": "url",
          "value": "http://standardhealthrecord.org"
        }
      ]
    }
  ],
  "compose": {
    "include": [
      {
        "system": "http://snomed.info/sct",
        "filter": [
          {
            "property": "concept",
            "op": "is-a",
            "value": "365956009"
          }
        ]
      }
    ]
  }
}