{
  "resourceType": "ValueSet",
  "id": "shr-behavior-AlcoholUseScreeningToolVS",
  "meta": {
    "profile": [
      "http://hl7.org/fhir/StructureDefinition/valueset-shareable-definition"
    ]
  },
  "text": {
    "status": "generated",
    "div": "<div xmlns=\"http://www.w3.org/1999/xhtml\">\n<p><b>SHR AlcoholUseScreeningToolVS ValueSet</b></p>\n<p/>\n</div>"
  },
  "url": "http://standardhealthrecord.org/shr/behavior/vs/AlcoholUseScreeningToolVS",
  "identifier": [
    {
      "system": "http://standardhealthrecord.org",
      "value": "shr.behavior.AlcoholUseScreeningToolVS"
    }
  ],
  "version": "0.0.1",
  "name": "SHR AlcoholUseScreeningToolVS ValueSet",
  "title": "SHR AlcoholUseScreeningToolVS ValueSet",
  "status": "draft",
  "date": "2017-08-08T15:56:20.405Z",
  "publisher": "The MITRE Corporation: Standard Health Record Collaborative",
  "contact": [
    {
      "telecom": [
        {
          "system": "url",
          "value": "http://www.standardhealthrecord.org"
        }
      ]
    }
  ],
  "compose": {
    "include": [
      {
        "system": "http://standardhealthrecord.org/shr/behavior/cs/AlcoholUseScreeningToolCS",
        "concept": [
          {
            "code": "audit",
            "display": "AUDIT"
          },
          {
            "code": "audit_c",
            "display": "AUDIT-C"
          },
          {
            "code": "crafft",
            "display": "CRAFFT"
          }
        ]
      }
    ]
  }
}