{
  "resourceType": "ValueSet",
  "id": "shr-behavior-ReligiousRestrictionVS",
  "meta": {
    "profile": [
      "http://hl7.org/fhir/StructureDefinition/valueset-shareable-definition"
    ]
  },
  "text": {
    "status": "generated",
    "div": "<div xmlns=\"http://www.w3.org/1999/xhtml\">\n<p><b>SHR ReligiousRestrictionVS ValueSet</b></p>\n<p>Includes religious restrictions that could impact care, other than dietary restrictions (handled elsewhere).</p>\n</div>"
  },
  "url": "http://standardhealthrecord.org/shr/behavior/vs/ReligiousRestrictionVS",
  "identifier": [
    {
      "system": "http://standardhealthrecord.org",
      "value": "shr.behavior.ReligiousRestrictionVS"
    }
  ],
  "version": "0.0.1",
  "name": "SHR ReligiousRestrictionVS ValueSet",
  "title": "SHR ReligiousRestrictionVS ValueSet",
  "status": "draft",
  "date": "2017-05-09T18:19:21.851Z",
  "publisher": "The MITRE Corporation: Standard Health Record Collaborative",
  "contact": [
    {
      "telecom": [
        {
          "system": "url",
          "value": "http://www.standardhealthrecord.org"
        }
      ]
    }
  ],
  "description": "Includes religious restrictions that could impact care, other than dietary restrictions (handled elsewhere).",
  "compose": {
    "include": [
      {
        "system": "http://standardhealthrecord.org/shr/behavior/cs/ReligiousRestrictionCS",
        "concept": [
          {
            "code": "same_sex",
            "display": "Must have a medical provider of the same sex as the subject"
          },
          {
            "code": "no_transfusion",
            "display": "Cannot receive blood products"
          },
          {
            "code": "no_treatment",
            "display": "Cannot receive medical treatment"
          }
        ]
      }
    ]
  }
}