{
  "resourceType": "ValueSet",
  "id": "shr-skin-SupportSurfaceFeatureVS",
  "meta": {
    "profile": [
      "http://hl7.org/fhir/StructureDefinition/valueset-shareable-definition"
    ]
  },
  "text": {
    "status": "generated",
    "div": "<div xmlns=\"http://www.w3.org/1999/xhtml\">\n<p><b>SHR SupportSurfaceFeatureVS ValueSet</b></p>\n<p/>\n</div>"
  },
  "url": "http://standardhealthrecord.org/shr/skin/vs/SupportSurfaceFeatureVS",
  "identifier": [
    {
      "system": "http://standardhealthrecord.org",
      "value": "shr.skin.SupportSurfaceFeatureVS"
    }
  ],
  "version": "0.0.1",
  "name": "SHR SupportSurfaceFeatureVS ValueSet",
  "title": "SHR SupportSurfaceFeatureVS ValueSet",
  "status": "draft",
  "date": "2017-04-18T15:12:20.493Z",
  "publisher": "The MITRE Corporation: Standard Health Record Collaborative",
  "contact": [
    {
      "telecom": [
        {
          "system": "url",
          "value": "http://www.standardhealthrecord.org"
        }
      ]
    }
  ],
  "compose": {
    "include": [
      {
        "system": "http://standardhealthrecord.org/shr/skin/cs/SupportSurfaceFeatureCS",
        "concept": [
          {
            "code": "fluidized",
            "display": "Air fluidized"
          },
          {
            "code": "alternating",
            "display": "Alternating pressure"
          },
          {
            "code": "rotation",
            "display": "Lateral rotation"
          },
          {
            "code": "low_air_loss",
            "display": "Low air loss"
          },
          {
            "code": "envelopment",
            "display": "Envelopment"
          },
          {
            "code": "multi_zone",
            "display": "Multi-zone surface"
          },
          {
            "code": "redist",
            "display": "Pressure redistribution"
          }
        ]
      }
    ]
  }
}