{
  "resourceType": "ValueSet",
  "id": "shr-behavior-SubstanceOfAbuseVS",
  "meta": {
    "profile": [
      "http://hl7.org/fhir/StructureDefinition/valueset-shareable-definition"
    ]
  },
  "text": {
    "status": "generated",
    "div": "<div xmlns=\"http://www.w3.org/1999/xhtml\">\n<p><b>SHR SubstanceOfAbuseVS ValueSet</b></p>\n<p/>\n</div>"
  },
  "url": "http://standardhealthrecord.org/shr/behavior/vs/SubstanceOfAbuseVS",
  "identifier": [
    {
      "system": "http://standardhealthrecord.org",
      "value": "shr.behavior.SubstanceOfAbuseVS"
    }
  ],
  "version": "0.0.1",
  "name": "SHR SubstanceOfAbuseVS ValueSet",
  "title": "SHR SubstanceOfAbuseVS ValueSet",
  "status": "draft",
  "date": "2017-08-08T15:56:20.405Z",
  "publisher": "The MITRE Corporation: Standard Health Record Collaborative",
  "contact": [
    {
      "telecom": [
        {
          "system": "url",
          "value": "http://www.standardhealthrecord.org"
        }
      ]
    }
  ],
  "compose": {
    "include": [
      {
        "system": "http://snomed.info/sct",
        "filter": [
          {
            "property": "concept",
            "op": "is-a",
            "value": "312417001"
          }
        ]
      }
    ]
  }
}