{
  "resourceType": "ValueSet",
  "id": "shr-environment-IncomeSourceVS",
  "text": {
    "status": "generated",
    "div": "<div xmlns=\"http://www.w3.org/1999/xhtml\">\n<p><b>SHR IncomeSourceVS ValueSet</b></p>\n<p/>\n</div>"
  },
  "url": "http://standardhealthrecord.org/shr/environment/vs/IncomeSourceVS",
  "identifier": [
    {
      "system": "http://standardhealthrecord.org",
      "value": "shr.environment.IncomeSourceVS"
    }
  ],
  "version": "0.0.1",
  "name": "SHR IncomeSourceVS ValueSet",
  "title": "SHR IncomeSourceVS ValueSet",
  "status": "draft",
  "date": "2017-12-12",
  "publisher": "The MITRE Corporation: Standard Health Record Collaborative",
  "contact": [
    {
      "telecom": [
        {
          "system": "url",
          "value": "http://standardhealthrecord.org"
        }
      ]
    }
  ],
  "compose": {
    "include": [
      {
        "system": "http://standardhealthrecord.org/shr/environment/cs/IncomeSourceCS",
        "concept": [
          {
            "code": "earned",
            "display": "Earned Income (i.e., employment income)"
          },
          {
            "code": "unemployment",
            "display": "Unemployment Insurance"
          },
          {
            "code": "ssi",
            "display": "Supplemental Security Income (SSI)"
          },
          {
            "code": "ssdi",
            "display": "Social Security Disability Income (SSDI)"
          },
          {
            "code": "disability_va",
            "display": "Veteran’s disability payment"
          },
          {
            "code": "disability_private",
            "display": "Private disability insurance"
          },
          {
            "code": "disability_workers",
            "display": "Worker’s compensation"
          },
          {
            "code": "tanf",
            "display": "Temporary Assistance for Needy Families (TANF) or similar local program"
          },
          {
            "code": "ga",
            "display": "General Assistance (GA) or similar local program"
          },
          {
            "code": "ss",
            "display": "Retirement income from Social Security"
          },
          {
            "code": "savings",
            "display": "Savings"
          },
          {
            "code": "pension_va",
            "display": "Veteran’s pension"
          },
          {
            "code": "child_support",
            "display": "Child support"
          },
          {
            "code": "alimony",
            "display": "Alimony or other spousal support"
          }
        ]
      }
    ]
  }
}